object_id,flood_risk,wildfire_risk,lst_avg,percent_tree_cover,flood_risk_pcntl,wildfire_risk_pcntl,lst_avg_pcntl,percent_tree_cover_pcntl,climate_score,mean_ozone,avg_pm25,pesticide_mean_kg,trafficProx,mean_ozone_pcntl,avg_pm25_pcntl,pesticide_mean_kg_pcntl,trafficProx_pcntl,exposure_score,npl_prox,rmp_prox,haz_prox,npl_prox_pcntl,rmp_prox_pcntl,haz_prox_pcntl,effects_score,final_risk_score,final_risk_score_pcntl,name,full_address,total_female_detainment,total_male_detainment,total_detainment,total_non_criminal,phone_number,type_detailed,fy26_alos,last_updated
1,0,2.6341463414634148,37.00215929203543,3.4575129551331623,25.13368983957219,30.980392156862745,60.78431372549019,67.84313725490196,42.33115815496329,53.788,6.533333460489909,64.51976776123047,63.02524478037829,4.705882352941177,14.117647058823529,75.39682539682539,49.01960784313725,22.260328533774082,2.2834327197110635,2.666544538852147,1.3788856751044056,98.82352941176471,90.58823529411765,75.68627450980392,87.83139140334217,50.80762603069318,71.76470588235294,HALL COUNTY DEPARTMENT OF CORRECTIONS,"110 PUBLIC SAFETY DRIVE, GRAND ISLAND, NE 68801",0,13,13,7,308-385-5211,USMS IGA,11,2026-02-12
2,42.123294554033784,578.9767441860465,31.463568904593664,53.40559719969267,91.97860962566845,98.82352941176471,24.705882352941178,5.490196078431373,33.32221454377671,58.8495,7.655555407206218,11.008131980895996,44.06522156675863,43.92156862745098,39.21568627450981,21.428571428571427,42.745098039215684,35.440863896808594,0.03158519478190997,0.1239919154918018,0.075911947403093,49.80392156862745,24.705882352941178,23.92156862745098,30.875774093995403,33.21295084486024,18.43137254901961,HANCOCK COUNTY PUBLIC SAFETY COMPLEX,"8450 HIGHWAY 90, BAY ST. LOUIS, MS 39520",3,23,26,23,228-466-6900,IGSA,2,2026-02-12
3,0,3.116279069767442,29.1011669869742,4.085483786735574,25.13368983957219,32.15686274509804,11.372549019607844,65.88235294117646,27.89582504027586,61.965,7.575000127156576,33.55384826660156,0,68.62745098039215,35.294117647058826,52.38095238095239,30.58823529411765,44.384568540109,0.01540278715207154,0.5907116508409542,0.2450425140177779,26.27450980392157,58.82352941176471,42.35294117647059,40.3016745836489,37.52735605467792,29.01960784313726,HARDIN COUNTY JAIL,"1116 14TH AVENUE, ELDORA, IA 50627",1,42,43,21,641-939-8189,USMS IGA,24,2026-02-12
4,NA,1.6744186046511629,56.467185840708,1.0270259515531597,NA,24.705882352941178,99.6078431372549,83.92156862745098,59.109302238391095,66.199,7.133333285649617,1.8068480491638184,56.70351861517978,90.98039215686275,22.745098039215687,9.920634920634921,46.27450980392157,31.219736130948213,0.00445633292419861,2.286832255060337,3.7536563615409193,1.9607843137254901,87.05882352941177,88.62745098039215,24.732629527920217,38.35388929908651,30.58823529411765,HENDERSON DETENTION,"18 E BASIC ROAD, HENDERSON, NV 89015",19,72,91,61,702-267-5245,USMS IGA,25,2026-02-12
5,23.85177074025378,24.302325581395348,38.51000000000005,10.237546208457951,78.6096256684492,54.11764705882353,68.23529411764706,46.27450980392157,60.539855806973584,65.28,8.78333330154419,170.5975341796875,0,86.66666666666667,78.03921568627452,98.80952380952381,30.58823529411765,67.2402863791411,6.309733085974944,8.267492699372797,7.186300396474755,99.6078431372549,99.6078431372549,94.11764705882352,97.74308551616512,75.17440923409328,99.2156862745098,HILLSBOROUGH COUNTY JAIL,"1201 NORTH ORIENT ROAD, TAMPA, FL 33619",0,4,4,3,813-247-8300,IGSA,1,2026-02-12
7,31.398141081092017,3.6341463414634143,30.388518518518545,5.813216552003196,85.02673796791443,34.90196078431372,17.647058823529413,60.3921568627451,42.1710635906252,59.7135,8.100000023841858,20.220598220825195,0,52.94117647058824,56.86274509803921,30.158730158730158,30.58823529411765,40.82227658747093,0.01390036747168487,0.7705991079595662,0.28506552026479437,20,64.31372549019608,45.09803921568628,38.71064798026953,40.56799605278855,38.82352941176471,HOPKINS COUNTY JAIL,"2250 LAFOON TRAIL, MADISONVILLE, KY 42431",2,164,166,131,270-821-6704,USMS IGA,62,2026-02-12
8,8.344687765319012,41.61904761904762,37.3831418312388,30.144656493763762,52.94117647058824,64.70588235294117,62.35294117647059,18.43137254901961,44.54387483977808,65.1105,10.1833332379659,0.19468748569488523,33.34908089456077,85.49019607843137,94.11764705882352,5.952380952380952,39.21568627450981,37.01983494304815,0.05978041090780527,0.6623396177684635,1.0249381693627304,67.05882352941175,61.568627450980394,67.45098039215686,65.30321397762417,48.95564125348346,64.70588235294117,HOUSTON CONTRACT DETENTION FACILITY,"15850 EXPORT PLAZA DRIVE, HOUSTON, TX 77032",290,595,885,683,281-449-1481,CDF,42,2026-02-12
9,9.5690203995163845,69.69767441860465,33.85314487632512,19.35721700292973,55.61497326203209,74.11764705882354,41.96078431372549,29.01960784313726,47.33279205321927,62.991,8.400000042385527,22.39350128173828,0,74.90196078431373,67.05882352941175,34.92063492063492,30.58823529411765,48.12784518899597,0.01761218925105063,0.6530834657837365,0.17649818981342458,30.19607843137255,60.78431372549019,37.64705882352941,41.03530871409665,45.49864865210397,53.333333333333336,IAH SECURE ADULT DETENTION FACILITY (POLK),"3400 FM 350 SOUTH, LIVINGSTON, TX 77351",0,875,875,629,936-967-8000,DIGSA,67,2026-02-12
10,0,2.142857142857143,52.39904424778763,0.01740774747161001,25.13368983957219,28.235294117647058,95.29411764705881,96.07843137254902,50.48764821480322,67.781,13.216666618982952,69.55924987792969,0,94.50980392156862,99.6078431372549,78.96825396825396,30.58823529411765,69.05487429876915,0.03806621573073917,0.14301825348569838,1.8025788882516105,54.90196078431373,27.84313725490196,78.82352941176471,49.391699152915265,56.31140722216254,85.09803921568627,IMPERIAL REGIONAL DETENTION FACILITY,"1572 GATEWAY, CALEXICO, CA 92231",56,618,674,579,760-618-7200,CDF,67,2026-02-12
11,25.58667396591478,256.6666666666667,32.900881834215184,29.95327521849966,79.67914438502673,94.11764705882352,38.03921568627451,19.215686274509807,48.38667662000971,57.462500000000006,8.066666603088379,154.94845581054688,0,26.27450980392157,55.68627450980392,98.4126984126984,30.58823529411765,45.8112442075387,0.03445209450869766,0.06723694779634513,0.19404013300836803,53.333333333333336,15.294117647058824,39.21568627450981,31.743951823600465,41.98062421704962,41.96078431372549,IRWIN COUNTY DETENTION CENTER,"132 COTTON DRIVE, OCILLA, GA 31772",13,117,130,102,229-468-4121,USMS IGA,14,2026-02-12
12,0,118.48837209302326,32.86321554770323,57.544286686344066,25.13368983957219,86.27450980392157,37.254901960784316,3.5294117647058822,23.107668384934225,59.283,8.733333269755045,25.831457138061523,0,47.45098039215686,77.64705882352942,42.06349206349206,30.58823529411765,46.661370094025806,0.0294965799373396,0.04884647607535418,0.03437713924634881,48.23529411764706,9.411764705882353,9.411764705882353,16.226904660624612,28.66531437986155,10.196078431372548,JACKSON PARISH CORRECTIONAL CENTER,"327 INDUSTRIAL DRIVE, JONESBORO, LA 71251",0,1204,1204,1051,318-259-4742,IGSA,42,2026-02-12
13,0,1.6888888888888889,36.90458553791889,2.731374943536361,25.13368983957219,25.098039215686274,60,72.15686274509804,40.65193612144433,58.15899999999999,6.522222148047553,134.7914581298828,306.13038288850873,35.294117647058826,13.725490196078432,94.84126984126983,83.52941176470588,44.26054364819586,0.0572726683722494,0.10997869255492342,0.04109092623272285,65.09803921568627,22.35294117647059,12.941176470588237,26.604725402357722,37.17240172399931,26.666666666666668,JEFFERSON COUNTY JAIL,"219 EAST FREMONT AVENUE, RIGBY, ID 83442",0,6,6,5,208-745-6574,IGSA,5,2026-02-12
14,22.589184291278467,103,38.58820945945949,36.81952284521667,75.93582887700535,83.13725490196079,68.62745098039215,14.901960784313726,50.40758901248129,65.0115,9.299999872843424,22.617462158203125,55.52358885846022,84.70588235294117,84.70588235294117,36.11111111111111,45.88235294117647,58.71896859847609,4.528585914802274,0.9731912303351924,1.1209382873614435,99.2156862745098,67.84313725490196,70.19607843137254,77.88725018777244,62.337935932909936,94.50980392156862,JOE CORLEY PROCESSING CTR,"500 HILBIG RD, CONROE, TX 77301",0,949,949,799,936-521-4000,IGSA,48,2026-02-12
15,14.589526133228112,1.5476190476190477,28.203897111737845,6.214382960184606,65.77540106951871,23.52941176470588,7.8431372549019605,60,29.21318507550841,60.104,7.122222158643933,114.75405883789064,86.22287688628825,57.25490196078431,22.35294117647059,90.47619047619048,56.07843137254902,50.48000374550339,0.01292685532305667,0.5426699714826416,0.7773820827969462,18.03921568627451,56.470588235294116,63.13725490196078,40.06592922294159,39.919706014651126,34.11764705882353,KANDIYOHI COUNTY JAIL,"2201 23RD ST NE, WILLMAR, MN 56201",8,104,112,75,320-214-6700,IGSA,33,2026-02-12
16,0,18.977272727272727,33.540317460317496,15.960316982418252,25.13368983957219,50.588235294117645,40,33.33333333333333,36.08370548622126,59.884,7.325000007947286,27.216215133666992,24.56328008774718,55.294117647058826,25.49019607843137,44.44444444444444,36.07843137254902,38.77299144239741,0.05771848724710104,0.5902146085566213,2.001719549224849,65.88235294117646,58.43137254901961,81.17647058823529,67.8601973153347,47.57229808131779,61.1764705882353,KANSAS CITY HOLDROOM,"9747 NW CONANT AVENUE, KANSAS CITY, MO 64153",0,0,0,0,800-375-5283,CDF,0,2026-02-02
17,NA,31.348837209302324,43.54368421052636,2.1339766691147584,NA,59.21568627450981,83.52941176470588,76.07843137254902,72.19590749221206,60.3795,8.377777947319878,52.81678771972656,27.403309699896685,60,66.66666666666666,68.65079365079364,38.03921568627451,56.850498457631936,0.01227869220407781,0.10169146091636072,0.518555744584825,15.686274509803921,20.392156862745097,52.54901960784314,25.616268340722197,51.554224763522065,74.11764705882354,KARNES COUNTY CORRECTIONAL CENTER,"810 COMMERCE STREET, KARNES CITY, TX 78118",0,2,2,0,210-283-4750,USMS IGA,3,2026-02-12
18,4.717559855347556,34.15909090909091,43.85261022927692,1.603287002403652,47.05882352941176,61.1764705882353,85.09803921568627,80.7843137254902,66.69879981089761,60.3795,8.3666668732961,52.81679153442383,23.190053627060266,60,66.27450980392156,69.04761904761905,35.68627450980392,55.94830367739719,0.01225751339940478,0.10326614164788898,0.5668519582165642,15.294117647058824,20.784313725490197,56.07843137254902,26.122735771013748,49.58994641976952,67.45098039215686,KARNES COUNTY IMMIGRATION PROCESSING CENTER,"409 FM 1144, KARNES CITY, TX 78118",368,837,1205,1136,830-254-2500,DIGSA,49,2026-02-12
19,12.75531110217671,38.04761904761905,36.00538732394369,2.2706052996829653,63.101604278074866,63.13725490196078,55.294117647058826,74.50980392156863,63.650909303992215,60.613,7.96666685740153,44.74252700805664,0,60.3921568627451,52.94117647058824,63.49206349206349,30.58823529411765,49.91855418169354,0.02342136677046655,0.15015654958438002,0.06043752352092944,41.96078431372549,28.235294117647058,20,28.722482244283857,47.43064857665654,60,KAY CO JUSTICE FACILITY,"1101 WEST DRY ROAD, NEWKIRK, OK 74647",0,158,158,103,580-362-3393,IGSA,23,2026-02-12
20,12.737571773242244,0.5813953488372093,31.53120171673822,37.39357041413398,62.56684491978609,16.862745098039216,25.49019607843137,13.725490196078432,24.648664447072218,65.196,7.849999984105427,17.418106079101563,0,86.27450980392157,50.19607843137255,26.190476190476193,30.58823529411765,43.1581208371805,0.03676095561026867,0.8772989064910938,0.19905376914204165,54.11764705882353,66.66666666666666,39.6078431372549,52.28088694242276,40.02922407555849,34.90196078431372,KENTON COUNTY JAIL,"3000 DECKER CRANE LANE, COVINGTON, KY 41017",0,113,113,78,859-363-2400,USMS IGA,40,2026-02-12
21,40.85273766987853,0,35.411167883211704,4.992419594530112,90.9090909090909,6.2745098039215685,50.98039215686274,63.52941176470588,36.867295570543575,65.953,9.933333317438764,2.559494972229004,294.0596575052699,89.01960784313725,91.37254901960785,11.904761904761903,83.13725490196079,53.26653575987505,0.05728224494833595,1.3798362719242891,1.4191425524845895,65.49019607843137,75.29411764705883,76.47058823529412,72.24546487785545,54.126432069424695,80,KENTON COUNTY JAIL,"303 COURT STREET, COVINGTON, KY 41011",0,0,0,0,859-363-2400,IGSA,NA,2025-07-17
22,0,45.95348837209303,31.41118251928025,29.98876386610319,25.13368983957219,68.23529411764706,23.92156862745098,18.823529411764707,29.64415037899703,59.941,8.666666507720947,13.71120834350586,0,55.68627450980392,75.68627450980392,22.61904761904762,30.58823529411765,41.323634098749096,0.04980687526820644,0.11604745327931806,0.0994974245951719,61.96078431372549,22.745098039215687,28.235294117647058,34.14016993773027,35.0359848051588,22.35294117647059,KNOX COUNTY DETENTION FACILITY,"5001 MALONEYVILLE RD, KNOXVILLE, TN 37918",7,27,34,27,865-281-6700,USMS IGA,4,2026-02-12
23,76.39813274014038,10370.348837209302,32.36528268551238,2.8067027928683386,96.79144385026738,99.6078431372549,32.549019607843135,71.76470588235294,68.88819910330314,55.930499999999995,5.766666730244954,191.5753631591797,0,13.725490196078432,5.88235294117647,100,30.58823529411765,22.292477716710764,0.052161794296631,0.05986987983348444,0.08491055420985574,62.35294117647059,11.76470588235294,25.882352941176475,26.677630790072897,39.2861025366956,32.549019607843135,KROME NORTH SERVICE PROCESSING CENTER,"18201 SW 12TH ST, MIAMI, FL 33194",0,858,858,482,305-207-2100,SPC,23,2026-02-12
24,0,9.69047619047619,55.50389770723106,0.1015132006970004,25.13368983957219,43.92156862745098,98.0392156862745,92.54901960784314,56.25698279056278,58.916,10.53333330154419,152.10513305664065,38.214079761920424,44.31372549019608,96.07843137254902,98.01587301587301,41.17647058823529,64.38392140101617,0.00602249736577584,0.06780179007257892,0.4504388825342323,5.88235294117647,15.686274509803921,51.37254901960784,16.7983774317605,45.81309387444648,55.68627450980392,LA PAZ COUNTY ADULT DETENTION FACILITY,"1109 ARIZONA AVE., PARKER, AZ 85344",0,1,1,0,928-669-6141,USMS IGA,2,2026-02-12
25,NA,19.34090909090909,45.587530592863956,8.359739980206978,NA,51.37254901960784,88.23529411764706,53.72549019607843,62.44791553722028,58.611,6.0500000317891445,1.527361512184143,0,41.96078431372549,7.8431372549019605,9.523809523809524,30.58823529411765,17.59643274407125,0.00601651762689352,0.09617925094439415,0.02028487165579323,5.490196078431373,19.607843137254903,1.9607843137254901,5.954096023285613,28.666148101525714,10.588235294117647,LA SALLE COUNTY REGIONAL DETENTION CENTER,"832 EAST TEXAS STATE HIGHWAY 44, ENCINAL, TX 78019",1,253,254,235,956-948-5193,USMS IGA,42,2026-02-12
26,4.092082650679064,0.02222222222222222,40.869717314487666,10.76981553915297,45.45454545454545,6.666666666666667,76.86274509803923,44.70588235294118,31.944173462383386,60.193,8.599999904632568,13.86583137512207,191.32094683365904,58.43137254901961,72.94117647058823,23.015873015873016,71.76470588235294,51.509733561379036,0.01886358989969872,1.9391146038991145,3.888553714534689,34.509803921568626,80.3921568627451,89.41176470588236,62.83239482816845,48.76210061731029,64.31372549019608,LAFAYETTE PARISH CORRECTIONAL CENTER,"916 LAFAYETTE STREET, LAFAYETTE, LA 70501",0,1,1,1,337-236-5400,IGSA,3,2026-02-12
27,NA,47.69047619047619,34.43000000000001,16.00710964960722,NA,69.41176470588235,44.70588235294118,32.549019607843135,46.57060603908441,62.549,8.211111121707495,41.5683479309082,71.83392178635822,71.37254901960785,61.96078431372549,60.71428571428571,52.94117647058824,61.40208917496131,0.06843116477166926,0.1948167816056445,0.1098320452884538,68.62745098039215,34.11764705882353,29.80392156862745,41.17024493489151,49.71431338297908,68.23529411764706,LAKE COUNTY JAIL,"551 W. MAIN ST., TAVARES, FL 32778",0,1,1,1,352-742-4000,IGSA,1,2026-02-12
28,NA,1.255813953488372,38.94485008818344,5.576092745539141,NA,21.176470588235293,70.19607843137254,61.96078431372549,45.16074650212303,59.477,5.450000047683716,3.241262435913086,191.36655470072355,50.19607843137255,3.5294117647058822,13.095238095238097,72.15686274509804,20.227433868812824,0.4937810676368384,0.4236168667075544,1.104279728775512,94.50980392156862,50.19607843137255,69.80392156862744,69.18450283439381,44.857561068443225,49.80392156862745,LARAMIE COUNTY JAIL,"1910 PIONEER AVENUE, CHEYENNE, WY 82001",0,5,5,4,307-633-4700,USMS IGA,2,2026-02-12
29,48.42799206780426,2.6818181818181817,45.850571428571484,3.808342729581667,95.18716577540107,31.372549019607842,89.41176470588236,67.05882352941175,65.04961038763149,57.22,9.724999904632568,36.961334228515625,655.6504951841127,24.313725490196077,88.23529411764706,57.14285714285714,92.54901960784314,58.037260587574046,0.00514191139272187,0.2568936225371841,0.05990096273940675,3.5294117647058822,39.21568627450981,19.607843137254903,13.948601194078675,45.67849072309474,54.90196078431373,LAREDO PROCESSING CENTER,"4702 EAST SAUNDERS STREET, LAREDO, TX 78041",365,2,367,349,956-727-4118,DIGSA,49,2026-02-12
30,NA,152.61904761904762,30.204946996466475,14.563063580201304,NA,88.23529411764706,15.686274509803921,35.294117647058826,36.55567654063363,58.084,8.100000063578287,14.470402717590332,0,32.94117647058823,57.25490196078431,23.41269841269841,30.58823529411765,34.090974711067105,0.01524457177636164,0.12341974830053772,0.03377777343428063,25.098039215686274,23.92156862745098,8.627450980392156,17.302305775790483,29.31631900916374,12.156862745098039,LAUREL COUNTY CORRECTIONAL CENTER,"440 HAMMOCK ROAD, LONDON, KY 40744",0,1,1,0,606-878-9431,USMS IGA,2,2026-02-12
31,NA,50.42857142857143,32.320017636684334,22.563576988478783,NA,69.80392156862744,31.76470588235294,25.49019607843137,38.376551399921624,58.088,8.044444349077013,10.561079025268556,232.4679983987488,33.72549019607843,54.90196078431373,21.03174603174603,77.64705882352942,41.700053885359765,0.01432123820478397,0.6447858457148751,0.02722982354953712,21.176470588235293,60.3921568627451,5.88235294117647,19.594238929397953,33.223614738226445,18.823529411764707,LAUREL COUNTY SHERIFFS JAIL,"203 SOUTH BROAD ST., LONDON, KY 40741",0,0,0,0,606-878-9431,USMS IGA,NA,2025-07-17
32,NA,171.26190476190476,28.805731922398618,29.24907885793137,NA,90.19607843137256,9.411764705882353,19.607843137254903,25.532666947162486,59.015,7.750000158945719,2.551724433898926,122.97436197229196,44.70588235294118,43.92156862745098,11.507936507936508,62.745098039215684,34.50682037296697,0.20847404959059884,0.3412878496353343,0.07475416324717077,88.23529411764706,47.84313725490196,23.137254901960784,46.05300141006413,35.36416291006453,23.137254901960784,LAWRENCE COUNTY,"80 SHERMAN STREET, DEADWOOD, SD 57732",0,9,9,8,605-578-9748,USMS IGA,35,2026-02-12
33,1.6316555926564336,21.636363636363637,32.82781305114641,15.18522019402386,34.75935828877005,52.94117647058824,36.470588235294116,34.509803921568626,39.011050880297475,58.6255,7.575000047683716,24.553184509277344,44.25484823155865,42.35294117647059,34.90196078431372,39.285714285714285,43.13725490196079,39.783697126548326,0.029034677828091,0.496294506380176,0.2801129091881679,47.45098039215686,54.509803921568626,44.70588235294118,48.718603045581325,42.504450350809044,43.92156862745098,LEAVENWORTH US PENITENTIARY,"1300 METROPOLITAN AVE., LEAVENWORTH, KS 66048",0,60,60,18,	913-682-8700,BOP,96,2026-02-12
34,23.085666378049034,8.311111111111112,32.52356012995948,18.807768868883308,76.47058823529412,40.78431372549019,33.72549019607843,29.80392156862745,42.07797372684483,56.907,9.024999936421713,32.29033660888672,52.47172807449286,18.823529411764707,82.35294117647058,51.19047619047619,45.09803921568628,43.49424036078176,0.04550312172937231,0.1941673605169708,0.8129785432576377,61.1764705882353,33.72549019607843,63.921568627450974,50.90143635259425,45.49121681340695,52.94117647058824,LEWISBURG US PENITENTIARY,"P.O. BOX 1000, LEWISBURG, PA 17837",0,12,12,4,570-523-1251,BOP,2,2026-02-12
35,NA,235.7674418604651,36.5803703703704,27.3128702465125,NA,93.33333333333333,59.21568627450981,21.176470588235293,48.91503563966938,60.1885,7.7249999443689985,60.87853240966797,0,58.03921568627452,42.745098039215684,72.61904761904762,30.58823529411765,48.451051414475806,0.05409528629711519,0.4913223898244432,0.4105759380087885,63.13725490196078,53.333333333333336,49.411764705882355,55.00112796006503,50.789071671403406,71.37254901960785,LEXINGTON COUNTY JAIL,"521 GIBSON ROAD, LEXINGTON, SC 29072",1,4,5,4,803-785-2743,USMS IGA,2,2026-02-12
36,NA,93.45454545454544,36.04278104960087,14.493279237960852,NA,80,56.470588235294116,35.68627450980392,54.425760160448796,61.693,8.1833332379659,35.84241485595703,0,66.27450980392156,60.3921568627451,54.761904761904766,30.58823529411765,50.885026861862535,0.00971203280611933,0.10509437311050092,0.3003318803737003,9.411764705882353,21.568627450980394,45.88235294117647,21.04003302762653,42.116940016645955,42.745098039215684,LIMESTONE COUNTY DETENTION CENTER,"910 NORTH TYUS STREET, GROESBECK, TX 76642",0,256,256,216,254-729-2674,USMS IGA,40,2026-02-12
37,27.92662030954347,5.790697674418604,35.481042402826894,1.143429651879148,81.81818181818183,38.43137254901961,51.76470588235295,83.13725490196079,60.65146391737177,56.0975,6.458333373069763,43.776702880859375,332.9766185041847,15.294117647058824,12.549019607843137,62.301587301587304,86.27450980392157,31.86977219308794,0.01252088180784793,0.5766344888526627,0.13474665220545676,16.862745098039216,58.03921568627452,34.11764705882353,32.20151421860076,41.57425010968682,41.17647058823529,LINCOLN COUNTY JAIL,"3020 N JEFFERS, NORTH PLATTE, NE 69101",3,25,28,9,308-535-9599,USMS IGA,33,2026-02-12
38,39.9330238509745,0.3863636363636363,35.701399737294906,1.8807978300041217,89.83957219251337,13.725490196078432,54.11764705882353,78.43137254901961,47.83062602049421,59.400499999999994,9.450000127156574,24.271167755126953,332.5573408047233,49.01960784313725,85.88235294117646,38.88888888888889,85.88235294117646,61.23515325116681,0.01266141489026852,3.388370982705405,0.7860746135731929,17.254901960784313,94.50980392156862,63.52941176470588,46.96648560144676,52.010754957702595,75.68627450980392,LINN COUNTY JAIL,"53 3RD AVENUE BRIDGE, CEDAR RAPIDS, IA 52401",4,35,39,22,319-892-6300,USMS IGA,22,2026-02-12
39,26.018210594867508,1.0476190476190477,38.30388007054677,10.891075791702146,80.74866310160428,19.607843137254903,67.84313725490196,44.31372549019608,46.70919016094708,65.652,7.416666746139526,45.08974838256836,108.4599477521804,88.23529411764706,27.450980392156865,63.888888888888886,59.6078431372549,55.11023145517855,0.020046177383415,1.1993572476312246,0.16675309594616963,37.254901960784316,70.19607843137254,36.07843137254902,45.52479240857226,49.11473800823263,65.88235294117646,LOGAN COUNTY JAIL,"216 S BROAD ST, GUTHRIE, OK 73044",0,5,5,4,405-282-4100,USMS IGA,2,2026-02-12
40,100.00000000000438,3.3181818181818183,34.40173451327438,0.02615860196084234,100,33.72549019607843,44.31372549019608,95.68627450980392,61.49453826589014,62.057500000000005,7.811111026340061,17.00965690612793,0,69.41176470588235,47.05882352941176,25.396825396825395,30.58823529411765,39.91186314334222,0.01890281409344289,0.03362388603024705,0.08096390588112799,35.294117647058826,2.3529411764705883,25.49019607843137,12.839916271307128,38.08210589351316,29.80392156862745,LOUISIANA ICE PROCESSING,"18198 TUNICA TRACE BLDG E, ANGOLA, LA 70712",0,180,180,19,225-655-9013,IGSA,53,2026-02-12
41,2.7789257944034413,2.238095238095238,45.49373897707234,1.012403806230341,41.17647058823529,29.411764705882355,87.84313725490196,84.31372549019608,54.7260470820416,61.9275,6.8666666348775225,87.97716522216797,138.30361303162843,68.23529411764706,20,84.12698412698413,67.45098039215686,52.752210468667755,0.01628694817116663,1.6130498544605325,0.5483472664874665,27.058823529411764,78.43137254901961,54.509803921568626,48.7256657599519,52.067974436887084,76.07843137254902,LUBBOCK COUNTY DETENTION CENTER,"811 MAIN STREET, LUBBOCK, TX 79401",0,0,0,0,806-775-7009,USMS IGA,1,2026-02-02
42,91.88824831769054,65.66666666666667,32.49382300884959,43.36762574211914,98.3957219251337,72.54901960784314,33.33333333333333,9.411764705882353,38.684714207324134,57.25,8.166666666666666,16.300518035888672,820.1924440829271,24.705882352941178,59.21568627450981,25,94.90196078431372,43.163145131572485,0.27557695261253573,1.3516116889344016,0.2723225523447207,91.37254901960785,73.72549019607844,43.92156862745098,66.63520690387683,49.49435541425782,67.05882352941175,MADISON COUNTY JAIL,"2935 HIGHWAY 51, CANTON, MS 39046",2,7,9,8,601-855-0739,USMS IGA,2,2026-02-12
43,14.2468916255187,0.23809523809523808,34.82906603131384,8.66836286250933,65.24064171122996,11.76470588235294,47.84313725490196,52.54901960784314,37.270986817724854,62.132,10.011111047532822,6.488132953643799,203.39176919289537,70.19607843137254,92.54901960784314,18.253968253968253,72.94117647058823,54.231757875264144,0.06245286842920339,1.26745457752555,2.5312749437236155,67.45098039215686,72.15686274509804,85.49019607843137,74.6553164573588,55.386020383449264,83.52941176470588,MAHONING COUNTY JAIL,"110 FIFTH AVENUE, YOUNGSTOWN, OH 44503",34,56,90,76,330-480-5000,USMS IGA,17,2026-02-12
44,10.897204429303136,0,38.02614840989403,10.656556924523978,58.82352941176471,6.2745098039215685,66.66666666666666,45.490196078431374,32.52665158188367,61.702,10.583333174387615,0.1276640146970749,79.72428987084311,66.66666666666666,96.47058823529412,4.761904761904762,54.11764705882353,35.88027968686615,0.1095734453543159,6.298621963055493,2.6653762273320702,76.47058823529412,98.4313725490196,85.88235294117646,86.46572131327336,51.62421752734106,74.90196078431373,MARION COUNTY JAIL,"695 JUSTICE WAY, INDIANAPOLIS, IN 46203",0,0,0,0,317-327-1700,USMS IGA,31,2026-02-02
45,0,0,40.01438162544172,1.294637187422967,25.13368983957219,6.2745098039215685,75.29411764705883,82.74509803921568,31.483633213185286,61.3905,10.733333269755043,0.12812240421772003,833.623226338361,63.921568627450974,97.25490196078431,5.158730158730158,95.29411764705881,41.81113502379973,0.16832803072781582,5.139425860402005,5.861105363218917,84.31372549019608,97.25490196078431,92.94117647058823,91.3424483907426,54.87907220924254,82.35294117647058,MARION COUNTY JAIL,"40 SOUTH ALABAMA STREET, INDIANAPOLIS, IN 46204",0,0,0,0,317-327-1624,USMS IGA,NA,2025-07-17
46,0.36010852476164423,29.73913043478261,36.4646358792185,8.121697352414538,27.807486631016044,58.03921568627452,58.03921568627452,54.11764705882353,47.44996847738133,55.248000000000005,7.644444465637207,0.07481284439563751,134.98170460746462,10.196078431372548,38.43137254901961,3.968253968253968,65.49019607843137,17.863794051226904,0.16633781537064823,0.5143143788460642,1.3031020199548946,83.52941176470588,55.294117647058826,74.11764705882354,69.95412461380224,45.089295714136824,51.37254901960784,MARTIN COUNTY JAIL,"800 SOUTHEAST MONTEREY ROAD, STUART, FL 34994",3,3,6,4,772-220-7200,USMS IGA,2,2026-02-12
47,4.691458813118359,4.880952380952381,36.01109540636045,0.1800781471847704,46.524064171122994,36.86274509803922,55.68627450980392,90.98039215686275,54.29256024301291,53.497,6.258333404858907,45.98380279541016,22.158417519803347,4.313725490196078,10.196078431372548,64.68253968253968,34.11764705882353,17.65074139380284,0.01011447699311062,0.4866646043025784,0.4393430926123702,11.372549019607844,52.94117647058824,50.98039215686274,31.310129157716602,34.417810264844114,20.784313725490197,MCCOOK DETENTION CENTER,"2309 N HIGHWAY 83, MCCOOK, NE 69001",0,86,86,45,308-345-8405,DIGSA,26,2026-02-12
48,23.16380244019963,133.33333333333334,37.44664304105484,17.336402640264023,77.54010695187165,87.05882352941177,63.13725490196078,31.76470588235294,60.65860675483559,63.9315,8.825000007947287,53.76045227050781,178.61097704518272,80.3921568627451,79.2156862745098,70.23809523809523,71.37254901960785,75.16786250375773,0.01537809614230831,0.26490374861038896,0.6907004374297785,25.49019607843137,40.3921568627451,60,39.53124482036589,58.45257135965307,89.80392156862746,MCLENNAN COUNTY JAIL,"3201 MARLIN HWY, WACO, TX 76705",0,0,0,0,254-757-2555,USMS IGA,NA,2025-07-07
49,0,0,51.78183745583043,0.2935472279961247,25.13368983957219,6.2745098039215685,94.50980392156862,88.62745098039215,33.901607667562054,72.247,15.524999936421713,149.94065856933594,470.0165433685534,98.82352941176471,100,97.61904761904762,89.01960784313725,96.2653847316408,0.03884590324276083,1.3393641061639774,12.160392897697818,55.68627450980392,72.94117647058823,97.25490196078431,73.37432900150091,67.84710713356792,97.25490196078431,MESA VERDE ICE PROCESSING CENTER,"425 GOLDEN STATE AVE, BAKERSFIELD, CA 93301",0,376,376,292,661-859-1028,CDF,47,2026-02-12
50,0,0.02325581395348837,30.135557522123925,0.3125210819872094,25.13368983957219,7.450980392156863,15.294117647058824,88.23529411764706,22.42121323651592,61.8465,8.166666746139526,46.36646270751953,72.58950215121946,67.45098039215686,59.6078431372549,65.07936507936508,53.333333333333336,61.120011502060564,0.05398534593404728,0.21345563856330088,0.7131144985617208,62.745098039215684,36.470588235294116,60.78431372549019,51.81291534981442,45.1180466961303,52.156862745098046,MIAMI CORRECTIONAL CENTER,"3038 WEST 850 SOUTH P.O. BOX 900, BUNKERHILL, IN 46914",0,424,424,157,308-345-8405,IGSA,34,2026-02-12
51,45.33782355609658,0,37.5847609037683,2.1937875064231607,94.11764705882352,6.2745098039215685,64.31372549019608,74.90196078431373,41.06879207613766,56.252,7.388888941870795,NA,271.91987627699496,16.07843137254902,27.058823529411764,NA,80.3921568627451,32.703087453236584,0.16331942441532535,0.18141101834528583,6.125294600584725,82.74509803921568,31.76470588235294,93.33333333333333,62.60004277648964,45.45730743528796,52.54901960784314,MIAMI FEDERAL DETENTION,"33 NE 4 STREET, MIAMI, FL 33132",0,460,460,238,305-577-0010,BOP,57,2026-02-12
52,36.26369203391888,4.044444444444444,39.31157631032097,2.6405756277768107,88.77005347593582,35.68627450980392,72.94117647058823,72.94117647058823,64.07347895639434,56.35,7.858333428700765,NA,5903.58093383043,16.862745098039216,50.588235294117645,NA,99.2156862745098,43.90554595966749,0.16795305082715084,0.1979508927707846,5.7263613704257645,83.92156862745098,34.90196078431372,92.54901960784314,64.7189924041227,57.56600577339484,88.23529411764706,MIAMI STAGING FACILITY,"UNAVAILABLE, MIAMI, FL 33101",0,20,20,16,786-263-4100,STAGING,1,2026-02-12
53,NA,1.2608695652173914,49.970182149362515,0.4653213426991673,NA,21.568627450980394,92.54901960784314,87.05882352941177,55.80447694769834,63.0715,6.877777735392253,43.515419006347656,120.5611053055047,75.29411764705883,20.784313725490197,61.904761904761905,62.35294117647059,49.57576616761496,0.2525028201082708,0.31264216553690594,1.0678605130417418,90.19607843137256,45.490196078431374,69.01960784313725,65.66883583331214,57.01635964954181,87.45098039215686,MIDLAND COUNTY DETENTION CENTER,"400 S MAIN STREET, MIDLAND, TX 79701",0,0,0,0,432-688-4745,USMS IGA,NA,2025-07-07
54,0,113.13953488372093,30.34866727548897,54.22446315640935,25.13368983957219,85.49019607843137,16.862745098039216,5.098039215686274,20.731274537645604,56.5075,7.566666603088379,38.32868957519531,16.925421362953273,18.03921568627451,34.11764705882353,58.333333333333336,32.549019607843135,32.878565229752425,0.00925075621852588,0.09112942766449748,0.02639034964351469,8.627450980392156,18.823529411764707,5.098039215686274,9.389927586340205,20.99992245124608,3.1372549019607843,ADAMS COUNTY CORRECTIONAL CENTER,"20 HOBO FORK RD., NATCHEZ, MS 39120",0,2191,2191,2001,601-304-3003,DIGSA,37,2026-02-12
55,0,99.6818181818182,53.36805309734517,0,25.13368983957219,81.96078431372548,96.07843137254902,100,66.69942120182581,78.0295,9.84166669845581,1.2801828384399414,33.6827712409835,100,90.19607843137256,8.333333333333332,40,41.64056371643264,0.12340710624224838,0.12870319392685697,10.917582965423096,78.82352941176471,25.882352941176475,95.68627450980392,58.010030347625786,55.45000508862808,83.92156862745098,ADELANTO ICE PROCESSING CENTER,"10250 RANCHO ROAD, ADELANTO, CA 92301",259,1544,1803,1068,760-561-6100,CDF,47,2026-02-12
56,0.03221459344439974,45.88095238095238,36.040211267605656,20.31309224125579,26.203208556149733,67.84313725490196,56.07843137254902,28.627450980392155,41.10169509790757,60.6305,8.177777767181396,30.51892471313477,110.24537118867616,60.78431372549019,60,48.41269841269841,60,57.05100865535112,0.01763384983497603,0.5056734199547617,0.1335281383488271,30.980392156862745,54.90196078431373,33.72549019607843,38.56656970021607,45.57309115115825,53.72549019607843,ALAMANCE COUNTY DETENTION FACILITY,"109 SOUTH MAPLE STREET, GRAHAM, NC 27253",0,0,0,0,336-570-6317,IGSA,2,2025-11-20
57,NA,18.452380952380953,39.07208849557525,4.0586421755236515,NA,49.411764705882355,70.98039215686275,66.27450980392156,61.485365790850224,57.1115,8.450000047683716,39.48226547241211,0,23.137254901960784,69.01960784313725,59.92063492063492,30.58823529411765,41.36221491432663,0.01501603811394562,0.9198598965681556,3.184729764043129,23.92156862745098,67.05882352941175,87.45098039215686,51.96011325937726,51.60256465485137,74.50980392156863,ALEXANDRIA STAGING FACILI,"96 GEORGE THOMPSON DR., ALEXANDRIA, LA 71303",1,409,410,320,318-483-1600,STAGING,3,2026-02-12
58,NA,26.318181818181817,27.0534275618375,16.456048653060865,NA,55.68627450980392,3.9215686274509802,32.15686274509804,19.149637260743376,54.639,7.622222158643935,28.541156768798828,33.37134001337286,7.0588235294117645,36.86274509803922,46.42857142857143,39.6078431372549,26.300961651017328,0.08074129321683136,0.12388674534907362,1.9035566653438656,72.54901960784314,24.313725490196077,80,52.06241959257553,32.504339501445415,16.470588235294116,ALLEGANY COUNTY JAIL,"4884 STATE ROUTE 19, BELMONT, NY 14813",5,0,5,5,585-268-7612,USMS IGA,7,2026-02-12
59,0,157.6818181818182,32.35881625441698,28.657659093263153,25.13368983957219,89.01960784313725,32.15686274509804,20,34.63469750706078,56.5645,7.97777779897054,18.28104591369629,0,18.43137254901961,53.333333333333336,27.380952380952383,30.58823529411765,30.122418943755815,0.0222788579492858,0.03938488293580745,0.04022148573448284,40.3921568627451,6.666666666666667,12.156862745098039,14.84826692553105,26.53512779211588,7.0588235294117645,ALLEN PARISH PUBLIC SAFETY COMPLEX,"7340 HIGHWAY 26 WEST, OBERLIN, LA 70655",0,149,149,99,337-639-4353,IGSA,72,2026-02-12
61,23.142291582874723,411.2093023255814,31.36920819248363,52.481251451390406,77.00534759358288,98.0392156862745,23.52941176470588,5.88235294117647,31.972067087956816,58.565,7.611111217074924,2.815129518508911,0,39.6078431372549,36.470588235294116,12.698412698412698,30.58823529411765,27.36887558302369,0.01862267195363035,0.04558871246704629,0.04997447267417437,34.11764705882353,8.627450980392156,15.294117647058824,16.511834730755506,25.284259133912006,4.705882352941177,BAKER CORRECTIONAL INSTITUTION,"20706 US 90 W, SANDERSON, FL 32087",0,872,872,649,386-719-6300,STATE,18,2026-02-12
62,24.72567706407932,385.6,32.58455882352945,44.52119806068173,79.14438502673798,97.25490196078431,34.11764705882353,8.235294117647058,38.34841767978051,59.121,7.633333524068196,0.3381354808807373,26.023720653982757,45.88235294117647,38.03921568627451,6.746031746031746,36.86274509803922,25.667189809040142,0.03372903318915293,0.2667313028668634,0.07225140003142237,52.94117647058824,40.78431372549019,21.568627450980394,35.97795039452464,33.3311859611151,19.215686274509807,BAKER COUNTY SHERIFF DEPT.,"1 SHERIFF OFFICE DRIVE, MACCLENNY, FL 32063",105,181,286,183,541-523-6415,IGSA,45,2026-02-12
63,1.992711420581397,67.60975609756098,35.35172839506176,26.827371914672796,36.36363636363637,73.33333333333333,50.19607843137255,22.35294117647059,41.590419337324064,55.1035,8.577777597639297,51.77311325073242,113.64326542670312,9.411764705882353,72.15686274509804,67.85714285714286,60.78431372549019,40.910420910624815,0.03869078177906962,0.04107206757401247,2.117907385723746,55.294117647058826,7.450980392156863,81.96078431372548,32.32209379016623,38.27431134603837,30.19607843137255,BALDWIN COUNTY CORRECTIONAL CENTER,"200 HAND AVE., BAY MINETTE, AL 36507",1,17,18,16,251-937-0361,USMS IGA,3,2026-02-12
64,18.331495705997124,36.4390243902439,41.06525573192243,13.808654431640354,70.05347593582889,62.35294117647059,77.25490196078432,38.03921568627451,59.85646409323151,64.6485,8.64444457160102,59.57452392578125,107.09168107708405,83.92156862745098,74.90196078431373,71.82539682539682,58.43137254901961,71.66757761683543,0.4070844868245682,0.6832880833405932,0.7587991380461444,93.33333333333333,62.745098039215684,62.745098039215684,71.62513612400085,67.71639261135593,96.47058823529412,BELL COUNTY JAIL,"111 W. CENTRAL, BELTON, TX 76513",0,0,0,0,254-933-5400,USMS IGA,NA,2025-07-07
65,2.2566282545902285,32.81818181818182,24.08156682027652,62.88409219338281,37.4331550802139,60.3921568627451,0.39215686274509803,2.7450980392156863,7.02366296111203,52.295,4.549999972184499,3.9619133472442623,0,1.5686274509803921,2.3529411764705883,15.079365079365079,30.58823529411765,6.423431390595932,0.1643917773259311,0.16368150758150898,0.05220125165529835,83.13725490196079,30.19607843137255,16.470588235294116,34.579478958624904,16.008857770110957,0.7843137254901961,BERLIN FED. CORR. INST.,"1 SUCCESS LOOP DR., BERLIN, NH 03570",0,198,198,164,603-342-4000,BOP,58,2026-02-12
66,0,16.976190476190474,45.23593639575975,0.11605032943502828,25.13368983957219,48.23529411764706,87.05882352941177,92.15686274509804,55.845786872068054,59.312,5.855555587344699,93.4824447631836,0,48.627450980392155,6.666666666666667,87.6984126984127,30.58823529411765,30.537543611389363,0.00485740684822429,0.4441965455859859,0.03721609799291835,3.1372549019607843,51.37254901960784,10.980392156862745,12.09575340230379,32.82636129525373,17.254901960784313,BLUEBONNET DETENTION FACILITY,"400 2ND STREET, ANSON, TX 79501",131,895,1026,778,325-823-8031,DIGSA,21,2026-02-12
67,0.05858193681530102,0.5609756097560976,30.93026501766787,17.889106780298427,27.27272727272727,16.07843137254902,21.176470588235293,30.980392156862745,23.159446941537816,64.417,7.633333524068196,21.24887466430664,0,83.13725490196079,38.03921568627451,32.53968253968254,30.58823529411765,42.12100666983443,0.0316172742405629,0.3387136910231698,0.5783454065282343,50.19607843137255,47.05882352941176,57.25490196078431,51.33038362786373,38.87027907974532,31.76470588235294,BOONE COUNTY JAIL,"3020 CONRAD LANE, BURLINGTON, KY 41005",6,196,202,112,859-334-2100,USMS IGA,54,2026-02-12
68,NA,0.5952380952380952,32.18440917107587,21.880055364831744,NA,17.254901960784313,30.58823529411765,26.27450980392157,24.025209322077828,59.2165,7.583333174387613,108.92879486083984,288.73397905521455,46.27450980392157,35.68627450980392,89.28571428571429,81.96078431372548,58.96004148711664,0.0168185745678893,2.9553931814361016,1.065982600370975,29.01960784313726,92.15686274509804,68.62745098039215,56.82930739491784,46.6048527347041,57.647058823529406,BOURBON CO DET CENTER,"BOURBON CO COURTHOUSE, MAIN STREET, PARIS, KY 40361",0,0,0,0,859-987-2137,USMS IGA,3,2026-01-08
69,38.372349605239634,15.261904761904765,34.55587412587415,4.12283086819788,89.3048128342246,47.05882352941176,46.27450980392157,65.49019607843137,59.73907751028464,63.721,10.916666587193808,NA,2474.697927187189,78.03921568627452,97.6470588235294,NA,98.82352941176471,90.9796247011183,0.3509594874808022,0.3127893922871556,107.60954042620196,92.15686274509804,45.88235294117647,100,75.05698603794016,75.258562749781035,99.6078431372549,BROOKLYN MDC,"100 29TH STREET, BROOKLYN, NY 11232",0,113,113,89,718-840-4200,BOP,52,2026-02-12
70,9.069372828133131,44.07142857142857,42.01996466431099,3.2594644095828103,54.54545454545454,66.27450980392156,80,69.41176470588235,66.93558148856515,56.053,7.733333428700765,86.293365478515625,0,14.50980392156863,43.13725490196079,83.73015873015873,30.58823529411765,35.582593259340705,0.01149892213793987,0.24076897532891467,0.02565791862647949,14.117647058823529,38.43137254901961,4.313725490196078,13.27700870826657,38.598394485390806,31.372549019607842,BROOKS COUNTY DETENTION CENTER,"901 COUNTY ROAD 201, FALFURRIAS, TX 78355",0,0,0,0,281-449-1481,USMS IGA,6,2026-01-08
71,NA,85.06818181818181,28.104911660777415,27.21527225083931,NA,79.2156862745098,6.666666666666667,21.96078431372549,22.635456567778924,52.502,7.808333277702331,20.278709411621097,345.08583766097627,2.3529411764705883,46.666666666666664,30.952380952380953,87.45098039215686,23.3490464346316,0.12767910524272413,0.3627920482078229,24.0276800892712,79.6078431372549,48.627450980392155,98.4313725490196,72.49760078960365,39.49403459733806,33.33333333333333,BROOME COUNTY JAIL,"897 FRONT STREET, BINGHAMTON, NY 13905",0,47,47,44,607-778-1911,USMS IGA,51,2026-02-12
72,NA,85.06818181818181,28.104911660777415,27.21527225083931,NA,79.2156862745098,6.666666666666667,21.96078431372549,22.635456567778924,52.502,7.808333277702331,20.278709411621097,345.08583766097627,2.3529411764705883,46.666666666666664,30.952380952380953,87.45098039215686,23.3490464346316,0.12767910524272413,0.3627920482078229,24.0276800892712,79.6078431372549,48.627450980392155,98.4313725490196,72.49760078960365,39.49403459733806,33.33333333333333,BROOME COUNTY JAIL,"897 FRONT STREET, BINGHAMPTON, NY 13905",0,0,0,0,607-778-1911,USMS IGA,48,2025-12-22
73,87.72750171622316,0.5714285714285714,39.39238805970152,6.924381263968974,97.86096256684492,16.470588235294116,73.33333333333333,57.647058823529406,51.09157529515309,56.922,7.833333253860474,0,226.21586621131928,19.215686274509807,48.627450980392155,1.984126984126984,76.86274509803923,19.429234486625834,0.19003430578064676,0.7297770869592892,2.7106523059134227,86.27450980392157,63.52941176470588,86.27450980392157,77.90762137643186,49.476143719403595,66.66666666666666,BROWARD COUNTY JAIL,"555 SE 1ST AVENUE, FT.LAUDERDALE, FL 33301",1,2,3,3,954-831-5900,IGSA,1,2026-02-12
74,34.239794513628766,8.377777777777778,37.54887717598123,6.5260267417151345,87.16577540106952,41.568627450980394,63.921568627450974,59.6078431372549,60.95588324626815,56.265,7.8222222328186035,121.07545471191406,486.0291108554469,16.470588235294116,48.23529411764706,92.06349206349206,89.80392156862746,50.624902143680536,0.182677282006168,1.2038056681670513,0.7415999507871215,85.49019607843137,70.58823529411765,61.568627450980394,71.89014671635928,61.156977368769326,93.33333333333333,BROWARD TRANSITIONAL CENTER,"3900 NORTH POWERLINE ROAD, POMPANO BEACH, FL 33073",100,580,680,610,954-973-4485,CDF,21,2026-02-12
75,3.3547212195899108,18.738095238095237,26.37444003405202,35.04320598213985,42.780748663101605,50.19607843137255,1.9607843137254901,16.862745098039216,16.32371738572587,58.168,8.71666673819224,88.85070037841797,0,35.68627450980392,77.25490196078432,85.71428571428571,30.58823529411765,51.85118934754208,0.10857121772463464,1.3781949680189631,1.160660717442316,76.07843137254902,74.90196078431373,70.98039215686275,73.95446112872703,47.37645595399833,59.6078431372549,BROWN COUNTY JAIL,"3030 CURRY LN, GREEN BAY, WI 54311",0,0,0,0,920-448-4250,USMS IGA,NA,2025-07-07
76,NA,12.023809523809524,30.318198124396318,7.681321774822433,NA,45.88235294117647,16.07843137254902,56.07843137254902,34.585580665043665,59.8645,6.875000079472859,51.9562873840332,125.57613054631254,54.509803921568626,20.392156862745097,68.25396825396825,63.921568627450974,46.927592917293225,0.07255498600082601,0.15502758906935135,4.967519710299567,69.41176470588235,29.411764705882355,91.37254901960785,57.13777218829496,46.21698192354395,56.470588235294116,BUFFALO SERVICE PROCESSING CENTER,"4250 FEDERAL DRIVE, BATAVIA, NY 14020",0,745,745,621,585-344-6500,SPC,37,2026-02-12
77,3.939056786872589,0,34.05570422535213,7.978780953893086,44.919786096256686,6.2745098039215685,42.745098039215684,55.68627450980392,28.61956251818668,58.422,8.499999880790712,4.672182559967041,8301.501645180628,37.64705882352941,69.41176470588235,16.666666666666664,100,45.682853342515024,0.00289558608609397,0.6594813792524381,0.17952915523931592,0.7843137254901961,61.1764705882353,38.43137254901961,12.262717106601109,28.85504432243427,11.372549019607844,BURLEIGH COUNTY,"P.O. BOX 1416, BISMARCK, ND 58502",1,15,16,14,701-255-3113,USMS IGA,26,2026-02-12
78,0,72.72093023255815,39.14173387096778,12.94200321888168,25.13368983957219,74.90196078431373,72.15686274509804,39.6078431372549,48.161728876630534,61.8335,6.722222275204128,36.7839469909668,64.63543046702407,67.05882352941175,16.862745098039216,56.74603174603175,49.411764705882355,42.19757722201771,0.08681490547560486,0.02987272418280893,0.3747150411989991,74.11764705882354,1.5686274509803921,48.627450980392155,17.814527713390248,36.05794460401283,24.705882352941178,BURNET COUNTY JAIL,"JAIL ADMINISTRATOR, BURNET, TX 78611",0,0,0,0,512-715-8600,USMS IGA,NA,2025-07-07
79,1.7419936134909504,0,34.76098422190299,9.953494607164847,35.294117647058826,6.2745098039215685,47.05882352941176,47.45098039215686,26.51808123468534,62.593,9.18333339691162,20.384071350097656,59.74377109109605,72.54901960784314,83.92156862745098,31.349206349206348,47.84313725490196,54.97153135876697,0.41377522344057255,0.3391887037585521,1.8423071517625325,93.72549019607843,47.45098039215686,79.2156862745098,70.62709874766381,50.7055704470387,70.58823529411765,BUTLER COUNTY JAIL,"705 HANOVER STREET, HAMILTON, OH 45011",26,336,362,298,513-785-1345,USMS IGA,31,2026-02-12
80,16.331867882157876,1.380952380952381,32.898395061728415,11.775356848088808,67.9144385026738,22.745098039215687,37.64705882352941,42.745098039215684,39.706977010162404,58.435,8.866666634877523,21.943344116210938,140.16885760522626,38.03921568627451,79.6078431372549,34.523809523809526,67.84313725490196,51.606334310861094,0.17380581670248085,0.2703862570697619,0.6052008718017549,85.09803921568627,41.17647058823529,58.03921568627452,58.80714140428752,50.040150908437006,68.62745098039215,CALHOUN COUNTY CORRECTIONAL CENTER,"185 EAST MICHIGAN AVENUE, BATTLE CREEK, MI 49014",19,157,176,158,269-969-6643,IGSA,51,2026-02-12
81,NA,7.534883720930233,54.56226148409897,0.00318970379534951,NA,39.6078431372549,97.6470588235294,96.47058823529412,71.9910369102418,71.134,6.088888804117839,0.01607623137533664,0,98.4313725490196,8.627450980392156,3.1746031746031744,30.58823529411765,16.945913197388023,0.03755246575791488,0.1430161658453301,0.10467220584855834,54.509803921568626,27.450980392156865,29.411764705882355,35.30621710554763,41.414389071059155,40.3921568627451,CALIFORNIA CITY IMMIGRATION PROCESSING CENTER,"22844 VIRGINIA BOULEVARD, CALIFORNIA CITY, CA 93505",190,898,1088,793,760-246-7600,CDF,48,2026-02-12
82,NA,21.511111111111113,27.661201413427587,24.334881005653862,NA,52.54901960784314,5.490196078431373,24.313725490196077,19.142617759182677,61.535,7.683333237965902,24.78129005432129,123.84649375460197,65.09803921568627,40.78431372549019,39.682539682539684,63.13725490196078,50.785128459172974,0.03311119703342472,1.3112238636559712,0.0970580375222268,52.156862745098046,72.54901960784314,27.84313725490196,47.23026608049989,39.05267076628518,32.15686274509804,CAMBRIA COUNTY PRISON,"425 MANOR DRIVE, EBENSBURG, PA 15931",13,22,35,28,814-472-7330,USMS IGA,6,2026-02-12
83,20.146742408125583,0,35.811964601769944,5.223604890806673,71.65775401069519,6.2745098039215685,54.509803921568626,62.35294117647059,35.159576833454224,66.095,9.90833330154419,2.4088475704193115,232.17857193276657,90.58823529411765,90.98039215686275,11.11111111111111,77.25490196078432,51.5734025695414,0.05843289973423681,1.9699912822802776,1.0694758233933797,66.27450980392156,81.56862745098039,69.41176470588235,72.12750699322758,52.953495465407734,78.43137254901961,CAMPBELL CO DET CTR,"601 CENTRAL AVE, NEWPORT, KY 41071",27,114,141,111,859-431-4611,USMS IGA,63,2026-02-12
84,1.8394025886739995,112.52380952380952,28.172915194346324,72.41086102016955,35.82887700534759,85.09803921568627,7.0588235294117645,1.1764705882352942,12.614398224439322,59.5005,6.544444561004639,6.7244439125061035,27.556986897267585,50.588235294117645,14.50980392156863,19.047619047619047,38.43137254901961,27.07443587118934,0.04179319250323318,0.06955910759520781,0.4318140960557757,58.43137254901961,16.07843137254902,50.588235294117645,36.22261206488762,25.30381538683876,5.098039215686274,CAROLINE DETENTION FACILITY,"11093 S.W. LEWIS MEMORIAL DRIVE, BOWLING GREEN, VA 22427",15,332,347,235,804-633-0043,DIGSA,51,2026-02-12
85,0,5.190476190476191,39.06982300884959,0.03106963453491933,25.13368983957219,37.254901960784316,70.58823529411765,94.90196078431372,50.045127105654345,55.3955,6.791666785875956,35.27424621582031,67.52313881342745,10.980392156862745,18.03921568627451,54.36507936507936,51.37254901960784,27.272293430004705,0.1109910872327969,0.20712382061359044,0.12179899126188422,76.86274509803923,35.68627450980392,30.980392156862745,43.96441896548418,40.42727983371441,37.254901960784316,"CASCADE COUNTY JAIL, MT","3800 ULM NORTH FRONTAGE ROAD, GREAT FALLS, MT 59404",0,4,4,3,406-454-6820,USMS IGA,6,2026-02-12
86,42.91724107495732,26.11627906976744,32.265858407079676,17.986653886862392,92.51336898395722,55.294117647058826,30.980392156862745,30.58823529411765,46.92250513170283,57.836,7.633333418104383,58.25911331176758,22.879716245288417,30.58823529411765,37.254901960784316,71.03174603174604,34.509803921568626,40.88210104063805,0.07073094526081114,0.2880765239869439,0.08541710292761513,69.01960784313725,43.529411764705884,26.27450980392157,42.89730110902685,43.56730242712258,47.05882352941176,CASS COUNTY JAIL,"336 MAIN STREET, PLATTSMOUTH, NE 68048",2,14,16,9,402-296-9370,USMS IGA,23,2026-02-12
87,52.47840491230519,44.04761904761905,54.39056537102478,0.03104127346013781,95.72192513368985,65.88235294117646,97.25490196078431,95.29411764705881,87.43584868559755,67.14500000000001,7.366666714350382,137.69345092773438,0,92.54901960784314,26.666666666666668,95.63492063492063,30.58823529411765,51.83556894728744,0.01786923175826287,0.07666223917179765,0.0554021514941268,31.76470588235294,17.647058823529413,18.823529411764707,21.933405924380178,53.734941185755055,79.6078431372549,"CCA, FLORENCE CORRECTIONAL CENTER","1100 BOWLING ROAD, FLORENCE, AZ 85232",1,527,528,303,520-868-3668,USMS CDF,39,2026-02-12
88,NA,227.75,32.598692579505325,65.50350055421653,NA,92.94117647058823,34.509803921568626,2.3529411764705883,19.61495167096076,58.742,8,13.689358711242676,0,43.529411764705884,53.72549019607843,22.22222222222222,30.58823529411765,35.5080050839166,0.01951044532966252,0.28095109883606,0.5266840755849422,36.86274509803922,43.13725490196079,52.94117647058824,43.82728709020613,32.983414615027826,17.647058823529413,CENTRAL LOUISIANA ICE PROCESSING CENTER (CLIPC),"830 PINEHILL ROAD, JENA, LA 71342",0,1187,1187,943,318-992-7800,IGSA,25,2026-02-12
89,14.072247655779474,93.75,34.45063716814161,7.021160714387177,64.70588235294117,80.3921568627451,45.09803921568628,56.86274509803921,60.43461107023457,67.672,7.433333237965901,45.24614334106445,0,94.11764705882352,28.235294117647058,64.28571428571429,30.58823529411765,47.81157697543277,0.02035248163122946,0.03849804091676744,0.0375645715240097,37.64705882352941,6.2745098039215685,11.372549019607844,13.901325871980031,40.715837972549124,39.21568627450981,CHASE COUNTY JAIL,"301 SOUTH WALNUT STREET, COTTONWOOD FALL, KS 66845",12,100,112,75,620-273-7054,IGSA,23,2026-02-12
90,0,30.86046511627907,47.33437389770726,0,25.13368983957219,58.82352941176471,90.98039215686275,100,60.56040677890095,68.9915,5.47777779897054,34.99590301513672,288.53984949301235,96.47058823529412,3.9215686274509802,53.96825396825397,81.56862745098039,35.92353507545039,0.1900807948826425,0.3179114745948599,0.21812131283829736,86.66666666666667,46.666666666666664,41.17647058823529,55.01772956927128,50.50055714120754,70.19607843137254,CHAVEZ DETENTION CENTER,"3701 S. ATKINSON, ROSWELL, NM 88201",0,0,0,0,575-624-6517,USMS IGA,1,2026-02-02
91,28.921564412749323,0.36585365853658536,26.532500000000034,6.905991339516803,82.35294117647058,12.941176470588237,2.3529411764705883,58.03921568627452,19.53198444128926,51.788,6.858333269755046,23.73676109313965,35.815228438865205,1.1764705882352942,19.607843137254903,36.904761904761905,40.78431372549019,13.650438925648332,0.31881613837903555,0.4116176422131583,0.04666764409954899,91.76470588235294,49.80392156862745,14.50980392156863,40.47624851459227,24.552890627176623,3.9215686274509802,CHIPPEWA COUNTY SSM,"325 COURT STREET, SAULT STE MARIE, MI 49783",0,38,38,31,906-635-7620,IGSA,50,2026-02-12
92,5.497564208176273,32.15909090909091,29.607231040564397,39.81330529813123,50.80213903743316,59.6078431372549,12.156862745098039,11.372549019607844,25.437017237268293,53.122,6.3499999443689985,21.15751266479492,534.7188046697173,3.5294117647058822,11.76470588235294,32.142857142857146,90.98039215686275,18.66718886479902,0.262318491945524,0.06034703321908743,4.8511310555849185,90.98039215686275,12.156862745098039,90.58823529411765,46.445863244759195,30.18335644894217,12.941176470588237,CHITTENDEN REGIONAL CORRECTIONAL FACILITY,"7 FARRELL STREET, SOUTH BURLINGTON, VT 05403",5,0,5,5,802-863-7356,USMS IGA,10,2026-02-12
93,12.438846767109276,1.7209302325581397,36.411975308642006,14.377525374522143,61.49732620320856,25.882352941176475,57.647058823529406,36.470588235294116,42.77056406505332,57.057,8.225000143051147,17.22231101989746,221.12403230000837,21.96078431372549,62.745098039215684,25.793650793650798,75.68627450980392,40.49854293022368,0.01448452902015456,2.5532219919015,0.15747652201919524,21.568627450980394,89.01960784313725,35.68627450980392,40.920079227599885,41.396395407625626,40,CHRISTIAN COUNTY JAIL,"410 WEST 7TH STREET,, HOPKINSVILLE, KY 42240",1,104,105,84,270-887-4152,USMS IGA,32,2026-02-12
94,10.74954747067467,60.27906976744186,46.05090452261311,1.0910023356674845,58.288770053475936,71.37254901960785,90.19607843137256,83.52941176470588,74.8231166897876,64.305,5.750000039736429,25.151491165161133,26.613887620794102,82.74509803921568,5.490196078431373,40.07936507936508,37.254901960784316,28.698460296609433,0.24440048813141715,0.04199175773382195,0.0141743648105507,89.80392156862746,7.8431372549019605,0.7843137254901961,8.205246718571564,37.24227456832286,27.450980392156865,CIBOLA COUNTY CORRECTIONAL CENTER,"2000 CIBOLA LOOP, MILAN, NM 87021",0,231,231,204,505-285-4900,IGSA,61,2026-02-12
95,NA,103.27906976744184,35.22280423280427,23.82017529398524,NA,83.52941176470588,49.411764705882355,24.705882352941178,46.718624988053136,61.85,8.183333396911621,34.039703369140625,0,67.84313725490196,61.1764705882353,53.17460317460318,30.58823529411765,50.97265499381389,0.213800040194294,0.799582907315086,0.12186170455708294,89.01960784313725,65.09803921568627,31.372549019607842,56.65015863115138,51.44714620433947,73.72549019607844,CIMMARRON CORR FACILITY,"3700 S. KINGS HWY, CUSHING, OK 74023",0,589,589,448,918-225-3336,USMS IGA,41,2026-02-12
96,16.80441621961149,0.1590909090909091,35.6489045936396,8.083784751223002,69.5187165775401,10.980392156862745,53.72549019607843,54.90196078431373,38.73664108521311,62.55199999999999,10.08888891008165,23.9330997467041,144.46424927077544,72.15686274509804,93.33333333333333,38.095238095238095,68.62745098039215,64.7769871954178,0.03887759207609504,3.4392017639627275,0.8860941401383261,56.470588235294116,95.29411764705881,65.49019607843137,70.63526277991,58.049630353513635,89.01960784313725,CLARK COUNTY JAIL (ID),"501 EAST COURT AVENUE,, DUBOIS, ID 47130",0,0,0,0,812-283-4471,IGSA,NA,2025-07-07
97,16.80441621961149,0.1590909090909091,35.6489045936396,8.083784751223002,69.5187165775401,10.980392156862745,53.72549019607843,54.90196078431373,38.73664108521311,62.55199999999999,10.08888891008165,23.9330997467041,144.46424927077544,72.15686274509804,93.33333333333333,38.095238095238095,68.62745098039215,64.7769871954178,0.03887759207609504,3.4392017639627275,0.8860941401383261,56.470588235294116,95.29411764705881,65.49019607843137,70.63526277991,58.049630353513635,89.01960784313725,CLARK COUNTY JAIL (IN),"501 EAST COURT AVE., JEFFERSONVILLE, IN 47130",67,27,94,81,812-283-4471,USMS IGA,48,2026-02-12
98,0.00277103773670435,2.880952380952381,31.97888888888892,4.962450969926704,25.668449197860966,31.76470588235294,28.627450980392155,63.921568627450974,34.94971537219219,56.393,7.144444359673394,15.196008682250977,24.992799914951693,17.254901960784313,23.137254901960784,24.206349206349206,36.470588235294116,24.365430965440144,0.01659935653404742,1.9409190475045903,0.5901493338228333,28.235294117647058,80.7843137254902,57.647058823529406,50.8509225899141,36.72202297584881,25.882352941176475,CLARKE COUNTY SHERIFF,"100 S MAIN ST, OSCEOLA, IA 50213",0,0,0,0,641-342-2914,IGSA,NA,2025-07-07
99,NA,0.4523809523809524,30.986761061946943,15.812350612997928,NA,14.117647058823529,21.568627450980394,33.72549019607843,21.736070468653306,59.58433333333333,8.416666428248087,20.725074768066406,118.81422783185134,50.98039215686274,67.45098039215686,31.746031746031743,61.96078431372549,50.99756589232652,0.03896233213659259,0.7883263947638199,1.5139818718871754,56.86274509803921,64.70588235294117,77.25490196078432,65.75052281045335,46.16138639047772,56.07843137254902,CLAY COUNTY JUSTICE CENTER,"611 EAST JACKSON STREET, BRAZIL, IN 47834",1,240,241,181,812-446-2535,USMS IGA,12,2026-02-12
100,5.503281136369185,25.41860465116279,30.61773484994231,37.32639071076417,51.33689839572193,54.90196078431373,18.823529411764707,14.117647058823529,29.418478983914525,55.924,7.925000111262004,48.80233383178711,136.01143015677036,13.333333333333334,51.37254901960784,65.87301587301587,65.88235294117646,41.52279938431168,0.1207855523060264,0.09368798206887756,0.1217345069962884,78.03921568627452,19.215686274509807,30.58823529411765,35.796541789111,35.57927338577907,23.52941176470588,CLINTON COUNTY CORRECTIONAL FACILITY,"58 PINE MOUNTAIN RD., MCELHATTAN, PA 17748",14,79,93,48,570-769-7680,USMS IGA,52,2026-02-12
101,NA,57.47826086956522,26.80674911660782,24.90108540993911,NA,70.58823529411765,3.1372549019607843,23.92156862745098,17.432403185354467,55.276,6.566666603088379,31.32314682006836,65.03654182152195,10.588235294117647,15.294117647058824,50,50.19607843137255,25.24916096329126,0.1377566446899364,0.7393452826681428,3.1914921309493067,81.17647058823529,63.921568627450974,87.84313725490196,76.95942406798827,39.880329405544664,33.72549019607843,CLINTON COUNTY JAIL,"25 MCCARTHY DRIVE, PLATTSBURGH, NY 12901",2,2,4,4,518-565-4300,USMS IGA,3,2026-02-12
102,NA,0.09302325581395347,34.237006203890026,12.056703062546934,NA,9.019607843137255,43.529411764705884,41.17647058823529,25.285595774651274,61.0335,8.50000003973643,52.914852142333984,376.1602168277799,61.96078431372549,69.80392156862744,69.44444444444444,88.23529411764706,71.74954370470213,0.02934144975875378,1.534810165367393,1.0325394557006238,47.84313725490196,77.25490196078432,67.84313725490196,63.05950241877803,53.36488063271048,78.82352941176471,CLINTON COUNTY JAIL,"301 E WALNUT STREET, FRANKFORT, IN 46041",8,19,27,16,888-419-1212,USMS IGA,5,2026-02-12
103,NA,1.7209302325581397,40.69684303350974,0.6460856512221731,NA,25.882352941176475,76.47058823529412,85.49019607843137,55.31014959252242,58.487,7.722222222222222,112.40196990966795,0,38.82352941176471,42.35294117647059,89.68253968253968,30.58823529411765,46.085067450099615,0.03934402167173916,0.15173509012783232,0.5482751667902752,57.25490196078431,28.627450980392155,54.11764705882353,44.59759305386708,48.66427003216304,63.921568627450974,COASTAL BEND DETENTION FACILITY,"4909 FM 2826, ROBSTOWN, TX 78380",11,44,55,46,361-767-3400,USMS IGA,6,2026-02-12
104,94.60987514069896,44.27906976744186,39.20018421052633,12.91372539637512,98.93048128342245,66.66666666666666,72.54901960784314,40,66.14280376542763,57.846,8.2555555237664109,63.01082611083984,215.32139733374237,30.980392156862745,64.31372549019608,73.80952380952381,73.72549019607844,57.382592136745814,0.00688702171317094,0.28028898250858403,0.10404455095635236,7.450980392156863,42.745098039215684,29.01960784313726,20.986036591792264,48.17047749798857,62.745098039215684,COLLIER COUNTY NAPLES JAIL CENTER,"3347 TAMIAMI TRAIL E, NAPLES, FL 34112",7,35,42,32,239-252-9504,IGSA,5,2026-02-12
105,NA,0.6590909090909091,29.712123893805344,9.101678421255237,NA,17.647058823529413,13.725490196078432,51.76470588235295,23.231539084851377,59.707,7.958333253860473,68.16876983642578,0,52.54901960784314,52.54901960784314,77.77777777777779,30.58823529411765,50.62730355421057,0.01368481041470431,0.5448082288261872,0.13052912831153526,19.215686274509807,57.25490196078431,33.33333333333333,33.22378492859758,35.69420918921984,24.313725490196077,CORR. CTR OF NORTHWEST OHIO,"3151 COUNTY ROAD 2425, STRYKER, OH 43557",33,41,74,68,419-428-3800,USMS IGA,39,2026-02-12
106,20.080829389604048,27.833333333333332,30.890600706713805,13.900478067315058,71.12299465240642,57.647058823529406,20,37.64705882352941,41.91669757569479,55.9095,6.84166673819224,36.68407440185547,253.4979136819836,12.941176470588237,19.215686274509807,56.34920634920635,78.82352941176471,32.41853125305691,0.07968540757634486,0.02921236671879057,1.788674432645581,72.15686274509804,1.1764705882352942,78.43137254901961,18.812629855528172,31.04928622809329,14.50980392156863,CROW WING COUNTY JAIL,"313 LAUREL ST, BRAINERD, MN 56401",4,19,23,16,218-822-7050,USMS IGA,11,2026-02-12
107,11.756809516257372,8.44186046511628,45.40865486725668,2.1069800827038545,59.893048128342244,41.96078431372549,87.45098039215686,76.47058823529412,64.02797721668969,70.593,9.758333444595335,43.027591705322266,117.82499432197744,97.25490196078431,89.01960784313725,61.50793650793651,61.568627450980394,75.66968945197661,0.4807520875195833,1.996904338287474,4.287539424908151,94.11764705882352,82.74509803921568,89.80392156862746,88.76386672628284,76.15384446498305,100,SALT LAKE COUNTY METRO JAIL,"3415 SOUTH 900 WEST, SALT LAKE CITY, UT 84119",0,0,0,0,385-468-8400,USMS IGA,2,2026-01-08
108,0,9.61904761904762,38.65088339222617,1.7513069854175116,25.13368983957219,43.529411764705884,69.01960784313725,79.6078431372549,49.51557750710904,59.2955,11.166666666666666,0,1369.8289946070688,48.23529411764706,98.4313725490196,1.984126984126984,97.25490196078431,30.93818691876475,0.01406097598103602,1.847679202261024,70.98924822249298,20.392156862745097,79.6078431372549,99.6078431372549,54.480052693208165,44.977939039693986,50.588235294117645,SAN DIEGO DISTRICT STAGING,"US INS DETENTION & DEPORTATION, SAN DIEGO, CA 92101",2,9,11,8,619-436-0410,STAGING,0,2026-02-12
110,NA,24.317073170731707,58.87137809187283,0,NA,54.509803921568626,100,100,81.6879893581463,66.487,10.299999978807236,124.20708465576172,0,91.76470588235294,94.90196078431372,92.85714285714286,30.58823529411765,70.52289798036861,0.04672421510343209,0.08007491959788364,0.05127163121338146,61.568627450980394,18.43137254901961,16.07843137254902,26.326125173776088,59.512337504097,90.98039215686275,SAN LUIS REGIONAL DETENTION CENTER,"406 NORTH AVENUE D, SAN LUIS, AZ 85349",57,268,325,266,928-627-2101,IGSA,62,2026-02-12
111,4.415417767745197,3.2045454545454546,40.152764018123236,9.836699431643453,45.98930481283423,32.549019607843135,76.07843137254902,48.23529411764706,48.41225467929306,63.739,8.583333333333332,16.093456268310547,511.2906474084699,78.43137254901961,72.54901960784314,24.6031746031746,90.19607843137256,59.610812573783626,0.0262083003383367,1.4571575165190924,0.12856515554947873,45.490196078431374,76.07843137254902,32.94117647058823,48.48858246648821,52.170549906521636,76.86274509803923,SARASOTA COUNTY JAIL,"2020 MAIN ST, SARASOTA, FL 34237",0,1,1,1,941-861-4601,IGSA,1,2026-02-12
112,0.4300621408437406,7.857142857142857,35.965053003533605,10.429626567702488,28.342245989304814,40.3921568627451,54.90196078431373,45.88235294117647,41.20891793653648,55.88,7.933333436648051,27.714624404907227,239.1010536842512,12.549019607843137,51.76470588235295,44.84126984126984,78.03921568627452,38.82921287353779,0.08121769821782578,0.48162154139881785,0.3817554041664029,72.94117647058823,52.156862745098046,49.01960784313725,57.132691715120295,45.72360750839819,55.294117647058826,SARPY COUNTY JAIL,"1208 GOLDEN GATE DRIVE, PAPILLION, NE 68046",1,19,20,10,402-949-3876,USMS IGA,20,2026-02-12
113,1.3580507937492556,53.28888888888889,30.54165222532196,9.259243705586124,33.68983957219251,70.19607843137254,18.03921568627451,51.37254901960784,38.47601983807256,60.018,8.275000095367432,65.2982406616211,69.440409451629307,56.07843137254902,64.70588235294117,76.5873015873016,52.156862745098046,61.70238658067525,0.08723963720154508,0.38088527430189506,2.4982912458603668,74.50980392156863,49.411764705882355,84.31372549019608,67.70914891854447,55.9625184457641,84.70588235294117,SAUK COUNTY SHERIFF,"1300 LANGE CT., BARABOO, WI 53913",0,14,14,10,608-356-4895,USMS IGA,15,2026-02-12
114,NA,0.14285714285714285,34.20871024734987,8.420137694218006,NA,10.196078431372548,43.13725490196079,53.333333333333336,28.62605271724044,64.13,10.166666666666666,24.174726486206055,2313.6722524110264,81.17647058823529,93.72549019607843,38.492063492063494,98.4313725490196,73.27370556111094,0.02613693501832264,2.246059069368095,2.3911612291544757,44.70588235294118,85.88235294117646,83.92156862745098,68.55630455227103,56.81868761020747,85.88235294117646,SCOTT COUNTY DET. FACILITY,"416 W 4TH ST, DAVENPORT, IA 52801",0,1,1,0,563-326-8750,USMS IGA,2,2026-02-12
115,11.955690210945743,10.571428571428571,37.115855379188766,9.654176744228351,60.42780748663101,45.09803921568628,61.568627450980394,49.01960784313725,53.55264802961493,56.087,9.541666746139526,19.180381774902344,306.3744613389988,14.901960784313726,86.66666666666667,28.57142857142857,83.92156862745098,41.949352764681535,0.01173446668662899,2.2832451438896637,0.21854395755226164,14.50980392156863,86.66666666666667,41.568627450980394,37.390370957950665,44.29745725074904,48.627450980392155,SEBASTIAN COUNTY DETENTION CENTER,"801 SOUTH A STREET, FORT SMITH, AR 72901",0,1,1,1,479-783-4988,USMS IGA,2,2026-02-12
116,0,0.11627906976744186,29.86212244897961,2.3723267740499483,25.13368983957219,9.411764705882353,14.50980392156863,73.72549019607844,22.428572404117304,57.9105,6.908333420753479,50.717041015625,132.1418859601136,31.76470588235294,21.568627450980394,67.06349206349206,65.09803921568627,41.5867857280521,0.0204499234877156,0.25717203045594506,0.04417762804639089,38.03921568627451,39.6078431372549,14.117647058823529,27.707139364175237,30.57416583211488,13.725490196078432,SENECA COUNTY JAIL,"3040 SOUTH STATE HIGHWAY 100, TIFFIN, OH 44883",4,56,60,48,419-448-5074,IGSA,30,2026-02-12
117,15.261672326432924,39.34090909090909,29.76186298443703,19.185538811661253,66.84491978609626,64.31372549019608,14.117647058823529,29.411764705882355,36.55222928865126,59.73950000000001,7.28333322207133,62.31513977050781,106.29243872580484,53.333333333333336,24.705882352941178,73.4126984126984,58.03921568627452,48.676904774014744,0.0549187165962784,0.12683703312255792,0.5614001964479034,63.52941176470588,25.098039215686274,55.68627450980392,44.61226403371269,43.280466032126235,46.27450980392157,SHERBURNE COUNTY JAIL,"13880 BUSINESS CENTER DRIVE, ELK RIVER, MN 55330",8,94,102,72,763-765-3800,USMS IGA,23,2026-02-12
118,NA,0.4666666666666667,29.01098939929332,0.2649014515521211,NA,14.50980392156863,10.980392156862745,89.41176470588236,24.241418006003016,58.6055,6.508333325386047,63.536521911621094,0,41.17647058823529,13.333333333333334,74.20634920634922,30.58823529411765,33.41148939928587,0.0762712804578532,0.8534184850270002,0.5553519122377653,70.98039215686275,65.88235294117646,55.294117647058826,63.70822071393761,40.4537093730755,37.64705882352941,SIOUX COUNTY JAIL,"4363 IRONWOOD AVENUE, ORANGE CITY, IA 51041",0,12,12,7,712-737-2280,USMS IGA,31,2026-02-12
119,3.1470222902817575,83.76190476190476,30.92909215167552,60.624496748395195,41.711229946524064,78.43137254901961,20.784313725490197,3.1372549019607843,21.491022397501037,58.5745,7.599999984105429,0.6208578944206238,0,40,36.07843137254902,7.5396825396825395,30.58823529411765,24.018936841567808,0.05688381544265444,0.2124127654453413,0.9151464522125776,64.31372549019608,36.07843137254902,65.88235294117646,53.46958400294311,32.99318108067065,18.03921568627451,SOUTH CENTRAL REGIONAL JAIL,"1001 CENTER WAY, CHARLESTON, WV 25309",2,35,37,31,304-558-1336,IGSA,9,2026-02-12
120,22.42699278660415,3.386363636363636,33.76605524967992,0.8746683361315841,75.40106951871658,34.11764705882353,41.17647058823529,84.70588235294117,54.730550557475134,57.291,8.05833343664805,23.916643142700195,0,25.882352941176475,55.294117647058826,37.301587301587304,30.58823529411765,35.747123901015215,0.0411504178823482,0.18874066136634987,0.0707607595983119,58.03921568627452,33.33333333333333,21.176470588235293,34.473439791837166,41.65037141677584,41.568627450980394,SOUTH LOUISIANA ICE PROCESSING CENTER,"3843 STAGG AVENUE, BASILE, LA 70515",978,1,979,826,318-668-5900,DIGSA,46,2026-02-12
121,NA,32.27906976744186,43.617865168539346,0.59245945579734,NA,60,83.92156862745098,86.66666666666667,75.85059272044505,61.435,6.833333412806192,117.04444122314452,52.454038985840185,64.70588235294117,18.823529411764707,91.26984126984127,44.70588235294118,47.21545690450061,0.01292573287177164,0.2037719732707392,0.0440584102522342,17.647058823529413,35.294117647058826,13.725490196078432,20.447215558155587,47.83775506103375,62.35294117647059,SOUTH TEXAS ICE PROCESSING CENTER,"566 VETERANS DRIVE, PEARSALL, TX 78061",122,1636,1758,1245,210-231-4505,CDF,47,2026-02-12
122,NA,109.3720930232558,28.224593639576018,28.25903452884527,NA,84.31372549019608,8.235294117647058,20.784313725490197,24.346564889992518,57.4765,6.622222105662028,28.06379508972168,95.4404923627778,26.666666666666668,15.686274509803921,45.23809523809524,56.86274509803921,32.20736305671144,0.04324205894977094,0.10614088134535736,0.04947501147920499,59.6078431372549,21.96078431372549,14.901960784313726,26.919369895126984,27.82443261394365,9.019607843137255,SOUTHERN REGIONAL,"1200 AIRPORT RD, BEAVER, WV 25813",0,0,0,0,304-256-6726,IGSA,4,2026-02-02
123,0,213.58536585365857,26.96392226148412,69.24203060130907,25.13368983957219,92.54901960784314,3.5294117647058822,1.5686274509803921,10.65277007424955,57.516,6.9000000556310015,6.176440715789795,223.18586893143157,27.450980392156865,21.176470588235293,17.857142857142858,76.47058823529412,29.84897764425407,0.01355314393527524,0.8714419675188958,0.02578827118084912,18.823529411764707,66.27450980392156,4.705882352941177,18.03970988428271,19.51381920092878,1.9607843137254901,SOUTHWESTERN REGIONAL JAIL,"13 GASTON CAPERTON DR., HOLDEN, WV 25625",0,2,2,2,304-239-3032,IGSA,7,2026-02-12
124,0,4.238095238095238,28.176113074204956,39.57387216914256,25.13368983957219,36.470588235294116,7.450980392156863,11.76470588235294,16.83636679174924,66.412,8.574999888737997,44.331172943115234,0,91.37254901960785,71.76470588235294,62.698412698412696,30.58823529411765,59.55036182517388,0.02251858712534592,0.16431708628239658,1.2300861593927128,41.17647058823529,30.58823529411765,73.33333333333333,45.20311070588978,40.529946440937636,38.03921568627451,ST. CLAIR COUNTY JAIL,"1170 MICHIGAN ROAD, PORT HURON, MI 48060",0,50,50,41,810-987-1700,IGSA,39,2026-02-12
125,3.690906954882341,3.3043478260869565,33.735125953246865,13.01679074582732,43.85026737967914,33.33333333333333,40.78431372549019,38.82352941176471,39.004057772392585,63.5495,8.166666666666666,69.1282958984375,0,77.25490196078432,59.21568627450981,78.17460317460318,30.58823529411765,57.510312841498894,0.02377702611621387,2.307422785521236,0.06174497436077476,43.13725490196079,87.45098039215686,20.392156862745097,42.529810749382705,46.348060454424726,57.25490196078431,STE. GENEVIEVE COUNTY SHERIFF/JAIL,"5 BASLER DR., STE. GENEVIEVE, MO 63670",11,108,119,101,573-883-5820,USMS IGA,21,2026-02-12
126,6.340331369840448,322.1190476190476,31.200706713780953,49.995374363619405,52.406417112299465,95.29411764705881,22.745098039215687,6.666666666666667,29.499304655237175,57.7565,7.949999968210856,66.0503158569336,0,30.19607843137255,52.156862745098046,76.98412698412699,30.58823529411765,43.88381789245312,0.01378727965642444,0.03461646922927645,0.02474988554951459,19.607843137254903,3.1372549019607843,3.9215686274509802,6.225102164581175,26.53607490409049,7.450980392156863,STEWART DETENTION CENTER,"146 CCA ROAD, LUMPKIN, GA 31815",315,1695,2010,1382,229-838-5000,DIGSA,50,2026-02-12
127,31.940072360312772,77.9090909090909,27.354867724867752,40.43952686175314,85.56149732620321,77.25490196078432,5.098039215686274,10.980392156862745,24.66359391610569,52.562,4.100000063578288,32.11478805541992,0,2.7450980392156863,1.5686274509803921,50.79365079365079,30.58823529411765,9.04399639164184,0.7383525461848648,0.0598119168797514,1.166208435495671,96.86274509803921,11.372549019607844,71.37254901960785,42.83991488331057,25.515835063686033,5.490196078431373,STRAFFORD COUNTY CORRECTIONS,"266 COUNTY FARM ROAD, DOVER, NH 03820",19,125,144,99,603-742-3310,IGSA,44,2026-02-12
128,NA,96.83720930232558,42.32258044989098,0,NA,81.17647058823529,80.3921568627451,100,86.7390408005417,64.4255,6.024999936421712,0.00921204313635826,0,83.52941176470588,7.450980392156863,2.380952380952381,30.58823529411765,14.591149050130332,0.00480410083175949,0.07349379188438243,0.07480552772283253,2.7450980392156863,16.862745098039216,23.52941176470588,10.288823919947063,37.2063379235397,27.058823529411764,SWEETWATER COUNTY JAIL,"50140 UNITED STATES HIGHWAY 191 SOUTH, ROCK SPRINGS, WY 82935",0,8,8,4,307-352-4911,USMS IGA,9,2026-02-12
129,NA,34.4,41.5513227513228,6.752903694327837,NA,61.568627450980394,78.82352941176471,58.43137254901961,65.69825164486949,62.989999999999995,8.18333331743876,118.46092224121094,59.14035347077699,74.50980392156863,60.78431372549019,91.66666666666666,47.45098039215686,66.6216511155808,0.01844960245345242,0.2538436217329934,1.217126070011587,33.33333333333333,38.82352941176471,72.54901960784314,45.45012714385255,59.256676634767615,90.58823529411765,T DON HUTTO DETENTION CENTER,"1001 WELCH STREET, TAYLOR, TX 76574",0,456,456,339,512-218-3100,CDF,39,2026-02-12
130,10.321732768513996,0.7906976744186046,47.542720848056575,2.1580677210356733,57.21925133689839,18.823529411764707,91.37254901960785,75.68627450980392,52.24190731186545,61.368,7.433333237965901,41.999244689941406,291.04952828556804,63.52941176470588,28.235294117647058,61.111111111111114,82.35294117647058,54.814014597398625,0.00602711536004485,0.5165745557363026,0.19906188231552463,6.2745098039215685,55.68627450980392,40,24.087736174220446,43.71455269449484,47.84313725490196,TOM GREEN COUNTY JAIL,"122 WEST HARRIS AVENUE, SAN ANGELO, TX 76903",0,1,1,1,325-659-6559,USMS IGA,1,2026-02-12
131,0,9.581395348837209,43.36706504824154,5.657252605468077,25.13368983957219,43.13725490196079,82.74509803921568,61.568627450980394,48.478885347384235,66.074,5.700000007947286,28.38484001159668,268.0853647944059,90.19607843137256,5.098039215686274,46.03174603174603,80,36.07319136804699,0.10036191339814882,0.49545382544908634,0.15088422942028623,75.29411764705883,54.11764705882353,34.90196078431372,52.19752690506809,45.5832012068331,54.11764705882353,TOOELE COUNTY JAIL,"47 SOUTH MAIN STREET, TOOELE, UT 84074",1,8,9,7,435-882-5600,USMS IGA,3,2026-02-12
132,NA,100.5813953488372,44.07201413427566,0,NA,82.35294117647058,85.88235294117646,100,89.09657639088431,63.652,2.066666672627131,28.16647148132324,0,77.64705882352942,0.39215686274509803,45.63492063492063,30.58823529411765,14.35850215863822,0.01833076724381305,0.03552810707908847,0.02041778033359496,32.549019607843135,4.705882352941177,2.3529411764705883,7.116449128394011,36.85717589263885,26.27450980392157,"TORRANCE/ESTANCIA, NM","209 COUNTY ROAD 49, ESTANCIA, NM 87016",0,367,367,322,505-384-2711,IGSA,105,2026-02-12
133,0,1.619047619047619,39.12358798703052,3.912601822429643,25.13368983957219,23.92156862745098,71.76470588235294,66.66666666666666,41.18284914714284,63.096,9.866666899787054,21.88976669311523,951.7173161701086,75.68627450980392,90.58823529411765,33.730158730158735,95.68627450980392,68.58659452469857,0.02114763289188669,7.537092174755294,7.225173231870211,39.6078431372549,99.2156862745098,94.50980392156862,71.88078291648814,60.550075529443184,92.94117647058823,TULSA COUNTY JAIL (DAVID L. MOSS JUSTICE CTR),"300 NORTH DENVER AVENUE, TULSA, OK 74103",5,37,42,36,918-596-8900,IGSA,6,2026-02-12
134,25.776037884580106,1.934782608695652,41.30493624772317,3.1629426315147837,80.21390374331551,27.058823529411764,78.03921568627452,69.80392156862744,58.639170763241886,55.453,9.558333396911625,121.07782745361328,485.9332325491547,11.372549019607844,87.05882352941177,92.46031746031747,89.41176470588236,53.487852863186696,0.3718133316466476,1.1402601664964878,1.7574576897447134,92.54901960784314,69.80392156862744,78.03921568627452,79.58932964485001,63.9054510904262,95.29411764705881,TURNER GUILFORD KNIGHT (TGK) JAIL,"7000 NW 41ST ST., MIAMI, FL 33166",1,8,9,7,305-592-2545,IGSA,1,2026-02-12
135,0,98.72093023255816,25.139699115044287,56.18700952938652,25.13368983957219,81.56862745098039,1.1764705882352942,3.9215686274509802,9.86177466447476,55.7995,3.0833333333333335,75.2069091796875,45.84638788283775,12.156862745098039,0.7843137254901961,82.14285714285714,43.529411764705884,13.588326793274835,0.04506146151160589,0.5441050099143514,0.4904734466571742,60.3921568627451,56.86274509803921,52.156862745098046,56.36894944706953,26.606350301606376,8.235294117647058,TWO BRIDGES REGIONAL JAIL,"522 BATH RD, WISCASSET, ME 04578",0,8,8,5,207-882-4268,USMS IGA,208,2026-02-12
136,5.1054141918228275,30.404761904761905,38.0740636042403,0.40183533537284755,48.1283422459893,58.43137254901961,67.05882352941175,87.45098039215686,63.72603545701563,65.3045,6.058333357175192,20.010021209716797,124.71512761804335,87.05882352941177,8.235294117647058,29.365079365079367,63.52941176470588,34.00748227271213,0.0119228633325468,0.5460583773149166,0.30982542673218627,14.901960784313726,57.647058823529406,46.27450980392157,34.128782771888176,43.95410016720531,48.23529411764706,UINTA COUNTY JAIL,"77 COUNTY ROAD 109, EVANSTON, WY 82930",1,22,23,18,307-783-1000,USMS IGA,4,2026-02-12
137,3.7814853814795977,4.209302325581396,45.65141342756186,1.9809748049945983,44.38502673796791,36.07843137254902,88.62745098039215,77.64705882352942,57.616165341000404,58.362,9.149999936421713,25.213523864746097,79.90988657224045,37.254901960784316,83.52941176470588,40.87301587301587,54.509803921568626,51.313724469215586,0.00461169411525682,0.01181851332083022,0.15311203066251772,2.3529411764705883,0.39215686274509803,35.294117647058826,3.193432490111655,37.374440766775884,28.627450980392155,VAL VERDE CORRECTIONAL FACILITY,"253 FARM TO MARKET 2523, DEL RIO, TX 78840",1,3,4,1,830-778-0096,USMS IGA,1,2026-02-12
138,29.49314580976659,18.571428571428573,37.890424028268576,11.972728991075147,82.88770053475936,49.80392156862745,65.88235294117646,41.568627450980394,57.98586025561992,59.812,8.12500003973643,56.144649505615234,202.36583473702305,54.11764705882353,58.43137254901961,70.63492063492063,72.54901960784314,63.44669451237406,0.02177457107412391,2.6240099316317407,0.345542018383881,40,90.19607843137256,47.45098039215686,55.526156430324015,58.986237066106,90.19607843137256,VICTORIA COUNTY JAIL,"101 NORTH GLASS STREET, VICTORIA, TX 77901",0,14,14,14,361-575-0651,USMS IGA,0,2026-02-12
139,3.325830995814362,206.6428571428571,32.60324041811849,28.534003059524107,42.24598930481284,92.15686274509804,34.90196078431372,20.392156862745097,40.79965953466976,55.941500000000005,8.68888897365994,39.18414688110352,0,14.117647058823529,76.47058823529412,59.523809523809526,30.58823529411765,37.44341685855,0.01502401345730296,0.13961307285981955,0.6069418320863901,24.313725490196077,27.058823529411764,58.43137254901961,33.74961599604798,37.330897463089244,28.235294117647058,WALTON COUNTY JAIL,"40 SHERIFF CIR, DEFUNIAK SPRINGS, FL 32433",0,28,28,23,850-892-8196,USMS IGA,3,2026-02-12
140,NA,0.8292682926829268,35.06444444444448,7.033977742707878,NA,19.215686274509807,49.01960784313725,56.470588235294116,37.60821156204776,54.349999999999994,8.53333330154419,50.71992874145508,745.560200384118,5.88235294117647,70.58823529411765,67.46031746031747,94.50980392156862,40.33686684726607,0.00212268093380324,0.1978218834215432,0.3125137440504201,0.39215686274509803,34.509803921568626,46.666666666666664,8.579652487234066,28.841576965515966,10.980392156862745,WARD COUNTY JAIL,"P.O. BOX 907, MINOT, ND 58702",0,1,1,1,701-857-6530,USMS IGA,3,2026-02-12
141,NA,36.53488372093023,33.77538732394368,20.69692649463041,NA,62.745098039215684,41.568627450980394,27.450980392156865,41.5241848360715,57.963,8.333333333333334,36.68031692504883,73.52845005281625,32.549019607843135,65.49019607843137,55.952380952380956,53.72549019607843,50.31277718075563,0.01077627487084496,2.6079007533121934,1.179954186737583,12.549019607843137,89.80392156862746,71.76470588235294,43.24527565040365,45.027412555743595,50.98039215686274,WASHINGTON COUNTY DETENTION CENTER,"1155 WEST CLYDESDALE DRIVE, FAYETTEVILLE, AR 72701",0,0,0,0,479-444-5830,USMS IGA,2,2026-02-02
142,NA,193.8181818181818,53.24205309734516,0.1271951261096398,NA,91.37254901960785,95.68627450980392,91.76470588235294,92.92095996144693,63.206,5.333333373069762,28.780519485473633,0,76.07843137254902,3.1372549019607843,47.22222222222222,30.58823529411765,24.23137449903779,0.00322049750652515,0.05371238411769868,0.09369220617231389,1.1764705882352942,10.196078431372548,27.058823529411764,6.8723887365094605,41.34157439899806,39.6078431372549,WASHINGTON COUNTY JAIL (PURGATORY CORRECTIONAL FACILITY),"750 SOUTH 5300 WEST, HURRICANE, UT 84737",0,12,12,9,435-656-6600,USMS IGA,6,2026-02-12
143,0,107.23255813953487,48.098465608465645,0.3333677924184709,25.13368983957219,83.92156862745098,92.15686274509804,87.84313725490196,64.28229019058,68.5575,10.00000007947286,1.4670826196670532,559.2076760751302,95.68627450980392,92.15686274509804,9.126984126984127,91.37254901960785,52.075097397392156,0.01925019981299721,0.2919630763995209,0.977030941891012,36.07843137254902,44.31372549019608,66.66666666666666,47.41308529916036,54.59015762904417,81.56862745098039,WASHOE COUNTY JAIL,"911 PARR BLVD 775 328 3308, RENO, NV 89506",2,49,51,33,775-328-3001,USMS IGA,24,2026-02-12
144,NA,3.302325581395349,33.526587301587334,11.83449228575839,NA,32.94117647058823,39.6078431372549,42.35294117647059,38.089150904978034,60.17966666666666,9.56666660308838,31.11672019958496,95.35903053787588,57.647058823529406,87.45098039215686,49.60317460317461,56.470588235294116,61.30111941433527,0.13756073404771893,1.3489031506111102,4.997193219415149,80.7843137254902,73.33333333333333,92.15686274509804,81.73073087905658,60.373667066123296,92.54901960784314,WAUKESHA COUNTY JAIL,"515 WEST MORELAND, WAUKESHA, WI 53186",0,3,3,2,262-548-7170,USMS IGA,2,2026-02-12
145,12.470785689794852,19.20930232558139,45.925950704225386,3.100703462313176,62.03208556149733,50.98039215686274,89.80392156862746,70.19607843137254,66.82007007525658,57.263,8.616666873296102,70.24095153808594,0,25.49019607843137,74.11764705882354,80.95238095238095,30.58823529411765,46.50714848386244,0.00516189651889382,2.1425367876325723,0.03219320151971505,4.313725490196078,84.31372549019608,7.450980392156863,13.94188196468743,42.423033507935486,43.529411764705884,WEBB COUNTY DETENTION CENTER (CCA),"9998 SOUTH HIGHWAY 83, LAREDO, TX 78041",8,435,443,393,956-723-1985,DIGSA,70,2026-02-12
146,1.10203620623035,12.545454545454543,43.69487632508838,1.3981305991462665,31.016042780748666,46.27450980392157,84.70588235294117,81.96078431372548,56.18391166276242,67.099,8.658333420753479,33.316349029541016,221.69114114259017,92.15686274509804,75.29411764705883,51.98412698412699,76.07843137254902,72.37778008261972,1.7380500279939557,1.645350412148223,1.950263993833516,98.0392156862745,78.82352941176471,80.3921568627451,85.32765203238561,71.29644792592259,98.4313725490196,WEBER COUNTY JAIL,"721 WEST 12TH STREET, OGDEN, UT 84404",0,6,6,4,801-778-6700,USMS IGA,3,2026-02-12
147,23.33700398587542,73.97777777777777,31.176948853615553,31.2619860620447,78.07486631016043,76.07843137254902,22.35294117647059,18.03921568627451,39.339721521723,57.7315,7.566666762034099,26.997583389282227,329.4076450867055,28.627450980392155,34.509803921568626,44.047619047619044,85.49019607843137,43.917840856811004,0.04351381137485224,0.15220574450554503,0.12660653253073673,60,29.01960784313726,32.549019607843135,38.411408620506855,40.556323666346955,38.43137254901961,WESTERN REGIONAL JAIL AND CORRECTIONAL FACILITY,"1 O'Hanlon Place, Barboursville, WV 25504",1,12,13,12,304-733-6850,IGSA,6,2026-02-12
148,47.15939067026479,3.7560975609756095,32.62033112582787,14.172497387574746,94.6524064171123,35.294117647058826,35.294117647058826,36.86274509803922,45.65948384766921,63.2145,7.444444338480632,132.85816955566406,21.723753157395834,76.47058823529412,29.01960784313726,94.44444444444444,33.33333333333333,51.411500919196335,0.06430219102951862,0.0567728101030361,0.05442508267624205,67.84313725490196,10.588235294117647,18.43137254901961,23.657148424565243,40.24271106381026,35.68627450980392,WESTERN TENNESSEE DETENTION FACILITY,"6299 FINDE NAIFEH DRIVE, MASON, TN 38049",4,290,294,260,901-294-3060,DIGSA,17,2026-02-12
149,10.038114210746317,41.63636363636363,28.373452562151208,49.71467022512389,56.68449197860963,65.09803921568627,8.627450980392156,7.0588235294117645,21.77267289070153,58.0875,6.833333373069762,25.192358016967773,27.086517466167734,33.33333333333333,18.43137254901961,40.476190476190474,37.64705882352941,31.105828741945512,0.01471910656562968,0.6233097874349115,0.9228309834674984,23.137254901960784,60,66.27450980392156,45.144328961158216,32.67427686460175,16.862745098039216,WESTERN VIRGINIA REGIONAL JAIL,"5885 W RIVER RD, SALEM, VA 24153",0,0,0,0,540-378-3700,USMS IGA,2,2025-12-22
150,NA,158.34883720930233,41.66201413427565,1.7840926540793798,NA,89.41176470588236,79.2156862745098,78.82352941176471,82.34184190817133,65.375,7.78333338101705,26.77014541625977,272.48503320970536,87.45098039215686,45.09803921568628,43.65079365079365,80.7843137254902,61.06753383602948,0.0084682213581794,0.22635027533713856,1.2162120867557795,7.8431372549019605,37.254901960784316,72.15686274509804,27.62593342528057,57.01176972316046,87.05882352941177,WICHITA COUNTY JAIL,"2815 CENTRAL FWY, WICHITA FALLS, TX 76302",0,0,0,0,940-766-8170,USMS IGA,NA,2025-07-07
151,56.72182038725529,66.95348837209302,43.12199294532631,20.696744979357245,96.2566844919786,72.94117647058823,82.35294117647058,27.84313725490196,63.34323453244384,59.744,7.849999904632568,38.15201187133789,0,53.72549019607843,49.80392156862745,57.53968253968254,30.58823529411765,46.58450152864395,0.02419093361176849,0.05898357964069881,0.12227115309907012,43.529411764705884,10.980392156862745,31.76470588235294,24.761778204899095,44.89650475532896,50.19607843137255,WILSON COUNTY JAIL,"C/O JAIL ADMINISTRATOR, FLORESVILLE, TX 78114",0,0,0,0,830-393-2535,IGSA,NA,2025-07-07
152,0,195.11627906976744,31.786895943562648,89.24086940887845,25.13368983957219,91.76470588235294,27.058823529411764,0.39215686274509803,12.507634005343137,55.039,8.611111058129204,0.323272168636322,0,9.019607843137255,73.72549019607844,6.349206349206349,30.58823529411765,18.957008164859488,0.05724414977904907,0.07144415951085702,0.07226578904666484,64.70588235294117,16.470588235294116,21.96078431372549,28.604448140944907,20.023030103715843,2.7450980392156863,WINN CORRECTIONAL CENTER,"560 GUM SPRING ROAD, WINNFIELD, LA 71483",0,1559,1559,1194,318-628-3971,DIGSA,36,2026-02-12
153,2.3382628044436644,0.3720930232558139,36.47356261022931,4.539844949975991,38.50267379679144,13.333333333333334,58.43137254901961,64.31372549019608,37.268751616227014,62.945,7.78333326180776,53.398250579833984,423.32640402913376,74.11764705882354,44.31372549019608,69.84126984126983,88.62745098039215,67.14830712234924,0.02518500125527651,2.2731835511248932,0.7298569139310558,44.31372549019608,86.27450980392157,61.1764705882353,61.612437950262134,55.343165562946126,83.13725490196079,WOODBURY COUNTY JAIL,"407 7TH STREET, SIOUX CITY, IA 51101",8,56,64,37,712-279-6040,USMS IGA,24,2026-02-12
154,NA,1.2444444444444445,37.437495590828945,13.267706781600843,NA,20.784313725490197,62.745098039215684,38.43137254901961,36.869489885047294,58.6085,7.683333357175192,4.117186546325684,679.81322772345,41.568627450980394,41.17647058823529,15.476190476190476,93.33333333333333,39.65326127438219,0.18326235971681612,1.9548632148514729,2.5190194665594294,85.88235294117646,81.17647058823529,84.70588235294117,83.89753932838559,53.47343016260503,79.2156862745098,WYATT DETENTION CENTER,"950 HIGH STREET, CENTRAL FALLS, RI 02863",1,113,114,76,401-729-1190,USMS IGA,36,2026-02-12
155,35.678525603309915,38.97674418604651,38.18431095406363,1.5097278736391695,88.23529411764706,63.921568627450974,67.45098039215686,81.17647058823529,74.54646402016543,57.059999999999995,7.316666682561238,4.772617340087891,171.0580701096544,22.35294117647059,25.098039215686274,17.063492063492063,70.19607843137254,28.631151072635163,0.37613577673702336,2.0363836432133384,0.6221680105323224,92.94117647058823,83.52941176470588,58.82352941176471,77.00747598153197,60.06169702477752,91.37254901960785,YELLOWSTONE COUNTY JAIL,"3165 KING AVENUE EAST, BILLINGS, MT 59101",0,0,0,0,406-256-6881,USMS IGA,NA,2025-07-07
156,9.439225789268578,137.86046511627907,36.22844797178133,39.18193328502376,55.080213903743314,87.45098039215686,57.25490196078431,12.549019607843137,43.131612371665184,60.040499999999994,9.775000015894571,10.25965976715088,33.94424832086701,56.470588235294116,89.41176470588236,20.238095238095237,40.3921568627451,45.0734617753026,0.6725644198967734,0.6684881036094492,0.4676200531762571,96.07843137254902,61.96078431372549,51.76470588235295,67.5448415257045,51.91663855755743,75.29411764705883,MILLER COUNTY JAIL,"2300 EAST STREET, TEXARKANA, AR 71854",0,5,5,4,870-774-3001,USMS IGA,2,2026-02-12
157,NA,1.069767441860465,39.50835398230093,3.450010217055672,NA,20,73.72549019607844,68.23529411764706,46.51063234727876,57.7495,7.466666698455811,114.7718276977539,111.72143732535064,29.80392156862745,30.58823529411765,90.87301587301587,60.3921568627451,47.29452075331256,0.00854005094188835,2.416627371310198,0.35233413583824086,8.235294117647058,88.23529411764706,48.23529411764706,32.72619101970116,42.17711470676416,43.13725490196079,MINICASSIA DETENTION CENTER,"1415 ALBION AVENUE, BURLEY, ID 83318",0,3,3,2,208-878-1000,USMS IGA,3,2026-02-12
158,4.729183447031086,2.2222222222222223,37.99632508833926,11.29653678179705,47.593582887700535,28.627450980392155,66.27450980392156,43.92156862745098,44.62609252621576,63.747,8.016666690508524,30.07532501220703,42.82687901576053,78.82352941176471,54.509803921568626,48.01587301587302,41.96078431372549,54.24250415161967,0.01233023890025173,2.3464798480721947,2.1583954243733414,16.07843137254902,87.84313725490196,82.35294117647058,48.81390401357759,49.22750023047101,66.27450980392156,MINNEHAHA COUNTY JAIL,"500 NORTH MINNESOTA AVENUE, SIOUX FALLS, SD 57104",0,4,4,3,605-367-4321,USMS IGA,3,2026-02-12
159,41.480566820754774,6.818181818181818,30.32742424242427,23.337661128527,91.44385026737967,38.82352941176471,16.470588235294116,25.098039215686274,34.80563851594001,63.841,8.93333329094781,71.21489715576172,55.069177202756805,79.6078431372549,81.17647058823529,81.34920634920636,45.490196078431374,69.93012231911914,0.03508067393094998,1.2314875865259154,1.3491343956809565,53.72549019607843,71.37254901960785,74.50980392156863,65.86302472749028,56.86626185418314,86.27450980392157,MONROE COUNTY DETENTION-DORM,"7000 EAST DUNBAR ROAD, MONROE, MI 48161",0,126,126,114,734-240-8001,IGSA,48,2026-02-12
160,42.997311010755745,72.90697674418605,28.693533568904616,21.28135780228913,93.04812834224599,75.29411764705883,9.019607843137255,26.666666666666668,36.02933691835913,56.11,5.9666666984558105,81.33308410644531,107.205904346284,15.686274509803921,7.0588235294117645,82.93650793650794,58.82352941176471,27.11048205393621,0.15452067502310382,0.4272380936607548,4.383501265247919,82.35294117647058,50.588235294117645,90.19607843137256,72.16148023875166,45.100433070349,51.76470588235295,MONTGOMERY COUNTY JAIL,"PARK STREET, FONDA, NY 12068",0,0,0,0,518-853-4304,USMS IGA,2,2026-01-08
161,20.028550514493183,110,38.78111504424783,36.70766262372149,70.58823529411765,84.70588235294117,69.41176470588235,15.294117647058824,50.193889699162966,65.0115,9.277777777777777,22.617462158203125,71.65422509465124,84.70588235294117,84.31372549019608,36.11111111111111,52.54901960784314,60.67423787816444,1.6132090890739923,1.5555211583914106,1.226330994337554,97.6470588235294,78.03921568627452,72.94117647058823,82.220783093928,64.3629702237518,95.68627450980392,MONTGOMERY ICE PROCESSING CENTER,"806 HILBIG RD, CONROE, TX 77301",315,917,1232,912,936-521-4900,CDF,15,2026-02-12
162,5.448770684669397,96.04545454545456,27.204417186417224,43.98901100149121,49.73262032085562,80.7843137254902,4.313725490196078,9.019607843137255,19.883925879362383,57.943,8.088888910081652,67.542327880859375,0,32.15686274509804,56.470588235294116,77.38095238095238,30.58823529411765,45.5324604584218,0.02641127333591499,0.11803141227697184,0.07732888604218346,45.88235294117647,23.52941176470588,24.705882352941178,29.87805851153909,31.764814949774426,15.294117647058824,MOSHANNON VALLEY PROCESSING CENTER,"555 GEO DRIVE, PHILIPSBURG, PA 16866",48,1615,1663,1243,814-768-1200,DIGSA,55,2026-02-12
163,29.65140341071691,0.06976744186046512,31.7536785714286,9.89537763455072,83.42245989304813,8.627450980392156,26.666666666666668,47.84313725490196,30.955546006555746,62.149,8.877777894337973,18.224952697753903,324.95190322492414,70.58823529411765,80,26.984126984126984,85.09803921568627,60.00847073081156,0.01448454196434861,1.0317671289364048,0.2317385128423306,21.96078431372549,68.62745098039215,41.96078431372549,39.84095781106714,43.601658182811484,47.45098039215686,MUSCATINE COUNTY JAIL,"400 WALNUT STREET, MUSCATINE, IA 52761",1,18,19,8,563-262-4190,USMS IGA,31,2026-02-12
164,0,255.5,36.51585537918876,14.487999363994131,25.13368983957219,93.72549019607843,58.82352941176471,36.07843137254902,47.285520546164875,70.936,6.766666730244954,0,214.97924532626325,98.0392156862745,17.254901960784313,1.984126984126984,73.33333333333333,22.27387630252656,0.6810594529849203,0.2761951303240472,11.175977229343593,96.47058823529412,41.96078431372549,96.07843137254902,72.99416461282547,47.517853820505636,60.78431372549019,NASSAU COUNTY CORRECTIONAL CENTER,"100 CARMAN AVENUE, EAST MEADOW, NY 11554",0,13,13,12,516-572-4200,USMS IGA,2,2026-02-12
165,0,45.404761904761905,42.472806394316216,0.04197154448472903,25.13368983957219,67.05882352941175,81.17647058823529,94.50980392156862,59.965961574315955,61.014,6.291666666666667,1.4464216232299805,216.75168577683937,61.568627450980394,10.980392156862745,8.73015873015873,74.50980392156863,25.75154088470199,0.00437587609664674,0.2347419411980308,0.4263951088875082,1.5686274509803921,38.03921568627451,50.19607843137255,14.414747897120128,33.37741678537936,19.607843137254903,NATRONA COUNTY JAIL,"1100 BRUCE LANE, CASPER, WY 82601",1,13,14,11,307-235-9521,USMS IGA,15,2026-02-12
166,NA,1.3636363636363635,31.46469964664313,25.717864009808384,NA,22.35294117647059,25.098039215686274,23.137254901960784,23.50149193810948,59.6785,8.088888910081652,19.05724334716797,0,52.156862745098046,56.470588235294116,28.174603174603174,30.58823529411765,39.915033729219815,0.02235940952223417,1.55114667747284,0.631460131876193,40.78431372549019,77.64705882352942,59.21568627450981,57.23806961498376,40.218198427437684,35.294117647058826,NELSON COLEMAN CORRECTION,"5061 HIGHWAY 3127, KILLONA, LA 70057",0,3,3,2,985-783-1164,USMS IGA,2,2026-02-12
167,0,27.4,53.553045774647906,0,25.13368983957219,56.86274509803921,96.86274509803921,100,60.99724379017579,68.2465,11.377777629428438,0.0105591444298625,0,94.90196078431372,98.82352941176471,2.7777777777777777,30.58823529411765,29.877679678918522,0.00556692699269126,0.01631121250487311,0.25862028760764477,5.098039215686274,0.7843137254901961,42.745098039215684,5.549575551240661,32.14149967344499,16.07843137254902,NEVADA SOUTHERN DETENTION CENTER,"2190 EAST MESQUITE AVENUE, PAHRUMP, NV 89060",0,460,460,266,775-751-4500,USMS CDF,47,2026-02-12
168,13.632858827725617,335.8095238095238,31.82501766784455,46.801206820068934,64.171122994652407,95.68627450980392,27.84313725490196,7.450980392156863,33.59543111410637,57.694,6.133333259158665,113.34502410888672,0,28.235294117647058,9.019607843137255,90.07936507936508,30.58823529411765,28.94275894746919,0.1176629499721758,0.16491362823363592,0.5686285600200499,77.25490196078432,30.980392156862745,56.470588235294116,51.31902807730399,37.952406046293184,29.411764705882355,NEW HANOVER COUNTY JAIL,"3950 JUVENILE RD, CASTLE HAYNE, NC 28429",0,4,4,3,910-798-4200,USMS IGA,2,2026-02-12
169,0,154.67441860465115,29.23674911660781,36.913645758962275,25.13368983957219,88.62745098039215,11.76470588235294,14.50980392156863,24.832290603817246,59.645,7.21666661898295,128.41793823242188,11.50916894231358,51.37254901960784,24.313725490196077,94.04761904761905,31.372549019607842,43.814721852195895,0.25628711725088005,1.2164587625117018,4.979069586861807,90.58823529411765,70.98039215686275,91.76470588235294,83.87424495390441,50.840419136639184,72.15686274509804,NIAGARA COUNTY JAIL,"5526 NIAGARA STREET EXTENTION, LOCKPORT, NY 14094",11,0,11,11,716-438-3393,USMS IGA,11,2026-02-12
170,NA,60.40909090909091,27.672194690265524,69.22497813021897,NA,71.76470588235294,5.88235294117647,1.9607843137254901,9.389243538287491,57.871,6.775000095367432,4.368651866912842,16.057392490015143,31.372549019607842,17.647058823529413,16.26984126984127,32.15686274509804,23.199027619576576,0.02700098718245676,0.2897225199479106,0.0326083964946847,46.27450980392157,43.92156862745098,7.8431372549019605,25.167292393640576,19.251854517168216,1.1764705882352942,NORTH CENTRAL REGIONAL JAIL,"#1 LOIS LANE, GREENWOOD, WV 26415",0,2,2,2,304-873-1384,IGSA,5,2026-02-12
171,NA,115.37777777777778,26.366961770302062,44.217711331220976,NA,85.88235294117646,1.5686274509803921,8.627450980392156,10.51401878359998,60.379000000000005,6.558333158493042,64.89334869384766,0,59.21568627450981,14.901960784313726,76.19047619047619,30.58823529411765,37.868998811566755,0.20437312134064395,0.03695885585251861,0.02182564307365059,87.84313725490196,5.490196078431373,2.7450980392156863,10.980392156862743,19.787803250676493,2.3529411764705883,NORTH LAKE CORRECTIONAL FACILITY,"1805 W 32ND ST, BALDWIN, MI 49304",113,1307,1420,1272,231-876-4900,CDF,45,2026-02-12
172,5.215905037725494,5.790697674418604,30.36732142857145,36.498328355497016,49.19786096256685,38.43137254901961,17.254901960784313,15.686274509803921,26.746447448087206,62.0895,9.37499992052714,6.500626087188721,10.576119307702117,69.80392156862744,85.09803921568627,18.650793650793652,30.980392156862745,43.04234268319247,0.079519040328293,0.43094771273790333,0.7104784861029483,71.76470588235294,50.98039215686274,60.3921568627451,60.454904648857216,43.4145649267123,46.666666666666664,NORTHEAST OHIO CORRECTIONAL CENTER,"2240 HUBBARD ROAD, YOUNGSTOWN, OH 44505",0,206,206,163,330-746-3777,USMS IGA,31,2026-02-12
173,43.30685789045047,2.238095238095238,31.98196209884314,10.698957197382766,93.58288770053476,29.411764705882355,29.01960784313726,45.09803921568628,43.565397509749275,58.54900000000001,9.000000105963812,3.66190242767334,6169.207330944592,39.21568627450981,81.96078431372548,13.88888888888889,99.6078431372549,45.92051407017447,25107968.96339573,0.9249960358849126,0.21052011587061795,100,67.45098039215686,40.3921568627451,64.82787264125973,51.437928073727825,73.33333333333333,NORTHERN REGIONAL JAIL,"RD. 2, BOX 1, MOUNDSVILLE, WV 26041",3,27,30,28,304-843-4067,IGSA,7,2026-02-12
174,16.27723693316508,0.14285714285714285,35.49085501858738,2.643980363762547,67.37967914438502,10.196078431372548,52.156862745098046,72.54901960784314,40.15376552712346,51.6935,5.041666626930237,22.608985900878903,107.25843267988436,0.7843137254901961,2.7450980392156863,35.317460317460316,59.21568627450981,8.191595087515145,1.594421037546429,7.072504906992222,11.33261116517034,97.25490196078431,98.82352941176471,96.86274509803921,97.64339650615175,48.66291904026345,63.52941176470588,NORTHWEST ICE PROCESSSING CENTER,"1623 E. J STREET, TACOMA, WA 98421",133,1239,1372,965,253-779-6000,CDF,51,2026-02-12
175,NA,1.9534883720930232,28.832548672566393,9.570243398577505,NA,27.450980392156865,10.196078431372548,49.411764705882355,24.003457196720273,58.115,8.100000063578289,92.971038818359375,23.100584812980095,34.509803921568626,57.647058823529406,87.3015873015873,35.294117647058826,49.75778380341195,0.00655355533723895,2.9325017650865837,0.02741047559088821,7.0588235294117645,91.76470588235294,6.2745098039215685,15.958642084772553,29.906627694968257,12.549019607843137,NORTHWEST REGIONAL CORRECTIONS CENTER,"816 MARIN AVE., SUITE 110, CROOKSTON, MN 56716",1,14,15,14,218-470-8100,USMS IGA,24,2026-02-12
176,NA,19.79069767441861,27.317137611043265,18.19701570098463,NA,51.76470588235295,4.705882352941177,30.19607843137255,19.44800781599449,55.1145,6.3666666348775225,21.90702247619629,0,9.803921568627452,12.156862745098039,34.12698412698413,30.58823529411765,18.780987281825258,0.03080335130729505,0.22936365674901563,0.1760962717692276,49.01960784313725,37.64705882352941,37.254901960784316,40.96642850283603,26.398474533551926,6.2745098039215685,NORTHWEST STATE CORRECTIONAL CENTER,"3649 LOWER NEWTON ROAD, SWANTON, VT 05488",0,11,11,10,802-524-6771,USMS IGA,13,2026-02-12
177,0.03998286899670096,20.681818181818183,35.36625000000001,9.493768504191063,26.737967914438503,52.156862745098046,50.588235294117645,50.19607843137255,43.38002463939992,53.421,8.600000063578287,92.83155822753906,0,3.9215686274509802,73.33333333333333,86.90476190476191,30.58823529411765,29.569216049538195,0.0328481770641246,3.0870231147854197,2.528988316121313,51.37254901960784,93.72549019607843,85.09803921568627,74.27388308858073,49.07437459250628,65.09803921568627,NORTHWESTERN REGIONAL JUVENILE DETENTION CENTER,"145 FT COLLIER RD, WINCHESTER, VA 22603",0,0,0,0,540-722-6174,JUVENILE,NA,2025-07-07
178,0.9079016007956772,1.880952380952381,31.088380281690178,11.688815583140546,30.481283422459892,26.666666666666668,21.96078431372549,43.13725490196079,29.62276431034736,61.3065,7.533333301544189,12.342391967773438,61.43773361265751,63.13725490196078,32.94117647058823,21.825396825396826,48.627450980392155,38.54491689693513,0.02075001349891035,0.07796152022545856,0.06979802927911716,38.82352941176471,18.03921568627451,20.784313725490197,24.416464863568322,30.861382023616937,14.117647058823529,OLDHAM COUNTY DETENTION CENTER,"3405 W HWY 146, LA GRANGE, KY 40031",0,128,128,85,502-222-3500,USMS IGA,37,2026-02-12
179,0,1.0714285714285714,31.59119768134358,20.70666781813862,25.13368983957219,20.392156862745097,25.882352941176475,27.058823529411764,24.476990540122184,61.136,7.650000174840291,14.644371032714844,668.3727081370944,62.35294117647059,38.82352941176471,23.809523809523807,92.94117647058823,48.109152716178606,0.019199608030867642,0.06344265468422414,0.0781279262143402,35.68627450980392,13.725490196078432,25.098039215686274,23.07931721857472,31.888486824958502,15.686274509803921,OLDHAM COUNTY JAIL,"100 W MAIN STREET, LA GRANGE, KY 40031",0,0,0,0,502-222-3500,USMS IGA,NA,2025-07-17
180,NA,38.68181818181818,37.76901810262695,12.32332751811753,NA,63.52941176470588,64.70588235294117,40.78431372549019,55.14048549102318,61.567,8.244444370269775,88.45922088623047,690.1012122722143,65.49019607843137,63.921568627450974,84.52380952380952,93.72549019607843,75.88660510200691,0.11840346500120998,0.7197690359399493,1.486146408729089,77.64705882352942,63.13725490196078,76.86274509803923,72.22854485006332,67.75187848103113,96.86274509803921,ORANGE COUNTY JAIL (FL),"3855 SOUTH JOHN YOUNG PARKWAY, ORLANDO, FL 32839",15,64,79,66,407-836-3400,USMS IGA,3,2026-02-12
181,31.34947516958233,279.9761904761905,29.649281789129112,41.21339318360924,84.49197860962568,94.50980392156862,13.333333333333334,10.588235294117647,32.58469541006689,59.053,6.650000095367432,187.77642822265625,0,45.490196078431374,16.470588235294116,99.60317460317461,30.58823529411765,38.86991853556436,0.08222038160059565,0.17541454865195705,1.9618410268302524,73.33333333333333,31.372549019607842,80.7843137254902,57.06801379237363,42.840875912668295,44.31372549019608,ORANGE COUNTY JAIL (NY),"110 WELLS FARM ROAD, GOSHEN, NY 10924",1,164,165,81,845-291-7713,IGSA,52,2026-02-12
182,NA,685.3409090909091,41.434134275618405,0.6256961819363044,NA,99.2156862745098,78.43137254901961,86.27450980392157,87.5623789252328,59.040000000000006,10.72222211625841,135.08335876464844,0,45.09803921568628,96.86274509803921,95.23809523809523,30.58823529411765,59.72688828262342,0.01066692219193463,4.300566734088841,4.9360158751036565,12.156862745098039,96.86274509803921,90.98039215686275,47.49435895231067,64.92787538672229,96.07843137254902,OTAY MESA DETENTION CENTER,"7488 CALZADA DE LA FUENTE, SAN DIEGO, CA 92154",260,1213,1473,1236,619-671-8750,CDF,55,2026-02-12
183,0,2,51.52633156966492,0,25.13368983957219,27.84313725490196,94.11764705882352,100,50.65955496120272,63.8875,3.8833332856496177,0.02512252144515514,0,80,1.1764705882352942,3.571428571428571,30.58823529411765,10.069707673608093,0.0192676352666073,0.06049360082337666,0.05070402878624341,36.470588235294116,12.549019607843137,15.686274509803921,19.29112072884862,26.673461121219812,8.627450980392156,OTERO COUNTY PROCESSING CENTER,"26 MCGREGOR RANGE ROAD, CHAPARRAL, NM 88081",141,765,906,765,575-824-0440 X 200,DIGSA,60,2026-02-12
184,2.7374623637838846,71.69565217391305,31.36264550264553,39.48429153617488,40.106951871657756,74.50980392156863,23.137254901960784,12.156862745098039,30.279005404883986,57.067499999999995,7.525000015894572,3.8032267093658447,0,22.745098039215687,32.15686274509804,14.285714285714285,30.58823529411765,23.776858149462406,0.01469109192621529,0.03966973160865356,0.03938802162846652,22.745098039215687,7.0588235294117645,11.76470588235294,12.361383229395063,22.13908226124715,3.5294117647058822,OZARK COUNTY SHERIFF'S OFFICE,"1818 COUNTY ROAD 806, GAINESVILLE, MO 65655",0,21,21,11,417-679-4633,IGSA,33,2026-02-12
185,NA,10.930232558139537,37.77040854879095,3.042230904797193,NA,45.490196078431374,65.09803921568627,70.58823529411765,59.34798984311436,58.4855,8.21666661898295,4.1326751708984375,283.0716295461432,38.43137254901961,62.35294117647059,15.873015873015872,81.17647058823529,41.91872972990129,0.07273786756805743,0.21359173000753703,0.07720908299489213,69.80392156862744,36.86274509803922,24.313725490196077,39.698399818104896,46.98837313037352,58.82352941176471,PENNINGTON COUNTY JAIL (SOUTH DAKOTA),"300 KANSAS CITY STREET NONE, RAPID CITY, SD 57701",0,4,4,3,605-394-6116,USMS IGA,4,2026-02-12
186,NA,8.80952380952381,35.469683098591595,10.136524282701195,NA,42.35294117647059,51.37254901960784,47.05882352941176,46.782696666043464,54.373,7.750000079472859,25.381675720214844,172.15836435455404,6.2745098039215685,43.529411764705884,41.269841269841265,70.58823529411765,29.86633491926949,0.03223052037648544,0.48026569918440415,1.0436291386729295,50.98039215686274,51.76470588235295,68.23529411764706,56.46968045018559,44.37290401183285,49.01960784313725,PHELPS COUNTY JAIL (MO),"301 W. 2ND, ROLLA, MO 65401",2,14,16,12,573-426-3860,USMS IGA,38,2026-02-12
187,5.171310998234709,2.4761904761904763,34.98143109540639,5.140321565759018,48.663101604278076,30.58823529411765,48.627450980392155,62.745098039215684,46.164047450097705,52.999,6.208333412806192,69.4498062133789,61.08615237785692,3.1372549019607843,9.803921568627452,78.57142857142857,48.23529411764706,18.477567770388404,0.01245514202045779,1.490513518325789,0.42404004173599946,16.470588235294116,76.86274509803923,49.80392156862745,39.80120130936086,34.81427217661566,21.176470588235293,PHELPS COUNTY JAIL (NE),"715 5TH AVENUE, HOLDREGE, NE 68949",2,22,24,10,308-995-5692,USMS IGA,46,2026-02-12
188,16.36008787347166,78.38095238095238,30.861126760563412,46.4319252458076,68.44919786096256,77.64705882352942,19.607843137254903,7.8431372549019605,30.067910788059876,56.429,7.677777820163303,36.257720947265625,0,17.647058823529413,40.3921568627451,55.158730158730165,30.58823529411765,33.11574386263651,0.02480006034139613,0.04756058010559676,0.03040000136636739,43.92156862745098,9.019607843137255,7.0588235294117645,14.088538425602739,25.75739769209971,5.88235294117647,PICKENS COUNTY DETENTION CENTER,"188 CEMETERY ST, CARROLLTON, AL 35447",5,38,43,36,205-367-2000,IGSA,4,2026-02-12
189,0,171.5,24.403615520282205,74.07511514248606,25.13368983957219,90.58823529411765,0.7843137254901961,0.7843137254901961,6.117541445645415,57.251999999999995,6.300000031789144,1.8785288333892824,0,25.098039215686274,11.372549019607844,10.317460317460316,30.58823529411765,17.32432052127651,0.04289898422614422,0.03646895409579429,0.04239238048922193,59.21568627450981,5.098039215686274,13.333333333333334,15.90716887826688,13.116343615062934,0.39215686274509803,PIKE COUNTY JAIL,"175 PIKE COUNTY BOULEVARD, LORDS VALLEY, PA 18428",0,241,241,170,	570-775-5500,IGSA,59,2026-02-12
190,2.32827871601592,189.0681818181818,31.821948051948077,50.09333771923339,37.967914438502675,90.98039215686275,27.450980392156865,6.2745098039215685,27.77317637084371,58.676,7.916666746139526,32.469139099121094,0,42.745098039215684,50.98039215686274,51.587301587301596,30.58823529411765,43.062246316330636,0.01662731250575809,0.06346896740252642,0.05957006969326813,28.627450980392155,14.117647058823529,19.215686274509807,19.80312064077085,30.212847775981732,13.333333333333334,PINE PRAIRIE ICE PROCESSING CENTER,"1133 HAMPTON DUPRE ROAD, PINE PRAIRIE, LA 70576",0,897,897,696,337-599-2198,DIGSA,16,2026-02-12
191,32.54473180743333,5.627906976744186,39.08130742049474,12.480700263874468,86.09625668449198,37.64705882352941,71.37254901960785,40.3921568627451,55.28863825146398,65.666,10.944444550408257,0.10982582718133926,0,88.62745098039215,98.0392156862745,4.365079365079365,30.58823529411765,32.81925085053598,0.04062908599508525,1.9855792670359116,11.190346633971709,57.647058823529406,82.35294117647058,96.47058823529412,77.0815427788095,55.06314396026982,82.74509803921568,PINELLAS COUNTY JAIL,"14400 49TH STREET NORTH, CLEARWATER, FL 33762",8,30,38,31,727-464-6415,USMS IGA,2,2026-02-12
192,NA,7.666666666666667,39.69480962755476,0.25646600663063723,NA,40,74.11764705882354,89.80392156862746,64.33179050290316,58.361,6.166666666666667,64.6807861328125,0,36.86274509803922,9.411764705882353,75.79365079365078,30.58823529411765,29.947563592284332,0.00978617830776231,0.6160523701695849,0.03378937865126069,10.196078431372548,59.6078431372549,9.019607843137255,17.632263884687088,37.303872659958195,27.84313725490196,PLATTE COUNTY JAIL,"850 MAPLE STREET, WHEATLAND, WY 82201",0,0,0,0,816-858-2424,USMS IGA,2,2026-01-08
193,NA,45.61904761904762,28.977716814159333,25.83598352773136,NA,67.45098039215686,10.588235294117647,22.745098039215687,25.325997195297163,58.58,4.400000055631002,60.802268981933594,220.11964562005895,40.3921568627451,1.9607843137254901,72.22222222222221,75.29411764705883,25.617673776689518,0.03291956202698165,0.27798567867684904,0.8484987931634214,51.76470588235295,42.35294117647059,64.70588235294117,52.15392881190945,34.365866594632045,20,PLYMOUTH COUNTY CORRECTIONAL FACILITY,"26 LONG POND ROAD, PLYMOUTH, MA 02360",0,503,503,367,508-830-6200,IGSA,45,2026-02-12
194,21.745388423516676,308.95652173913044,35.60822222222227,15.293007391210285,74.8663101604278,94.90196078431372,52.54901960784314,34.11764705882353,59.74152798716279,65.193,8.449999888737997,49.84077835083008,0,85.88235294117646,68.62745098039215,66.66666666666666,30.58823529411765,58.87978851984802,0.04252836547272335,4.28866633155358,0.12505481103838886,58.82352941176471,96.47058823529412,32.15686274509804,56.72047934482995,58.44726528394692,89.41176470588236,POLK COUNTY JAIL,"2390 BOB PHILIPS ROAD, BARTOW, FL 33830",0,0,0,0,863-534-8712,IGSA,1,2025-11-20
195,0,0.5,35.23421052631583,5.771645282161914,25.13368983957219,14.901960784313726,49.80392156862745,61.1764705882353,32.68412829048542,59.291,8.444444444444445,21.295665740966797,563.1397276145992,47.84313725490196,67.84313725490196,32.93650793650794,91.76470588235294,55.96541137204956,0.12329193026219464,1.9749646560580665,3.6198753886282833,78.43137254901961,81.96078431372548,88.23529411764706,82.77758518380925,57.14237494878141,87.84313725490196,POLK COUNTY JAIL,"1985 NE 51ST PLACE, DES MOINES, IA 50313",4,49,53,27,515-323-5400,USMS IGA,24,2026-02-12
196,0,35.68181818181818,37.486666666666686,0.791994668428667,25.13368983957219,61.96078431372549,63.52941176470588,85.09803921568627,53.866267858961606,56.97,7.833333293596903,139.32968139648438,0,20.784313725490197,49.01960784313725,96.82539682539682,30.58823529411765,41.678521782727515,0.01425577515863175,0.1557237292476086,0.04058171186442869,20.784313725490197,29.80392156862745,12.549019607843137,19.809475022118495,38.45142155460254,30.980392156862745,PORT ISABEL SPC,"27991 BUENA VISTA BOULEVARD, LOS FRESNOS, TX 78566",12,1268,1280,1150,956-547-1700,SPC,7,2026-02-12
197,31.267106832722657,16.772727272727273,32.7387079646018,15.98011762047356,83.9572192513369,47.84313725490196,35.68627450980392,32.94117647058823,46.6154094687695,57.505,8.01111110051473,28.954500198364254,152.699476760211,27.058823529411764,54.11764705882353,47.61904761904761,69.01960784313725,46.838205987673646,0.209518463001542,2.2105398055466012,0.26924521405175367,88.62745098039215,85.09803921568627,43.529411764705884,68.98534970043211,54.14632171895842,80.3921568627451,POTTAWATTAMIE COUNTY JAIL,"1400 BIG LAKE ROAD, COUNCIL BLUFFS, IA 51501",3,27,30,11,712-890-2250,USMS IGA,19,2026-02-12
198,0.8089713075818883,68.18604651162791,39.947491166077775,1.446775199231746,29.946524064171122,73.72549019607844,74.90196078431373,81.56862745098039,60.60313735282219,66.053,7.52222220102946,44.64860916137695,0,89.80392156862746,31.76470588235294,63.095238095238095,30.58823529411765,48.43929197419558,0.02345301574895267,0.1162267763714117,1.3522348784108666,42.35294117647059,23.137254901960784,74.90196078431373,41.86934797016024,50.303925765726,69.01960784313725,PRAIRIELAND DETENTION CENTER,"1209 SUNFLOWER LN, ALVARADO, TX 76009",135,818,953,785,817-409-3995,DIGSA,21,2026-02-12
199,1.2956787015485212,9.386363636363637,36.96245098555089,13.99648134716086,33.155080213903744,42.745098039215684,60.3921568627451,37.254901960784316,42.25713913878237,59.269,7.833333333333333,10.549308776855469,599.4103234795163,47.05882352941176,49.411764705882355,20.634920634920633,92.15686274509804,45.85645508685176,0.01125404688510771,0.05343588779425897,2.1872364977331844,12.941176470588237,9.803921568627452,82.74509803921568,21.896361484665416,36.669985236766514,25.49019607843137,PUTNAM COUNTY SHERIFF,"421 E SPRING ST., COOKEVILLE, TN 38501",0,17,17,13,931-528-8484,USMS IGA,2,2026-02-12
200,20.25568998068297,73.72093023255815,31.96674336283187,55.83394084695886,72.72727272727273,75.68627450980392,28.235294117647058,4.313725490196078,28.614740567811182,58.605,7.083333333333334,5.027536392211914,966.2047922614896,40.78431372549019,21.96078431372549,17.46031746031746,96.07843137254902,35.01101981623174,0.05878564446278763,0.18247246573958867,0.09988356027473944,66.66666666666666,32.549019607843135,28.627450980392155,39.604370150000115,34.41004351134768,20.392156862745097,RAPPAHANNOCK REGIONAL JAIL,"1745 JEFFERSON DAVIS HIGHWAY, STAFFORD, VA 22554",0,0,0,0,540-288-5245,USMS IGA,1,2025-11-20
201,26.93949157529744,17.204545454545453,34.2569639522182,43.212961709264405,81.28342245989305,48.627450980392155,43.92156862745098,9.803921568627452,36.119380186497004,56.9235,8.977778010898165,77.17559814453125,85.21111150235718,19.607843137254903,81.56862745098039,82.53968253968253,55.68627450980392,52.07040842173916,0.01886826553463229,0.31661739000673894,0.21375762837395643,34.90196078431372,46.27450980392157,40.78431372549019,40.385760983681834,42.858516530639335,44.70588235294118,RICHWOOD CORRECTIONAL CENTER,"180 PINE BAYOU CIRCLE, MONROE, LA 71202",727,362,1089,981,318-325-8409,DIGSA,51,2026-02-12
202,15.13982861498537,27.375,45.771378091872805,2.051032748964278,66.31016042780749,56.470588235294116,89.01960784313725,77.25490196078432,71.23665659535156,57.055499999999995,8.6916667620341,70.24095153808594,0,21.568627450980394,76.86274509803923,80.95238095238095,30.58823529411765,45.012238591368465,0.00514690256827203,1.2585830400056894,0.03309451245584274,3.9215686274509802,71.76470588235294,8.235294117647058,13.233760816484388,43.16088533440147,45.490196078431374,RIO GRANDE DETENTION CENTER,"1001 SAN RIO BOULEVARD, LAREDO, TX 78046",0,625,625,579,956-718-4700,USMS CDF,61,2026-02-12
203,NA,0.06818181818181818,32.082757699749465,1.663006814426374,NA,8.235294117647058,29.80392156862745,80,26.97827461226269,57.211,8.233333269755045,26.1331844329834,0,23.92156862745098,63.13725490196078,43.25396825396825,30.58823529411765,37.597929777106934,0.00927574301001804,0.10494242654277398,0.02712240500999972,9.019607843137255,21.176470588235293,5.490196078431373,10.15959424529248,24.911932878220703,4.313725490196078,RIVER CORRECTIONAL CENTER,"26362 HIGHWAY 15, FERRIDAY, LA 71334",0,585,585,539,318-757-0622,DIGSA,60,2026-02-12
204,3.374582232946477,33.23255813953488,31.41392053872058,34.46325693041909,43.31550802139038,60.78431372549019,24.313725490196077,17.254901960784313,32.419008911008085,60.083,7.466666698455811,30.8433780670166,1490.52398528128,56.86274509803921,30.58823529411765,48.80952380952381,97.6470588235294,53.65824886027156,0.07286956635828476,2.995542024349188,1.142684184654565,70.19607843137254,92.94117647058823,70.58823529411765,77.22379025259416,54.4336826746246,80.7843137254902,RIVERSIDE REGIONAL JAIL,"1000 RIVER ROAD, HOPEWELL, VA 23860",4,89,93,79,804-524-6603,USMS IGA,3,2026-02-12
205,9.6513910305459,0.3333333333333333,38.9334350834351,9.511708187035463,56.14973262032086,12.549019607843137,69.80392156862744,49.80392156862745,39.561724401731276,58.355,8.508333365122477,26.064870834350582,83.84770372297385,36.470588235294116,70.19607843137254,42.857142857142854,55.294117647058826,49.62944760956894,0.01658532235059081,3.5735472549727527,0.8246247718074492,27.84313725490196,96.07843137254902,64.31372549019608,55.61806986156303,48.26974729095441,63.13725490196078,ROANOKE CITY JAIL,"340 CAMPBELL AVENUE SOUTHWEST, ROANOKE, VA 24016",0,1,1,1,540-853-2621,USMS IGA,2,2026-02-12
206,0,137.9090909090909,33.589661835748814,17.579269603677574,25.13368983957219,87.84313725490196,40.3921568627451,31.372549019607842,40.898062570926896,63.2685,8.366666475931803,39.73597717285156,1345.0568007228494,76.86274509803923,65.88235294117646,60.317460317460316,96.86274509803921,73.75155865254666,0.02616784808493634,0.30103744109610886,0.17425859049337028,45.09803921568628,44.70588235294118,36.86274509803922,42.04393293473602,52.231184719403196,77.25490196078432,ROBERT A DEYTON DETENTION FACILITY,"11866 HASTINGS BRIDGE ROAD P.O. BOX 429, LOVEJOY, GA 30250",0,14,14,8,770-305-8000,USMS IGA,4,2026-02-12
207,NA,0.7111111111111111,37.11512367491168,12.98234713253117,NA,18.43137254901961,61.1764705882353,39.21568627450981,35.36176809286271,57.0055,8.80833335717519,18.30798721313477,252.24752262400688,21.176470588235293,78.82352941176471,27.77777777777778,78.43137254901961,43.669095103616044,0.0210779729679994,3.1296881556450815,0.7514281164513866,39.21568627450981,94.11764705882352,62.35294117647059,61.28148417345545,46.77078245664474,58.03921568627452,ROCKINGHAM COUNTY JAIL,"25 SOUTH LIBERTY STREET, HARRISONBURG, VA 22801",0,0,0,0,540-564-3850,USMS IGA,2,2026-02-02
209,20.589658493003537,0,30.909259259259297,11.922488846315792,73.79679144385027,6.2745098039215685,20.392156862745097,41.96078431372549,25.088864769355006,55.769,5.799999872843425,0.16195747256278992,217.31556659435708,11.76470588235294,6.2745098039215685,5.555555555555555,74.90196078431373,13.238701486115353,0.06810883492910622,5.228282850474258,8.932490085706004,68.23529411764706,97.6470588235294,95.29411764705881,85.94978128681443,41.42578251409493,40.78431372549019,CUMBERLAND COUNTY JAIL,"50 COUNTY WAY, PORTLAND, ME 04102",0,0,0,0,207-774-5939,USMS IGA,65,2026-02-02
210,10.536303718662202,21.67441860465116,32.31119929453265,2.9585329995629186,57.75401069518716,53.333333333333336,31.372549019607842,71.37254901960785,51.24664905347149,62.786,7.200000127156576,106.77042388916016,18.858350300502355,73.33333333333333,23.92156862745098,88.4920634920635,32.94117647058823,47.5536248310465,0.02073384314679534,2.594904530777012,0.27759534530308166,38.43137254901961,89.41176470588236,44.31372549019608,53.399797274901474,50.73335705313982,70.98039215686275,DAKOTA COUNTY JAIL,"1601 BROADWAY, DAKOTA CITY, NE 68731",5,24,29,17,402-987-2170,USMS IGA,22,2026-02-12
211,1.2043292398988314,2.3555555555555556,43.52453262786597,1.9711009950028544,32.085561497326204,30.19607843137255,83.13725490196079,78.03921568627452,50.07168325310559,51.417,9.483333428700766,90.122650146484375,161.7723495213173,0.39215686274509803,86.27450980392157,86.11111111111111,69.80392156862744,21.235883479793866,0.01060939683733346,1.1190151911362236,0.2996683341912907,11.76470588235294,69.41176470588235,45.490196078431374,33.36650022160427,34.89135565150124,21.568627450980394,DALE G. HAILE DETENTION CENTER,"1115 ALBANY, CALDWELL, ID 83605",0,0,0,0,208-454-7525,IGSA,NA,2025-07-07
212,34.20467572809704,26.372093023255815,42.51431519749762,2.959951849833375,86.63101604278076,56.07843137254902,81.56862745098039,70.98039215686275,72.8253706201114,65.101,10.483333349227903,9.410796165466309,257.7538936728282,85.09803921568627,95.68627450980392,19.841269841269842,79.2156862745098,59.811881329256146,0.19243610088653043,2.023860578113423,1.3650450849242306,87.05882352941177,83.13725490196079,75.29411764705883,81.68140026563354,71.4395507383337,98.82352941176471,DALLAS COUNTY JAIL - LEW STERRETT JUSTICE CENTER,"111 WEST COMMERCE STREET, DALLAS, TX 75202",0,1,1,1,214-761-9025,USMS IGA,1,2026-02-12
213,39.97670992158471,0.6744186046511628,30.840211267605657,8.479632599206056,90.37433155080214,18.03921568627451,19.215686274509807,52.94117647058824,35.88624842547928,59.668,8.888888888888888,63.57490921020508,43.099168533579814,51.76470588235295,80.3921568627451,74.60317460317461,42.35294117647059,60.21741090323693,0.07514108474667122,2.990498342226373,0.32203567103477354,70.58823529411765,92.54901960784314,47.05882352941176,67.49139491845283,54.531684749056346,81.17647058823529,DAVIESS COUNTY DETENTION,"3337 HIGHWAY 144, OWENSBORO, KY 42303",1,26,27,20,270-685-8466,USMS IGA,24,2026-02-12
214,1.1131833380392482,47.16279069767442,34.479983862291576,22.40065189877732,31.550802139037433,69.01960784313725,45.88235294117647,25.882352941176475,40.10126587813832,57.733999999999995,8.555555714501276,25.854225158691406,127.27855931345334,29.01960784313726,71.37254901960785,42.46031746031746,64.70588235294117,48.84132495729514,0.03149541316973132,0.13598169985672265,0.18873256094668764,49.411764705882355,26.666666666666668,38.82352941176471,37.122000339300655,42.02153039157804,42.35294117647059,DAVIESS COUNTY DETENTION,"94 GRAPEVINE RD, MARTINSBURG, WV 25401",0,0,0,0,304-267-0045,IGSA,3,2026-02-02
215,13.518518572368086,18.02380952380953,42.380494699646675,1.6199607970509204,63.63636363636363,49.01960784313725,80.7843137254902,80.3921568627451,67.08941067841177,68.77199999999999,8.208333293596903,61.090553283691406,159.67716941458738,96.07843137254902,61.568627450980394,73.01587301587301,69.41176470588235,73.99611795498917,0.0836881596540108,0.25723945985542784,0.0944878564409344,73.72549019607844,40,27.450980392156865,43.25920227965754,61.44824363768616,94.11764705882352,DAVIS COUNTY,"800 WEST STATE STREET, FARMINGTON, UT 84025",0,4,4,3,801-451-4100,IGSA,3,2026-02-12
216,82.08236321464267,0,37.19507042253527,2.18431740436029,97.32620320855615,6.2745098039215685,61.96078431372549,75.29411764705883,41.0839209213833,61.19,9.383333285649618,2.7292845249176025,81.04554234299856,62.745098039215684,85.49019607843137,12.3015873015873,54.90196078431373,43.62759580827083,2.27267574421914,19.12737393217205,52.55858375182195,98.4313725490196,100,99.2156862745098,99.21361952862412,61.30837875275942,93.72549019607843,DELANEY HALL DETENTION FACILITY,"451 DOREMUS AVENUE, NEWARK, NJ 07105",57,851,908,840,973-474-2200,CDF,19,2026-02-12
217,21.199521758477093,166.609756097561,44.06815929203543,3.3458577092160695,74.33155080213903,89.80392156862746,85.49019607843137,69.01960784313725,79.22081829453289,67.546,7.666666666666667,3.873350143432617,136.7072996467042,93.72549019607843,40,14.682539682539684,66.27450980392156,43.7035136796179,0.1684244235626956,2.211703451777421,2.9694554405983933,84.70588235294117,85.49019607843137,87.05882352941177,85.74607035894894,69.5568007776999,97.6470588235294,DENVER CONTRACT DETENTION FACILITY,"3130 OAKLAND ST, AURORA, CO 80010",109,1141,1250,931,303-361-6612,CDF,47,2026-02-12
219,0,100.81395348837208,53.37368606701943,0,25.13368983957219,82.74509803921568,96.47058823529412,100,66.92653846070034,78.0295,9.84166669845581,1.280182719230652,21.80445736638336,100,90.19607843137256,7.936507936507936,33.72549019607843,39.417932849262876,0.13133632573019866,0.13594835676048617,6.6329532477650766,80,26.27450980392157,93.72549019607843,58.18719786304082,54.84388972433468,81.96078431372548,DESERT VIEW ANNEX,"10450 RANCHO ROAD, ADELANTO, CA 92301",0,416,416,373,760-246-1171,CDF,54,2026-02-12
220,NA,2.3095238095238093,40.111995520716704,0.21934921986654224,NA,29.80392156862745,75.68627450980392,90.58823529411765,58.900743916201385,62.917,7.433333317438761,82.5613021850586,0,73.72549019607844,28.627450980392155,83.33333333333334,30.58823529411765,48.16076548940314,0.00971616906042205,1.3525605631128417,0.02399822176138696,9.803921568627452,74.11764705882354,3.5294117647058822,13.688039832062131,40.24984974588889,36.07843137254902,DIAMONDBACK CORR FACILITY,"ROUTE 2, BOX 336, WATONGA, OK 73772",26,100,126,106,580-614- 2100,DIGSA,9,2026-02-12
221,NA,74.95348837209302,44.26177737881511,6.6592765421049185,NA,76.86274509803923,86.66666666666667,59.21568627450981,73.33898870026431,59.471500000000006,5.691666642824808,88.54862976074219,0,49.80392156862745,4.705882352941177,85.31746031746032,30.58823529411765,27.965606140500388,0.00979912256931549,0.06240058042338022,0.547175241110118,10.980392156862745,13.333333333333334,53.72549019607843,19.88744499202516,40.39734661092995,36.86274509803922,DILLEY IMMIGRATION PROCESSING CENTER,"300 EL RANCHO WAY, DILLEY, TX 78017",451,255,706,699,830-378-6500,FAMILY,28,2026-02-12
222,NA,74.95348837209302,44.26177737881511,6.6592765421049185,NA,76.86274509803923,86.66666666666667,59.21568627450981,73.33898870026431,59.471500000000006,5.691666642824808,88.54862976074219,0,49.80392156862745,4.705882352941177,85.31746031746032,30.58823529411765,27.965606140500388,0.00979912256931549,0.06240058042338022,0.547175241110118,10.980392156862745,13.333333333333334,53.72549019607843,19.88744499202516,40.39734661092995,36.86274509803922,DILLEY PROCESSING SINGLE ADULT FEMALE,"300 EL RANCHO WAY, DILLEY, TX 78017",195,0,195,191,830-378-6500,DIGSA,57,2026-02-12
223,0,3.488372093023256,28.82440707964603,3.6167238330454214,25.13368983957219,34.509803921568626,9.803921568627452,67.45098039215686,27.51989100197096,57.741,8.31666668256124,31.769914627075195,0,29.411764705882355,65.09803921568627,50.39682539682539,30.58823529411765,41.44877008982177,0.07949505317963755,1.0409811543811582,0.08559385584327152,71.37254901960785,69.01960784313725,26.666666666666668,50.83437352346487,39.934344871752536,34.509803921568626,DODGE COUNTY JAIL,"215 WEST CENTRAL STREET, JUNEAU, WI 53039",0,101,101,54,920-386-3734,USMS IGA,25,2026-02-12
224,35.110118130465075,1.627906976744186,51.498586572438185,0.15521022164110226,87.70053475935828,24.313725490196077,93.72549019607843,91.37254901960785,65.3704994203804,66.038,7.333333333333333,63.612640380859375,64.77984908341567,89.41176470588236,25.882352941176475,75,49.80392156862745,54.22265843358133,0.21649794569053984,0.4828564289309866,0.3520249997674837,89.41176470588236,52.54901960784314,47.84313725490196,60.803182541972454,60.13211346531139,91.76470588235294,DONA ANA COUNTY DETENTION CENTER,"1850 COPPER LOOP, LAS CRUCES, NM 88004",1,0,1,0,575-647-7600,USMS IGA,1,2026-02-12
225,NA,543.4545454545455,32.14549469964668,38.535074996160624,NA,98.4313725490196,30.19607843137255,13.333333333333334,34.09371089438425,61.628,7.71666677792867,108.7082061767578,0,65.88235294117646,41.96078431372549,88.88888888888889,30.58823529411765,52.3604836673753,0.02844142337327116,0.3636808348266699,1.897454345445002,46.666666666666664,49.01960784313725,79.6078431372549,56.681868344861236,47.712020968873595,61.96078431372549,DORCHESTER CO DET CTR,"220 HODGE ROAD, SUMMERVILLE, SC 29483",0,0,0,0,843-832-0215,USMS IGA,NA,2025-07-07
226,0,0,30.54749559082895,9.450202664235146,25.13368983957219,6.2745098039215685,18.43137254901961,50.588235294117645,19.582169942715907,55.032,7.799999952316284,23.035993576049805,96.43910793706682,8.627450980392156,45.490196078431374,36.507936507936506,57.25490196078431,30.095396385275762,0.10726922274378994,2.7953743701215577,1.2302641832333103,75.68627450980392,91.37254901960785,73.72549019607844,79.88836126806089,43.18864253201752,45.88235294117647,DOUGLAS COUNTY,"1409 HAMMOND AVENUE, SUPERIOR, WI 54880",4,23,27,23,715-395-1375,USMS IGA,36,2026-02-12
227,NA,46.97674418604651,42.83502654867259,1.3049631008500822,NA,68.62745098039215,81.96078431372548,82.35294117647058,77.37387771163232,54.101,8.799999872843424,105.05540466308594,48.12335667471624,5.098039215686274,78.43137254901961,88.09523809523809,44.31372549019608,35.346459664370784,0.05641713295643422,0.1861937901583875,0.07436097182314362,63.921568627450974,32.94117647058823,22.35294117647059,36.10553087093229,49.60862274897846,67.84313725490196,EAST HIDALGO DETENTION CENTER,"1330 HIGHWAY 107, LA VILLA, TX 78562",0,3,3,0,956-262-4511,USMS IGA,3,2026-02-12
228,NA,24.13953488372093,43.67060070671381,2.41464558290294,NA,53.72549019607843,84.31372549019608,73.33333333333333,69.2564188052019,58.1515,6.266666624281142,33.898529052734375,68.57970618909525,34.90196078431372,10.588235294117647,52.77777777777778,51.76470588235295,31.69856231062297,0.00603464615051988,0.0435352024235183,0.01674054844181539,6.666666666666667,8.235294117647058,1.1764705882352942,4.012265312486255,34.98908214277038,21.96078431372549,EDEN DETENTION CTR,"702 E BROADWAY ST, EDEN, TX 76837",0,485,485,435,325-869-2704,USMS IGA,32,2026-02-12
229,NA,0,50.98273368606706,0.09169906138761684,NA,6.2745098039215685,92.94117647058823,92.94117647058823,37.84414615977,72.355,10.233333269755043,6.811683177947998,534.3097659876097,99.2156862745098,94.50980392156862,19.444444444444446,90.58823529411765,63.750138906016325,0.01485793016405483,1.473178073118428,8.173613977666191,23.52941176470588,76.47058823529412,94.90196078431372,55.47877914074095,52.35768806884242,77.64705882352942,EL PASO COUNTY DETENTION FACILITY,"601 E. OVERLAND, EL PASO, TX 79901",0,2,2,2,915-546-2212,IGSA,0,2026-02-12
230,NA,0.5348837209302325,51.460176991150476,0.2307735200202101,NA,15.294117647058824,93.33333333333333,90.19607843137256,50.49514452998771,63.935,9.99999984105428,28.77585220336914,725.4490200152884,80.7843137254902,91.76470588235294,46.82539682539682,94.11764705882352,75.60296206940315,0.01454569069073668,2.768806826334529,2.0391697734620045,22.35294117647059,90.98039215686275,81.56862745098039,54.94588987801052,60.34799882580046,92.15686274509804,EL PASO SERVICE PROCESSING CENTER,"8915 MONTANA AVE., EL PASO, TX 79925",221,584,805,570,915-225-1941,SPC,48,2026-02-12
231,1.2211797208994744,6.976190476190476,41.29698795180727,0.6363830024765842,32.62032085561498,39.21568627450981,77.64705882352942,85.88235294117646,54.04359715622954,54.538,7.711111333635118,146.75506591796875,0,6.666666666666667,41.568627450980394,97.22222222222221,30.58823529411765,30.129962968741935,0.02365759430361307,0.27518479184002304,0.03006435909667391,42.745098039215684,41.568627450980394,6.666666666666667,22.795734025180412,35.65643138338396,23.92156862745098,EL VALLE DETENTION FACILITY,"1800 INDUSTRIAL DRIVE, RAYMONDVILLE, TX 78580",381,561,942,774,956-689-9999,DIGSA,42,2026-02-12
232,8.660641549232036,0,39.84043478260872,4.155784715676142,54.01069518716578,6.2745098039215685,74.50980392156863,65.09803921568627,35.806364173079004,62.647,9.100000143051147,0,58.23687707123038,72.94117647058823,83.13725490196079,1.984126984126984,46.666666666666664,27.37386822010332,0.6615182730286001,1.8015620426802224,26.027793514945017,95.68627450980392,79.2156862745098,98.82352941176471,90.8183760223026,51.33286947182831,72.94117647058823,ELIZABETH CONTRACT DETENTION FACILITY,"625 EVANS STREET, ELIZABETH, NJ 07201",34,275,309,255,908-352-3776,CDF,12,2026-02-12
233,NA,89.46341463414635,46.79000000000002,1.7748525831294937,NA,79.6078431372549,90.58823529411765,79.2156862745098,82.97481293682569,58.1115,7.483333388964335,124.52921295166016,47.48216194659504,34.11764705882353,30.980392156862745,93.25396825396825,43.92156862745098,45.614486130952436,0.09272946636655388,0.03157141399448794,0.05432190391498482,74.90196078431373,1.9607843137254901,17.647058823529413,13.736152845692823,47.441817304490314,60.3921568627451,ELMORE COUNTY JAIL,"2255 E. 8TH NORTH, MOUNTAIN HOME, ID 83647",1,9,10,7,208-587-9103,USMS IGA,4,2026-02-12
234,0,120.92857142857144,55.597321804964125,0,25.13368983957219,86.66666666666667,98.4313725490196,100,68.04723319004366,64.26,6.499999947018094,125.42660522460938,0,81.96078431372548,12.941176470588237,93.65079365079364,30.58823529411765,41.75047658862172,0.01538445916834942,0.12714775931220684,0.116526824248871,25.882352941176475,25.49019607843137,30.19607843137255,27.10872916479478,45.635479647820056,54.509803921568626,ELOY FEDERAL CONTRACT FACILITY,"1705 EAST HANNA RD., ELOY, AZ 85131",529,811,1340,1054,520-466-4141,DIGSA,66,2026-02-12
235,NA,0,34.45941403007106,11.557443320690629,NA,6.2745098039215685,45.490196078431374,43.529411764705884,23.16115091873154,63.807,8.12500003973643,3.612983942031861,137.265627187835,79.2156862745098,58.43137254901961,13.492063492063492,67.05882352941175,45.237427053139136,0.13225357054583886,2.090228993255608,2.300953911992618,80.3921568627451,83.92156862745098,83.52941176470588,82.59914759381606,50.332575188562245,69.41176470588235,ERIE COUNTY JAIL,"DEPARTMENT OF CORRECTIONS 1618 ASH STREET, ERIE, PA 16503",0,17,17,15,814-451-7500,USMS IGA,11,2026-02-12
236,0,0.02272727272727272,52.291128747795455,0.27922626255269156,25.13368983957219,7.0588235294117645,94.90196078431372,89.01960784313725,34.989469637394905,64.24566666666666,8.674999912579855,31.013643264770508,97.3437049191274,81.56862745098039,76.07843137254902,49.2063492063492,57.647058823529406,64.77325929763141,0.01326152124177394,0.542363706532602,1.0012712910456338,18.43137254901961,56.07843137254902,67.05882352941175,41.07741965153111,46.946716195519144,58.43137254901961,ERO EL PASO CAMP EAST MONTANA,"6920 DIGITAL RD, EL PASO, TX 79936",283,2671,2954,2402,915-225-1941,CDF,9,2026-02-12
237,2.7430432533107147,0,36.76605790645883,9.812543862343045,40.64171122994652,6.2745098039215685,59.6078431372549,48.627450980392155,29.321364383160745,61.404,9.055555396609837,20.17397689819336,336.7289425040145,64.31372549019608,82.74509803921568,29.761904761904763,86.66666666666667,60.86809217078577,0.02299880741227226,1.45223413057779,1.5217198930877032,41.568627450980394,75.68627450980392,77.64705882352942,62.51284644451439,50.900767666153634,72.54901960784314,ETOWAH COUNTY JAIL,"827 FORREST AVENUE, GADSDEN, AL 35901",11,67,78,64,256-546-2825,USMS IGA,4,2026-02-12
238,12.301818058892245,61.22727272727273,29.634929577464817,54.482932362532,60.962566844919785,72.15686274509804,12.549019607843137,4.705882352941177,22.57604893224549,56.96,6.633333444595337,25.687355041503903,0,20.392156862745097,16.07843137254902,41.66666666666667,30.58823529411765,25.425090356542682,0.04521422172557758,0.03712845250980359,0.02260341609179125,60.78431372549019,5.88235294117647,3.1372549019607843,10.390364926956162,19.463834738581447,1.5686274509803921,FARMVILLE DETENTION CENTER,"508 WATERWORKS ROAD, FARMVILLE, VA 23901",0,714,714,541,434-395-8114,DIGSA,45,2026-02-12
239,11.446124908708605,0.5365853658536586,34.60640449438207,9.393628191870176,59.35828877005348,15.686274509803921,46.666666666666664,50.98039215686274,38.57916147961762,58.238,8.444444497426352,17.847169876098633,215.41559894988416,36.07843137254902,68.23529411764706,26.58730158730159,74.11764705882354,46.93136113586133,0.0113911938245312,6.071837798470597,2.2850635451282937,13.725490196078432,98.0392156862745,83.13725490196079,48.18454816499561,44.56502359349152,49.411764705882355,FAYETTE COUNTY DETENTION CENTER,"600 OLD FRANKFORD CR, LEXINGTON, KY 40510",0,0,0,0,859-425-2700,USMS IGA,2,2026-02-02
240,2.4198140055867645,43.21951219512195,35.61640949554899,25.049502056045004,39.037433155080215,65.49019607843137,52.94117647058824,23.52941176470588,42.24405025255517,69.008,9.644444465637209,0.36725375056266785,117.6168560993918,96.86274509803921,87.84313725490196,7.142857142857142,61.1764705882353,43.91169974837954,0.14208404184274886,1.372879323184276,0.7421968479791686,81.56862745098039,74.50980392156863,61.96078431372549,72.21340564805104,52.78971854966191,78.03921568627452,FCI ATLANTA,"601 MCDONOUGH BOULEVARD, SE, ATLANTA, GA 30315",0,110,110,64,404-635-5100,BOP,14,2026-02-12
241,0.5930062049771124,0,36.0680653266332,3.411144621081746,28.87700534759358,6.2745098039215685,56.86274509803921,68.62745098039215,28.997757348699157,68.455,10.422222561306423,2.118945837020874,1070.1603324250286,95.29411764705881,95.29411764705881,10.714285714285714,96.47058823529412,55.350632003259555,0.5855152919230767,1.010500322192119,16.70308821268863,95.29411764705881,68.23529411764706,97.6470588235294,85.94978128681443,56.76605687959105,85.49019607843137,FDC PHILADELPHIA,"700 ARCH ST., PHILADELPHIA, PA 19106",0,97,97,89,215-521-4000,BOP,6,2026-02-12
242,NA,1.3953488372093024,42.00835978835981,2.346472790913068,NA,23.137254901960784,79.6078431372549,74.11764705882354,51.49081557925897,60.21549999999999,7.344444486829968,48.700077056884766,59.115611231650306,58.82352941176471,26.27450980392157,65.47619047619048,47.05882352941176,46.714590102850785,0.01129768740750034,2.4942481990569516,0.5732703170210345,13.333333333333334,88.62745098039215,56.86274509803921,40.65477910597536,46.286728262695036,56.86274509803921,FINNEY COUNTY JAIL,"304 N. 9TH STREET, GARDEN CITY, KS 67846",0,0,0,0,620-272-3756,IGSA,2,2026-02-02
243,0,80.6590909090909,56.421342756183755,0.07682602596817516,25.13368983957219,78.03921568627452,99.2156862745098,93.72549019607843,65.35093448611579,67.182,7.46666661898295,137.8076629638672,22.962381045369877,93.33333333333333,29.80392156862745,96.42857142857143,34.90196078431372,55.31481151513155,0.01854885738666543,0.06689493379149442,0.05433003612870944,33.72549019607843,14.901960784313726,18.03921568627451,20.851618927902418,47.17245497638325,59.21568627450981,FLORENCE SERVICE PROCESSING CENTER,"3250 NORTH PINAL PARKWAY, FLORENCE, AZ 85132",10,325,335,281,520-868-5862,SPC,9,2026-02-12
244,5.44947314550323,58.31818181818182,56.36294532627868,0.09136932255143324,50.26737967914438,70.98039215686275,98.82352941176471,93.33333333333333,75.74089707832951,67.182,7.46666661898295,137.80764770507813,1568.4593795760084,93.33333333333333,29.80392156862745,96.03174603174604,98.0392156862745,71.53708021920878,0.01844478275395757,0.06688734466276616,0.05370148324988728,32.94117647058823,14.50980392156863,17.254901960784313,20.20401652739986,55.827331274979386,84.31372549019608,FLORENCE STAGING FACILITY,"3250 NORTH PINAL PARKWAY, FLORENCE, AZ 85232",19,320,339,243,520-868-3668,STAGING,3,2026-02-12
245,99.9999999999989,15165.32558139535,32.02531117490341,5.78466896731657,99.46524064171123,100,29.411764705882355,60.78431372549019,64.9375627542001,54.197500000000005,7.199999968210856,0,0,5.490196078431373,23.52941176470588,1.984126984126984,30.58823529411765,9.409806714792218,0.01811111727044149,0.03364788560926307,0.01915207190562328,32.15686274509804,2.7450980392156863,1.5686274509803921,5.173491987530572,26.506953818840962,6.666666666666667,FLORIDA SOFT-SIDED FACILITY,"54575 TAMIAMI TRL E, OCHOPEE, FL 34141",0,1350,1350,904,305-228-2000,STATE,15,2026-02-12
246,NA,367.0217391304348,32.78260176991153,42.08652694576724,NA,96.07843137254902,36.07843137254902,10.196078431372548,32.81725407771216,61.975,8.641666730244955,38.30751037597656,66.40965362586546,69.01960784313725,74.50980392156863,57.936507936507944,50.588235294117645,62.30844862508562,0.03208839493088678,0.6792491018421366,0.13533161606428476,50.588235294117645,62.35294117647059,34.509803921568626,47.74739201029511,47.62436490436429,61.568627450980394,FLOYD COUNTY JAIL,"2526 NEW CALHOUN HWY, ROME, GA 30161",0,0,0,0,706-291-4111,USMS IGA,2,2026-02-02
247,2.6998200629870936,375.6511627906977,33.057927927927956,35.48360727574037,39.57219251336899,96.86274509803921,38.82352941176471,16.07843137254902,39.32976886336903,54.948,7.55555534362793,69.72151184082031,293.6673067301798,8.235294117647058,33.72549019607843,80.15873015873017,82.74509803921568,36.84110282440645,0.01762112642952202,0.03503701118848474,0.03512727855525958,30.58823529411765,3.9215686274509802,10.196078431372548,10.694220550391394,28.955030746055627,11.76470588235294,FOLKSTON ANNEX IPC,"3424 HWY 252 EAST, FOLKSTON, GA 31537",0,276,276,199,912-496-6905,DIGSA,39,2026-02-12
248,5.683032337841839,371.13953488372096,33.06800705467376,38.93824232083852,51.87165775401069,96.47058823529412,39.21568627450981,12.941176470588237,39.919919638523744,54.948,7.53333314259847,69.72151184082031,12.75091878617932,8.235294117647058,32.549019607843135,80.15873015873017,31.76470588235294,28.742740460590504,0.01754108395274124,0.0351075660828994,0.03517010485625904,29.80392156862745,4.313725490196078,10.588235294117647,11.082808610055107,26.58182290305645,7.8431372549019605,FOLKSTON D RAY ICE PROCESSING CTR,"3262 HIGHWAY 252, FOLKSTON, GA 31537",0,986,986,833,561-893-0101,DIGSA,31,2026-02-12
249,1.5921383219236855,387.57142857142856,32.97000000000003,35.305417356712354,34.22459893048128,97.6470588235294,38.43137254901961,16.470588235294116,38.1371412062775,54.948,7.5444442431132,69.72151184082031,368.961671531203,8.235294117647058,33.33333333333333,80.15873015873017,87.84313725490196,37.28671571296798,0.01744006758088273,0.03479880322607323,0.03484586774930122,29.411764705882355,3.5294117647058822,9.803921568627452,10.058682039274686,28.494179652840057,9.803921568627452,FOLKSTON MAIN IPC,"3026 HWY 252 EAST, FOLKSTON, GA 31537",0,703,703,515,912-496-6905,DIGSA,35,2026-02-12
250,2.2391626985929003,9.731707317073171,34.801569664903035,20.49561550973674,36.898395721925134,44.31372549019608,47.45098039215686,28.235294117647058,38.47209294503499,59.227,8.916666746139526,72.2475357055664,319.7795739108828,46.666666666666664,80.7843137254902,81.74603174603175,84.70588235294117,71.47900818927907,0.5425917601736208,0.842731809282071,0.16941324884789974,94.90196078431372,65.49019607843137,36.470588235294116,60.972136720044915,56.97441261811966,86.66666666666667,FRANKLIN COUNTY JAIL,"625 FRANKLIN FARM LN, CHAMBERSBURG, PA 17201",0,0,0,0,717-264-9513,USMS IGA,2,2026-02-02
251,20.339028503568866,0.23809523809523808,30.013957597173174,8.864746953821571,73.2620320855615,11.76470588235294,14.901960784313726,52.156862745098046,28.609069180301212,60.721,7.816666841506958,59.444576263427734,136.77755731279564,61.1764705882353,47.84313725490196,71.42857142857143,66.66666666666666,61.100701068152134,0.01774907512264695,2.1805559275654693,2.8119828716547373,31.372549019607842,84.70588235294117,86.66666666666667,61.29689702223753,50.33555575689696,69.80392156862744,FREEBORN COUNTY ADULT DETENTION CENTER,"411 SOUTH BROADWAY AVENUE, ALBERT LEA, MN 56007",0,82,82,48,507-377-4683,IGSA,24,2026-02-12
252,0,0.0238095238095238,29.646289752650205,8.006663910857137,25.13368983957219,7.8431372549019605,12.941176470588237,55.294117647058826,19.379817794363607,59.879,7.783333381017049,38.674442291259766,67.25235471498573,54.90196078431373,44.70588235294118,58.730158730158735,50.98039215686274,52.06600049405942,0.03326861175030593,0.6134031155831922,0.0526299939033656,52.54901960784314,59.21568627450981,16.862745098039216,37.437762653952866,36.294526980791964,25.098039215686274,FULTON CO JAIL INDIANA,"2006 SWEETGUM RD, ROCHESTER, IN 46975",0,6,6,4,574-223-2819,USMS IGA,3,2026-02-12
253,NA,1.738095238095238,37.77809187279155,10.214953196628754,NA,26.27450980392157,65.49019607843137,46.666666666666664,43.1425586305457,65.43299999999999,8.233333428700766,38.80195617675781,262.77213547484104,87.84313725490196,63.52941176470588,59.12698412698413,79.6078431372549,71.5906102251647,0.02869158963964335,0.18190247086861192,0.07453962404812059,47.05882352941176,32.15686274509804,22.745098039215687,32.52876064824001,49.087309834650135,65.49019607843137,GARVIN COUNTY DETENTION CENTER,"201 WEST GRANT AVENUE, PAULS VALLEY, OK 73075",0,0,0,0,405-238-7591,IGSA,NA,2025-07-07
254,0.7452130660155187,15.155555555555557,34.97094575554777,14.726402832785803,29.411764705882355,46.666666666666664,48.23529411764706,34.90196078431372,38.988421746892804,62.2585,8.544444561004639,36.268341064453125,177.47774806596394,70.98039215686275,70.98039215686275,55.55555555555556,70.98039215686275,66.76297325949047,0.1975042978947067,3.0486784508061486,1.4110717618362594,87.45098039215686,93.33333333333333,76.07843137254902,85.31413717811303,63.68851072816543,94.90196078431372,GASTON COUNTY JAIL,"425 DR M.L.K. JR. WAY,, GASTONIA, NC 28052",0,0,0,0,704-869-6800,IGSA,NA,2025-07-07
255,0,1.318181818181818,26.716622233400436,34.41732016124455,25.13368983957219,21.96078431372549,2.7450980392156863,17.647058823529413,12.7874389327438,64.261,7.49999992052714,34.37632751464844,38.468668466984305,82.35294117647058,31.372549019607842,53.57142857142857,41.568627450980394,48.97584731872465,0.02973170086889776,0.0740987796991824,0.2620010614358954,48.627450980392155,17.254901960784313,43.13725490196079,33.07873060513914,31.614005618869196,14.901960784313726,GEAUGA COUNTY JAIL,"12450 MERRITT DR, CHARDON, OH 44024",7,13,20,17,440-279-2009,USMS IGA,72,2026-02-12
256,0,16.232558139534884,32.85564322137057,4.380707855531037,25.13368983957219,47.45098039215686,36.86274509803922,64.70588235294117,41.068441250853844,57.148,7.800000111262003,49.26888275146485,0,23.52941176470588,45.88235294117647,66.26984126984127,30.58823529411765,38.461992245458156,0.0151891691285766,0.09854896755520488,0.0139513310061819,24.705882352941178,20,0.39215686274509803,5.786687922892622,28.439040473068207,9.411764705882353,GLADES COUNTY DETENTION CENTER,"1297 EAST SR 78, MOORE HAVEN, FL 33471",0,469,469,423,863-946-1600,IGSA,47,2026-02-12
257,20.249674669964907,10.488888888888887,47.601272084805686,0.06744287850276011,72.19251336898395,44.70588235294118,91.76470588235294,94.11764705882352,72.6609200627644,70.7645,12.05833339691162,186.27767944335935,319.08943016316374,97.6470588235294,99.2156862745098,99.20634920634922,84.31372549019608,94.87882850371363,0.01570012270754594,1.869284865659289,0.17907855767743175,26.666666666666668,80,38.03921568627451,43.2942370811866,70.27799521588821,98.0392156862745,GOLDEN STATE ANNEX,"611 FRONTAGE RD, MCFARLAND, CA 93250",0,620,620,373,661-792-2731,CDF,72,2026-02-12
258,8.42683396733788,0.2926829268292683,31.624637168141625,5.055631142373815,53.475935828877006,12.156862745098039,26.27450980392157,63.13725490196078,32.225529067707676,56.948,9.74444442325168,21.689577102661133,126.58726600033263,20,88.62745098039215,33.33333333333333,64.31372549019608,44.15146990412617,0.00534511596867501,3.492345169538688,0.5533852905137198,4.705882352941177,95.68627450980392,54.90196078431373,29.131276963535864,35.1694253117899,22.745098039215687,GRAND FORKS COUNTY CORRECTIONAL FACILITY,"1701 NORTH WASHINGTON ST, GRAND FORKS, ND 58203",4,16,20,14,701-780-8224,USMS IGA,17,2026-02-12
259,NA,8.357142857142858,32.39000000000004,6.953799134380201,NA,41.17647058823529,32.94117647058823,57.25490196078431,42.664530079363146,57.584,7.666666666666667,92.490234375,31.027224327364586,27.84313725490196,40,86.5079365079365,38.82352941176471,43.97767663874567,0.01635159354211609,0.30581277162211673,0.639076712447726,27.450980392156865,45.09803921568628,59.6078431372549,41.94430238848912,42.86216970219931,45.09803921568628,GRAYSON COUNTY JAIL,"320 SHAW STATION ROAD, LEITCHFIELD, KY 42754",151,7,158,130,270-259-3636,USMS IGA,33,2026-02-12
260,0,27.772727272727273,33.99388692579508,2.082893262194498,25.13368983957219,57.25490196078431,42.35294117647059,76.86274509803923,46.5229342344657,58.7145,7.816666682561238,19.857158660888672,0,43.13725490196079,47.45098039215686,28.968253968253972,30.58823529411765,36.69810247510392,0.1432998051091411,0.49514124004004184,3.81719867745528,81.96078431372548,53.72549019607843,89.01960784313725,73.18533352811693,52.13545674589552,76.47058823529412,GREENE COUNTY JAIL,"1199 N HASELTINE RD, SPRINGFIELD, MO 65802",31,239,270,214,417-868-4048,USMS IGA,23,2026-02-12
