object_id,flood_risk_area_m2,flood_risk_percent
1,281791.4315415106,6.910065232751517
2,1023884.9765258654,25.10693688507444
3,56407.82443493859,1.3831857476550302
4,377638.19238660607,9.260081690248482
5,31722.929496060708,0.7778772497922538
6,668635.2276870129,16.395409298219768
7,0,0
8,1542640.7278005448,37.82546922931052
9,373946.0526166837,9.169090064659233
10,NA,NA
11,380067.41974914045,9.318126093349713
12,583825.060198139,14.313382387716908
13,1207176.110424479,29.595710722656538
14,475417.09466658975,11.655539360182466
15,244542.56568188462,5.995222830397863
16,NA,NA
17,719918.3332905796,17.649534647488032
18,41020.97396294704,1.0056705063946827
19,2370817.3744610054,58.122789377661
20,NA,NA
21,63257.55064502551,1.5507946189832509
22,423972.6950802882,10.393923634676948
23,0,0
24,98766.95068950733,2.421312046088732
25,84198.62075424432,2.064162171717144
26,56014.39501032941,1.3732139525674
27,330321.2114623328,8.097938257180779
28,0,0
29,210004.4361329706,5.148238283009328
30,NA,NA
31,NA,NA
32,300752.8322281339,7.372803023414741
33,0,0
34,703666.7258450886,17.24993274299365
35,237683.76162248358,5.826659289498946
36,0,0
37,120171.10495952598,2.945912795583977
38,40004.44577497126,0.9806817431564446
39,0,0
40,258727.56632713316,6.342513764415612
41,284531.05164804717,6.975053548080943
42,218159.74029364838,5.348009938207357
43,192574.30220398668,4.720794467562553
44,22359.081232260152,0.5481137710120354
45,296469.27699434443,7.267690998326184
46,866698.704634135,21.246268865893413
47,879640.347207764,21.563520543107785
48,148503.11926579123,3.640373239264995
49,721310.9729584175,17.6819469976022
50,0,0
51,457923.86235949455,11.225294668644578
52,0,0
53,0,0
54,0,0
55,271411.64887238713,6.653082575876956
56,855325.9577494435,20.966493497724834
57,269809.5568564351,6.613806430402852
58,697495.3055761348,17.0975674097814
59,363013.55807413463,8.898463935525928
60,994359.5923084323,24.374497244795183
61,0,0
62,1763961.6261229953,43.23828973939372
63,275595.3818949954,6.755018233585741
64,840899.4655041058,20.610954741580986
65,607976.7271479702,14.901877479098971
66,0,0
67,0,0
68,0,0
69,696630.9787680237,17.07440939876151
70,0,0
71,716322.2780652415,17.55689658303752
72,0,0
73,0,0
74,0,0
75,99967.13483099507,2.450167098618989
76,0,0
77,0,0
78,215096.8269256368,5.271954200696465
79,0,0
80,69764.1614381354,1.709895019957176
81,368596.05891361187,9.034159552982247
82,80763.6478536392,1.9794860233497165
83,17990.568711196254,0.4409419369028882
84,767872.6596271415,18.82024019914145
85,331599.83479348256,8.127353523984002
86,0,0
87,1916220.5740449992,46.96553055699113
88,666557.0846860894,16.33655679100332
89,2337.881454312632,0.057298158745803726
90,1868353.1716525063,45.79036452266186
91,7861.00166284478,0.19265990873549826
92,395046.48275025235,9.681917641669305
93,374305.7850009144,9.173592541175564
94,659794.0243209967,16.170398770453662
95,28154.028305668904,0.69000472161756
96,1401725.466586576,34.35375435167177
97,398257.7642253417,9.760471044508863
98,334952.52333025675,8.20897003695437
99,448030.1526424691,10.980260910195332
100,362067.36175216624,8.873474073989389
101,141757.9635786722,3.4741623472006107
102,209396.51892324892,5.131814999344648
103,0,0
104,240352.83610325615,5.890447505852409
105,0,0
106,6569.493183639155,0.1610014533703739
107,0,0
108,0,0
109,0,0
110,227227.98312669413,5.568733283809717
111,NA,NA
112,0,0
113,569236.5619724531,13.950298856326043
114,290271.4869648317,7.113665502246226
115,NA,NA
116,105726.27300938735,2.5910124051977923
117,203650.2367356252,4.990808827798162
118,385221.6504785862,9.440531072247646
119,0,0
120,966778.6628819188,23.692573755375644
121,147955.04719372914,3.6258743812669016
122,761586.3590882381,18.66386446162028
123,32551.7229809157,0.7977308659198927
124,6343.016268725281,0.15544453992107765
125,644483.4815154332,15.793964600883111
126,114119.8746090143,2.7966592101279115
127,2108899.178282467,51.681344474071814
128,274244.5112307408,6.7207176935861535
129,58984.293308291126,1.44548574279568
130,NA,NA
131,161208.66915703707,3.9506050132082464
132,150828.21964375043,3.6962177286723095
133,0,0
134,1240962.7662514679,30.411209441278853
135,NA,NA
136,218699.35356390537,5.359470526164892
137,414219.73344927566,10.150908093824198
138,0,0
139,439818.22031897225,10.778213306896726
140,35167.242242312044,0.8618101281038228
141,NA,NA
142,298216.9894020761,7.308115214684503
143,167275.19234999362,4.0992512891483495
144,1231603.815872827,30.181607685866236
145,0,0
146,0,0
147,985684.7367450392,24.15511440529641
148,163619.93576177984,4.009655016700029
149,162358.1569208317,3.978660501072801
150,193441.00130908593,4.740356726208736
151,93739.54408771326,2.29712871273774
152,679461.8261930388,16.650510575310182
153,495597.9106623658,12.144836812092107
154,379500.8418433056,9.299722396421298
155,0,0
156,0,0
157,1082013.0176323166,26.51474874375066
158,116771.2579424035,2.861474524529049
159,442017.01466177934,10.831593662509427
160,58088.61854202246,1.423450884915369
161,81381.02113434118,1.9942256464451338
162,616619.7541240227,15.1101245267664
163,605566.5602703352,14.839268566619202
164,NA,NA
165,0,0
166,583659.7828968934,14.302411664342024
167,408760.7255477179,10.016523379470952
168,145766.51597403226,3.5719497873987955
169,6653.460269613508,0.16304005415528008
170,0,0
171,0,0
172,402864.2539251443,9.871982406226792
173,238333.08490614287,5.840226582918506
174,148212.73177147828,3.631867918724744
175,145282.63873240686,3.560067670660575
176,205267.99541980255,5.029968009464843
177,0,0
178,0,0
179,159246.4509059517,3.902210626070097
180,NA,NA
181,NA,NA
182,NA,NA
183,NA,NA
184,35448.65740774013,0.8686396159650217
185,0,0
186,4741.517468294576,0.11618683460692762
187,46283.99701787036,1.1341498038172284
188,0,0
189,70435.21710971142,1.7259537215302976
190,0,0
191,377561.7582784407,9.251816554700623
192,43778.85572877622,1.0727614116307538
193,NA,NA
194,20652.07507925783,0.5060598476067798
195,0,0
196,NA,NA
197,NA,NA
198,NA,NA
199,197078.79595601707,4.829219900544589
200,205309.27482957576,5.030899600150927
201,324987.08347671485,7.963480221954418
202,224675.50769203776,5.505442880774576
203,216801.99739427224,5.3125105862803865
204,191743.71101884212,4.698479994144852
205,233090.4225689022,5.711634481496781
206,564860.0074630363,13.841288760661843
207,NA,NA
208,539081.5239171236,13.209606272502928
209,350005.3848681829,8.576501182545634
210,NA,NA
211,358102.9476206724,8.77491757373391
212,86096.69219078028,2.109704436573501
213,117435.18110031879,2.8776195260570594
214,0,0
215,232693.5475066419,5.701891365570654
216,159970.89844823882,3.919905362131329
217,903510.583830825,22.13947359794543
218,9008.13710202427,0.22073389853531816
219,0,0
220,0,0
221,0,0
222,122716.65824893722,3.007026744479256
223,NA,NA
224,125587.41188861695,3.0773692164022854
225,198100.83224071734,4.854223792921294
226,167328.79946509536,4.100189355478968
227,36510.01422167439,0.8946330642007276
228,33.82288454455373,8.287871984291446e-4
229,18613.85291536639,0.4561090284708743
230,332867.2840351802,8.156488492298369
231,17114.770682714538,0.41937537317628315
232,0,0
233,224898.80699489205,5.5108550887943375
234,840371.0013215358,20.592207095216075
235,593291.6096150189,14.537845396660156
236,0,0
237,91658.9822252466,2.2459836695934365
238,35953.97074577845,0.8810045443017247
239,1072646.0855300091,26.283741569365347
240,0,0
241,156761.95847646863,3.8412397715200357
242,0,0
243,0,0
244,0,0
245,4081027.6721495464,99.99999999999686
246,4081027.672149987,100.0000000000026
247,73958.39635545372,1.8122493228890078
248,1637666.1121997677,40.12874216430407
249,815489.1423806042,19.982433103184164
250,28256.18115695975,0.6923786233034925
251,0,0
252,0,0
253,4081032.855355357,100.00000000000009
254,274027.69494121434,6.7146652490576235
255,NA,NA
256,104274.28096736062,2.5550953560824636
257,0,0
258,4081035.4468738204,99.9999999999822
259,4081035.4468743466,100.00000000000229
260,44754.62667702718,1.0966488103233007
261,69988.06644744704,1.7149585530075289
262,336487.9178218378,8.245160381528754
263,0,0
264,0,0
265,4081038.038338003,100.00000000000017
266,4081038.03833854,99.99999999999251
267,22403.161585865415,0.5489574313055989
268,195576.13359394492,4.792313420180124
269,153873.93408703845,3.7704606681311197
270,376637.5382703338,9.228964168725193
271,69447.81176197289,1.7017192956685387
272,305207.83850766654,7.478676793437603
273,0,0
274,0,0
275,0,0
276,4081043.221098638,99.99999999999956
277,4081043.2210981436,99.99999999998033
278,24799.36025722265,0.6076720807319403
279,0,0
280,170986.37921686083,4.189768678838801
281,81967.93705251058,2.0085032322727994
282,45551.40224311032,1.1161691246422103
283,7421.362927308851,0.18184942184692762
284,428992.1537394648,10.511805764830056
285,0,0
286,216305.11060773928,5.300227160757606
287,1107385.8455580203,27.134785641806907
288,348082.7391900069,8.529231750089007
289,4548.354365453027,0.11145042283555884
290,0,0
291,4448.506072948689,0.10900372491033414
292,282051.55369315646,6.911234797737063
293,59246.14921149399,1.4517347722456682
294,2521.270757656776,0.06177978069580759
295,4081063.949914736,100.00000000000391
296,105576.13952724259,2.5869758676406005
297,215345.74677712077,5.2767060114709565
298,4081066.540765182,99.99999999999716
299,4081071.722298884,99.99999999998265
300,4081071.722299409,100.00000000000153
301,4081071.7222994324,99.99999999999783
302,3153.054534360726,0.07726045384434914
303,309576.64541446953,7.58566548101518
304,201950.7539634367,4.948470389793505
305,210561.12378694268,5.159453311524131
306,29728.057105775737,0.7284365820082673
307,4081079.4941804484,99.99999999999936
308,739508.2971870201,18.120409030052006
309,374041.7077004972,9.165263951211651
310,4081082.084695864,100.00000000000007
311,268692.2533861049,6.583848298315234
312,NA,NA
313,79507.77837149399,1.9482033617908927
314,74595.33601516695,1.8278322872973085
315,37112.97372854884,0.9093905233547165
316,1810386.7506300758,44.36043098177021
317,146078.68432255308,3.579406045917033
318,65925.61551256024,1.6153934288276401
319,72728.39303750946,1.782083751339338
320,4081092.446197047,99.99999999999962
321,59715.259882574705,1.4632175249598371
322,4024347.0374615407,98.6094908728276
323,0,0
324,120526.34451648007,2.953280686964837
325,214313.76075699303,5.251372163767892
326,0,0
327,923465.0538563966,22.62783119106215
328,84803.2100453104,2.07794838944048
329,99274.64610573184,2.432544603883382
330,161178.04782463115,3.949374849270515
331,150303.04848049776,3.682900436680371
332,0,0
333,503514.4352996468,12.337681761899074
334,6730.433838280114,0.16491672332449142
335,1138458.853396362,27.895810025506496
336,840838.9387533889,20.603189326987387
337,0,0
338,21911.405491371246,0.5368974270727522
339,0,0
340,9762.94457813255,0.23922228542238833
341,299816.9065738381,7.3464352391985885
342,628189.1783732404,15.392564647612364
343,0,0
344,21750.792477902534,0.5329608952789481
345,266.2316550538725,0.006523489264734455
346,0,0
347,1440540.981450869,35.29763454757867
348,0,0
349,2928.4954959050997,0.07175704483226661
350,NA,NA
351,NA,NA
352,1182735.44791232,28.980578245664866
353,NA,NA
354,NA,NA
355,NA,NA
356,NA,NA
357,NA,NA
358,0,0
359,NA,NA
360,NA,NA
361,95306.79062268243,2.3352958144398617
362,NA,NA
363,179088.43028584175,4.388191638062974
364,NA,NA
365,199894.5613498375,4.897999746402082
366,0,0
367,NA,NA
368,NA,NA
369,NA,NA
370,0,0
371,165993.24679400102,4.067310925805731
372,0,0
373,210688.0578957937,5.162458791374293
374,0,0
375,0,0
376,NA,NA
377,NA,NA
378,0,0
379,0,0
380,0,0
381,0,0
382,NA,NA
383,86739.15418653259,2.125350118977158
384,0,0
385,NA,NA
386,0,0
387,0,0
388,384939.4086465819,9.432072376413894
389,0,0
390,0,0
391,595159.4085279452,14.58302104191108
392,0,0
393,0,0
394,140247.05498539325,3.4364291825882742
395,239.32362748703844,0.005864071068479937
396,83794.3100105603,2.053185446818525
397,140126.51754329517,3.4334735143761073
398,398795.8083202271,9.77156122565384
399,0,0
400,264796.49087708374,6.488216345502462
401,0,0
402,0,0
403,125096.88984545502,3.0652036515585612
404,128430.15795781037,3.146877509335192
405,170522.17582107877,4.178240283922858
406,0,0
407,78208.86084908665,1.9163220935101817
408,0,0
409,0,0
410,455973.25488631066,11.172532866646678
411,52974.63972027775,1.29801506214451
412,23988.86844053226,0.587788666052216
413,213181.32660831095,5.223488048424197
414,43107.332919684246,1.0562393016104126
415,67547.48259071633,1.655085132965705
416,0,0
417,303899.14333615307,7.446297269010326
418,251472.04144240738,6.161700736858725
419,266021.9819023653,6.518206927622848
420,175839.31563439284,4.308505023232843
421,135236.75375294313,3.3136402446064395
422,32369.426501345908,0.7931317734846984
423,0,0
424,163336.6377351941,4.00215546471154
425,174447.9329187239,4.274409940837807
426,249661.2923047977,6.117321169898011
427,299295.6171840111,7.3334852918341005
428,0,0
429,184872.9919540631,4.529844174021905
430,854174.4440395732,20.929380154635233
431,NA,NA
432,NA,NA
433,0,0
434,6912.187329023581,0.1693654193110238
435,0,0
436,88628.11590884415,2.1716032542598502
437,0,0
438,139794.45646104222,3.4253002110812134
439,0,0
440,18696.246872694137,0.4581026986648964
441,14420.998581828933,0.3533489054118743
442,0,0
443,233794.69517262166,5.728524747723898
444,541046.9102354117,13.256933022683324
445,876378.2088302558,21.47333185466382
446,0,0
447,0,0
448,58841.644053465316,1.441757149010995
449,0,0
450,0,0
451,434265.8882295494,10.640517649422534
452,743335.5180860142,18.21342615376203
453,54296.469851938164,1.3303881221824763
454,13822.749195747698,0.3386890786101155
455,0,0
456,140141.15213361985,3.433775499559237
457,88008.41918424965,2.1564041497983504
458,665694.6281562087,16.31101515014299
459,12038.275908683681,0.2949646399078664
460,760445.3950752658,18.632610170214203
461,99431.3718630364,2.436289085934105
462,0,0
463,307302.0831381481,7.5295824366728175
464,0,0
465,68527.69366630577,1.6790793813826765
466,42510.167721918704,1.0415927094901019
467,52731.24892730798,1.292030885340564
468,863204.8947026033,21.1504071498556
469,80111.5744866397,1.9629074793775891
470,78603.73416259025,1.9259621182511677
471,143767.7751038647,3.5226225779878795
472,0,0
473,133364.61449283588,3.2677184186003476
474,4081278.798167916,99.99999999994557
475,22016.88295265813,0.5394600587293242
476,1111699.809170967,27.238989535190317
477,217921.78913901973,5.339539976168626
478,103397.39351752952,2.5334509618224383
479,1887190.5135537959,46.240088449552374
480,0,0
481,71337.92055323545,1.7479261592391695
482,1153974.6845958026,28.27475937989899
483,0,0
484,0,0
485,0,0
486,5457.118080590024,0.13371030721599333
487,0,0
488,91167.15181093353,2.2337775537612234
489,433946.12856034853,10.632534570291039
490,160525.3688901592,3.9331826217253543
491,0,0
492,162562.71332434734,3.9830989853360603
493,307835.8948870142,7.542566427325102
494,0,0
495,219829.83910269372,5.386246832699086
496,0,0
497,41808.06886090072,1.0243761118130117
498,48719.234763781664,1.1937126405873755
499,88580.44407750542,2.170385666750204
500,2060.168437652593,0.05047789532348301
501,143736.14884803945,3.5217985787703068
502,285986.4858816333,7.007192050136678
503,351716.11818202195,8.617688278635653
504,415571.46172205434,10.182254554701506
505,0,0
506,0,0
507,437010.53769310587,10.707537237718787
508,0,0
509,0,0
510,964649.0185516352,23.63559070843797
511,925296.3720502349,22.671381936010953
512,196934.4397912122,4.825235684652768
513,333807.36264421575,8.178859927896116
514,37279.65958985024,0.9134158049609394
515,872041.7786388302,21.366510518915753
516,387.23021648847015,0.00948778856443057
517,416969.3801061106,10.216441389897716
518,127008.65351340002,3.1119187241655313
519,105481.145310964,2.5844580996381366
520,90960.14807243641,2.2286702589082767
521,144002.56456567856,3.528290501353544
522,131493.90977339068,3.221806642770089
523,155003.96759772347,3.797837459874429
524,82281.899268247493,2.0160327913541316
525,1066196.277082363,26.12342829829824
526,229353.1056943406,5.6194923526292655
527,228098.7027908028,5.588757615019265
528,37120.44028535087,0.9095042926346096
529,161664.3444594166,3.9610069559362957
530,122405.31925123975,2.999104859014643
531,760759.4608167433,18.639691554533403
532,679308.156744757,16.643986857666096
533,86895.1673967991,2.1290501142424
534,0,0
535,10185.469157534511,0.2495577279805083
536,109538.12979156255,2.6838318760998128
537,1219871.9038616605,29.888430798725423
538,32454.565680461576,0.7951786063540381
539,604401.0232707616,14.808602527468146
540,227432.25919026008,5.5723793758673406
541,86333.55190668971,2.115279058949934
542,106973.42015817548,2.620981420634833
543,0,0
544,1016212.6555149914,24.89846997114444
545,689848.9316345532,16.902132715293742
546,384963.5702280285,9.432066846547844
547,1554703.3325273888,38.09203866356511
548,1411620.0833557819,34.58633275458036
549,NA,NA
550,NA,NA
551,6584.157379723699,0.16131920229275165
552,226417.59621582317,5.5474767204880004
553,NA,NA
554,2987.7848431298926,0.07320378449695449
555,110169.02948155074,2.6992539007447114
556,245593.2498420409,6.0172781954231604
557,808152.325986285,19.800358168389714
558,498722.09480167634,12.21903911542861
559,13704.949119617562,0.3357803862061209
560,0,0
561,860094.582993393,21.07285046803175
562,190879.69581546486,4.676670876478814
563,NA,NA
564,373732.3489851254,9.156668443083339
565,481696.60822284897,11.801858050638485
566,172777.98459712762,4.233162377655416
567,NA,NA
568,419518.250233179,10.278437701884378
569,0,0
570,0,0
571,0,0
572,0,0
573,0,0
574,0,0
575,285711.13888332125,7.000064617545849
576,2725937.606301817,66.78682344022802
577,0,0
578,257718.05444175846,6.314216172774531
579,531211.8539756909,13.014937454429532
580,0,0
581,0,0
582,58730.28738497148,1.4389175336121725
583,638831.8230383348,15.651656958084024
584,114715.73265070179,2.8105852438666017
585,0,0
586,124909.63002974965,3.0603362860376153
587,4081557.2725539315,99.99979842835516
588,1196033.0414662035,29.303273109813222
589,290475.3434020458,7.116758504381888
590,67180.53738621446,1.6459492057835912
591,0,0
592,1074047.2333621779,26.314540267924862
593,819590.9733795845,20.080258458679943
594,0,0
595,1016897.6241698549,24.914307227642073
596,1341105.5167677791,32.85748040065104
597,1405246.086618701,34.42892150953031
598,25278.7094876296,0.6193354410300755
599,1629418.3766078344,39.921079089373976
600,186077.43757137805,4.558929015540402
601,0,0
602,726243.6295776576,17.793025575010905
603,1458222.8873386947,35.72657448791648
604,159956.21033309973,3.9189396304837927
605,102981.55240126567,2.52305606686733
606,1282481.8956250688,31.42088663437315
607,178181.42593864677,4.365450561961326
608,207119.2771107936,5.074428829453489
609,1071829.931751445,26.25981741465331
610,21839.700784695793,0.5350723449752707
611,48548.53415645792,1.1894383660423753
612,1747993.276641886,42.82578227736447
613,169209.56371326392,4.145629180424224
614,1402363.6464965087,34.35786681853173
615,79962.63505102106,1.959079659655839
616,14186.48031487018,0.3475678985469927
617,39721.24924063106,0.9731681727820651
618,19405.462181482988,0.47543233427076637
619,25579.578441688012,0.6266977088439407
620,937759.4099240608,22.975019070142114
621,377.3722116757519,0.009245584387677471
622,283099.1942638296,6.935904154219734
623,723896.3353577896,17.735393464082403
624,2366822.3470187215,57.986892632339185
625,797529.898558346,19.539396633229327
626,1640210.2777259494,40.184975179391095
627,47259.46311931816,1.15785175732122
628,0,0
629,95595.66791101496,2.342083569667152
630,632524.4093762058,15.496770130633045
631,8825.00797404876,0.21621160851279034
632,0,0
633,51309.87741264654,1.2570848836741708
634,275109.4494636304,6.740143374254837
635,310979.3570406545,7.618951137353419
636,398067.6403523657,9.752602005700064
637,511731.6610437009,12.537354755729863
638,1136815.9008159651,27.851814389149066
639,125528.08027644374,3.0754186231712692
640,496296.70560323814,12.159192809046933
641,279899.9121095707,6.857504714721438
642,6410.216562451155,0.15704921881119202
643,1281908.6170716719,31.406543747319432
644,46782.97774659471,1.1461750218859605
645,62612.79779257901,1.5340029287787131
646,125971.25811701517,3.0862744631477845
647,63563.51476905855,1.5572953334913688
648,0,0
649,0,0
650,4092.3759234007043,0.10026245287741697
651,335303.0222158664,8.214862000421116
652,62154.95596203521,1.522783958514945
653,234435.7386392681,5.743628590461227
654,134703.56657006717,3.3002103718477693
655,68891.35915062275,1.687824485933577
656,41390.97192656565,1.014070512987358
657,215422.95438703356,5.277819188493221
658,1117190.1381163928,27.370917096413798
659,57812.31376237408,1.416389201045118
660,159293.10437013183,3.902646653413492
661,89120.92133511072,2.183443324636626
662,0,0
663,52422.325675578184,1.2843356570322746
664,69419.89058195743,1.7007723261547405
665,4704.672002653913,0.11526344796383814
666,0,0
667,76982.39639319145,1.886050894374064
668,NA,NA
669,64745.66014083072,1.5862536883336553
670,NA,NA
671,1279527.3890493743,31.34812489036018
672,NA,NA
673,141963.49852469878,3.4780706610314285
674,6991.652941408765,0.17129377072512936
675,1872919.4730176071,45.88606463825651
676,1402784.1682725903,34.367865755148664
677,453747.61330226844,11.116704489114413
678,5661.903825088992,0.13871524570944146
679,817220.3474498857,20.021684088288712
680,43201.3741528082,1.058422331463655
681,239184.93989646342,5.859968269544473
682,8259.489303071645,0.20235532078060922
683,58780.11622987229,1.4400974247638108
684,0,0
685,1686463.114239194,41.31790380062028
686,1209099.0823886564,29.622610272200628
687,0,0
688,100374.04057276818,2.459136105097514
689,4636.180037390508,0.11358505104400352
690,12477.655726867595,0.3056989053952576
691,30332.21143407706,0.7431302831710221
692,0,0
693,0,0
694,83061.93894715921,2.0349931406969097
695,16789.144535556658,0.41132911657364585
696,79188.50918569286,1.9400940228848564
697,10747.403883950592,0.2633080765277973
698,61483.504096457764,1.50632686522599
699,24037.28091418144,0.5889059600637903
700,0,0
701,230172.2751931651,5.639149668659728
702,331879.6325273187,8.130943384699211
703,35585.69633987767,0.8718380216384408
704,118518.18098306563,2.9036570044759427
705,0,0
706,0,0
707,40030.01807938035,0.9807218440727171
708,161422.55860735252,3.954795351399687
709,32395.21332838318,0.7936712203300423
710,21374.227131879128,0.523660972977779
711,36227.7030229431,0.8875658566129176
712,150093.76211476058,3.677243861121044
713,993305.1420854434,24.335607814615383
714,2852620.6686020684,69.88814906283207
715,NA,NA
716,NA,NA
717,63911.68336079422,1.5658125536073209
718,3020662.0069062724,74.00505285275271
719,NA,NA
720,NA,NA
721,171659.97311474636,4.205603061188669
722,2824.975858661117,0.06921081777770986
723,65031.677004961544,1.5932509770550094
724,76311.52597205048,1.8696029214539354
725,0,0
726,9119.224156796765,0.22341747079192356
727,69298.96906895284,1.6977979849665932
728,81033.34854057792,1.9852857512269908
729,0,0
730,66883.40601110333,1.6386176227294122
731,294836.638055034,7.223379232617424
732,139214.81843951432,3.4107071462426033
733,162.64976745692894,0.003984851470982025
734,264089.6970308677,6.470087440876925
735,54478.0809419834,1.3346902634544875
736,652296.4597459857,15.9809912290393
737,397887.9430832433,9.748082516880203
738,435975.4838000486,10.68121079138026
739,468939.8039281551,11.488822377274355
740,214604.550159959,5.2577186613052875
741,272721.12923426303,6.681549712897472
742,150814.68445876928,3.694894541084655
743,0,0
744,15792.553931707029,0.38691074096301864
745,23890.18724005672,0.5852988853249042
746,124561.7064700942,3.051706008770705
747,0,0
748,225696.3557091197,5.529459609967768
749,29743.771602916873,0.7287086200647513
750,279015.9053675616,6.83576037668905
751,71462.6681759434,1.7508022522447066
752,0,0
753,211587.80395720393,5.183803140454855
754,63848.354799331246,1.5642551032318943
755,12757.451709733752,0.31255145741758883
756,937148.676989106,22.959693791080053
757,0,0
758,69984.41446994936,1.7145835572636836
759,40621.654249120664,0.9952098194401108
760,0,0
761,56273.53753343429,1.3786729802890212
762,0,0
763,0,0
764,0,0
765,21249.444162336615,0.5205998915366425
766,0,0
767,0,0
768,0,0
769,105023.24574632455,2.5730094830233727
770,0,0
771,0,0
772,62865.40256965764,1.5401654533272366
773,0,0
774,49275.50306491564,1.2072201326105692
775,49983.94525844703,1.2245765394580126
776,12030.396985820407,0.2947372908856205
777,12011.744525683607,0.29428031714034963
778,689540.0915972366,16.893306080752186
779,46054.61381284802,1.1283088628767637
780,928213.1625005029,22.740634459426033
781,191545.83655708362,4.692748690639393
782,0,0
783,2031941.7369432217,49.78119109403957
784,61286.918933871035,1.5014878465963377
785,0,0
786,1205151.387719182,29.52537102183524
787,1037360.26435996,25.414589135474703
788,0,0
789,53534.803098469274,1.3115646241135113
790,1421095.7110996025,34.81583482673095
791,0,0
792,21671.381534884476,0.5309327739751447
793,0,0
794,1752240.6896867137,42.92859726315505
795,501152.0681807307,12.277846221157947
796,1110289.8978101935,27.201261835964623
797,473865.9743239167,11.609357581439646
798,23395.058260610927,0.5731608521503183
799,0,0
800,0,0
801,44576.42699035483,1.0920859544123342
802,1779070.7246212468,43.58574825089786
803,458693.55970569403,11.237609467098014
804,38429.022508945905,0.9414789853056736
805,134263.18340807184,3.2893359608490615
806,1017516.5920409817,24.92829173917464
807,37485.96246777714,0.9183742219338774
808,43908.912215512355,1.075730353509833
809,1852588.6339812018,45.38678980211729
810,60711.85280895345,1.487386919791275
811,83418.45622825778,2.0436787039514885
812,7731.920729406067,0.18942524771847613
813,72979.60310805001,1.7879348692015438
814,0,0
815,9843.072954167947,0.24114631356999353
816,43908.912215512355,1.0757276396266282
817,43908.912215512355,1.075727639626194
818,NA,NA
819,87557.91159423829,2.145086302887372
820,41038.70754305605,1.00540965214863
821,1550250.9273028374,37.97966251663414
822,0,0
823,NA,NA
824,NA,NA
825,0,0
826,1434070.8961406942,35.13331874605184
827,0,0
828,0,0
829,20528.998398999436,0.5029398416806684
830,341212.1349415019,8.35935459644013
831,NA,NA
832,0,0
833,0,0
834,0,0
835,3480.263337414925,0.08526274117390836
836,81720.86065190831,2.0020739566934616
837,0,0
838,138065.76729112177,3.3824619627181205
839,20771.294316754167,0.5088739230789565
840,0,0
841,19787.104977330884,0.48476205835323166
842,20771.294316754167,0.5088732814025446
843,109832.57066821119,2.6907740937326086
844,0,0
845,0,0
846,28766.46927698821,0.7047451610046839
847,0,0
848,0,0
849,185419.34654665194,4.542550524419653
850,200408.36929601297,4.909763517122944
851,93128.29101116746,2.281530892271479
852,47170.70670599094,1.155625464523064
853,515536.7605690067,12.630021351225624
854,457615.5884182485,11.211023334199965
855,176530.06987271228,4.324771232927443
856,158995.76156941435,3.8952020825046016
857,0,0
858,48.263490880142484,0.0011823958690652437
859,66556.77290671368,1.6305586667706171
860,37722.029754844305,0.9241425190408312
861,0,0
862,1818811.2326559036,44.55857083076706
863,737069.7329448223,18.057274615951826
864,2064.6197644514396,0.05058056842908075
865,201865.1012552161,4.94543922483152
866,1143424.617229125,28.012436786865376
867,961996.8518885706,23.567689200187765
868,931985.2134020492,22.8324425443932
869,297660.2622724468,7.292294704198129
870,135018.1178108896,3.307770738244773
871,623988.7813332262,15.286924935350088
872,721963.5811469668,17.68718188725505
873,49856.02701098108,1.221408726072268
874,68472.43912208728,1.6774869489852504
875,0,0
876,787552.4376345186,19.294012598512214
877,718095.147730808,17.592399140892844
878,73812.95127538657,1.8083215082394088
879,1071.6689509911048,0.026254481887719595
880,1544500.4893582214,37.83823361302825
881,36020.09293148596,0.8824449720123821
882,94506.65756468616,2.3152889957356466
883,46162.47068551915,1.1309199071082359
884,0,0
885,0,0
886,1335415.507999097,32.71590553888012
887,1448102.9899203172,35.476599114683424
888,146003.48721690493,3.5768914375518697
889,0,0
890,36481.93505106157,0.89375893409692
891,37832.19747210409,0.9268385692782266
892,0,0
893,0,0
894,0,0
895,0,0
896,0,0
897,0,0
898,9694.112314167733,0.23749272115446146
899,1604273.421317105,39.30254240478329
900,29969.247306928497,0.7342062752329696
901,840123.166086404,20.581875328547802
902,0,0
903,0,0
904,0,0
905,1549824.3116637422,37.968588477807515
906,0,0
907,576922.296721499,14.133802972380478
908,0,0
909,0,0
910,0,0
911,0,0
912,95110.87305964254,2.3300856077072596
913,89893.99818924324,2.2022793468484245
914,466858.0217953311,11.43737237268567
915,0,0
916,0,0
917,0,0
918,0,0
919,0,0
920,0,0
921,0,0
922,749361.5236138611,18.358303779728136
923,57495.36643647162,1.4085556433121766
924,28043.12283494665,0.6870170828273154
925,232690.5152326686,5.700590476945142
926,0,0
927,0,0
928,0,0
929,0,0
930,0,0
931,700658.1617736963,17.16512907101181
932,217853.1973461375,5.33709368561687
933,29757.908979428707,0.7290264730840221
934,0,0
935,105373.66696825768,2.581505066060587
936,0,0
937,604299.9680991137,14.80448095713279
938,327341.0135281501,8.019384506191365
939,58433.59054676063,1.4315390107126906
940,0,0
941,203327.92152925153,4.981241934864363
942,0,0
943,533097.8601423911,13.060123385966046
944,12212.866298489784,0.29919748826592085
945,0,0
946,80639.98175836215,1.9755624442477495
947,0,0
948,0,0
949,429478.18773581955,10.521585262961647
950,343896.6194263598,8.42496244573977
951,19502.580719290218,0.4777846040740205
952,12212.866298489784,0.29919729973275233
953,0,0
954,0,0
955,0,0
956,0,0
957,0,0
958,0,0
959,247693.52860261782,6.068120268793726
960,13799.9363373857,0.3380777603250324
961,46398.612185751226,1.1366964677546791
962,38707.817958337495,0.9482835342487179
963,0,0
964,0,0
965,4064.3230951409946,0.0995697624888313
966,929985.5208300314,22.783237272107957
967,0,0
968,0,0
969,0,0
970,0,0
971,0,0
972,818033.1086244435,20.040560040959313
973,48137.40901992804,1.179292898428339
974,337158.5495484833,8.259868805201597
975,127576.02002668518,3.1254173726914676
976,77333.68468020814,1.8945569985891642
977,0,0
978,0,0
979,0,0
980,124715.79936034512,3.0553444158392318
981,0,0
982,NA,NA
983,0,0
984,0,0
985,0,0
986,0,0
987,0,0
988,0,0
989,0,0
990,0,0
991,1443087.4906635873,35.353347332884994
992,0,0
993,0,0
994,0,0
995,0,0
996,0,0
997,0,0
998,0,0
999,0,0
1000,0,0
1001,2691893.834072929,65.94707414540473
1002,0,0
1003,0,0
1004,0,0
1005,0,0
1006,1716571.3917769154,42.053214767285404
1007,0,0
1008,0,0
1009,400280.2862096179,9.806217745282433
1010,0,0
1011,0,0
1012,116754.11241307111,2.8602845735355227
1013,271280.30344320566,6.64592322279261
1014,3686.775308299216,0.09031995809371324
1015,0,0
1016,0,0
1017,1371979.8390314686,33.61125948950993
1018,0,0
1019,0,0
1020,20607.173566228827,0.5048416908612693
1021,0,0
1022,0,0
1023,2067289.7608685533,50.64515022416983
1024,134338.25385190715,3.291063099119324
1025,96486.98744966675,2.3637702205868605
1026,0,0
1027,0,0
1028,0,0
1029,0,0
1030,870591.3996735725,21.32802342546326
1031,153569.14137673745,3.7621853902291202
1032,0,0
1033,52133.13253215093,1.277173162901721
1034,0,0
1035,0,0
1036,0,0
1037,208293.52569721823,5.102834235010335
1038,0,0
1039,0,0
1040,0,0
1041,0,0
1042,2794.9172098124604,0.06847063628831448
1043,0,0
1044,0,0
1045,0,0
1046,26041.618467328874,0.6379741972727546
1047,NA,NA
1048,NA,NA
1049,NA,NA
1050,55795.48725366345,1.3668920476954534
1051,0,0
1052,NA,NA
1053,0,0
1054,17901.20818512067,0.43854807808975416
1055,0,0
1056,0,0
1057,82707.79119526953,2.0261952431723413
1058,0,0
1059,0,0
1060,145578.10322662498,3.566404932720968
1061,776.9617700833481,0.01903418321810637
1062,350392.2099290563,8.583986727263552
1063,0,0
1064,250944.90167535745,6.147700455584809
1065,0,0
1066,400.6621031264434,0.009815497450815768
1067,19821.973953549466,0.4856022338152767
1068,0,0
1069,79418.79005915571,1.9456143804497492
1070,212587.24022963512,5.207996638867329
1071,175584.3547344014,4.301493957524166
1072,90934.80728951612,2.2277356355356552
1073,0,0
1074,108529.57315449949,2.658773384796503
1075,83632.146461177,2.0488325777146175
1076,508862.46248275926,12.466187163985937
1077,0,0
1078,0,0
1079,0,0
1080,259042.66122957756,6.34606107330729
1081,151316.55208476845,3.706972729411478
1082,67621.30996344208,1.6565957161195066
1083,0,0
1084,0,0
1085,696023.6468913116,17.05126780777472
1086,969817.5517724563,23.758702558176907
1087,668799.0043325444,16.384305048519654
1088,1759.3325123147254,0.043100304242101484
1089,140438.81077390263,3.4404840639191936
1090,1135383.6052128656,27.814741371310713
1091,152419.90314119405,3.7339980657177043
1092,181338.56918554744,4.442450445277031
1093,51527.39735562922,1.2623233455221092
1094,0,0
1095,258770.00711708388,6.3393695817709785
1096,141027.8906895743,3.4549132273061196
1097,238043.306561383,5.831605113636088
1098,1447.0361938769029,0.03544961540706703
1099,168085.7338621419,4.117775971488698
1100,103651.99155673284,2.5392736814854238
1101,0,0
1102,0,0
1103,613846.1084118055,15.038035089728774
1104,408908.2228432835,10.017455709716492
1105,270042.99010542926,6.615527744318178
1106,159592.5252484945,3.909706295857577
1107,0,0
1108,0,0
1109,550156.4638673537,13.47775425489148
1110,27333.802467120262,0.6696245462859582
1111,0,0
1112,806415.3883448228,19.755582824852073
1113,204426.25125001726,5.008039028661424
1114,NA,NA
1115,NA,NA
1116,641.8619276589924,0.01572434834114279
1117,51089.18982773266,1.2515841533829675
1118,163662.70927685738,4.009412835108658
1119,30503.220267651785,0.7472681247645264
1120,146863.7251980303,3.5978686696576285
1121,288015.4605639793,7.055804968471264
1122,0,0
1123,585082.949958568,14.333357585043938
1124,95846.62413902357,2.348049857206008
1125,348520.9518817454,8.538063584923943
1126,0,0
1127,0,0
1128,970113.1980063561,23.7658106633979
1129,127087.22983919049,3.1133800141060775
1130,0,0
1131,0,0
1132,515674.2052698319,12.632966788217756
1133,0,0
1134,16602.334554274596,0.4067233514642423
1135,39929.89015728893,0.97820090875052
1136,0,0
1137,0,0
1138,0,0
1139,917371.2306079909,22.47371087158221
1140,0,0
1141,138426.06073293736,3.3911541611584815
1142,494426.044610976,12.112422543056088
1143,0,0
1144,0,0
1145,5753.820484583558,0.14095669480610024
1146,181606.2518808179,4.4489773516283595
1147,22299.722531725773,0.546297054554854
1148,0,0
1149,0,0
1150,0,0
1151,220113.57451051235,5.392323673866188
1152,0,0
1153,433207.72988230817,10.612679532832898
1154,5453.958718387026,0.13361053386384691
1155,0,0
1156,351666.6695099829,8.615094811214947
1157,0,0
1158,123741.27566732388,3.0313975486718125
1159,233407.47830153277,5.717985803436696
1160,190768.13094135627,4.67340972032801
1161,186969.2957504044,4.580346412427256
1162,297763.19172408874,7.294559042395974
1163,245114.63355280654,6.004782378418175
1164,0,0
1165,0,0
1166,101731.0992011453,2.492191993921039
1167,369773.5471929034,9.05865247809356
1168,203011.7991967733,4.973347050868642
1169,155102.41738250895,3.799671512315984
1170,0,0
1171,0,0
1172,0,0
1173,0,0
1174,0,0
1175,2886.7411035635905,0.07071873804507627
1176,0,0
1177,947439.8880948719,23.2101559128744
1178,5310.198142824749,0.13008796481119284
1179,0,0
1180,31136.23900014374,0.7627667005487014
1181,0,0
1182,609119.4979742687,14.92202630329206
1183,1224115.710355026,29.987999719272008
1184,1190383.4229245868,29.16163680485203
1185,1668466.0125298996,40.873552959174525
1186,1072075.1683057891,26.263325530625224
1187,1186418.9534760753,29.064461622433086
1188,0,0
1189,0,0
1190,1489.0053223198643,0.03647711284396413
1191,269928.59716898686,6.612612964610139
1192,737595.6100441564,18.069349986524706
1193,795455.455719321,19.486767259662876
1194,284059.9062451176,6.958783519251849
1195,0,0
1196,750202.8139275933,18.378150448251677
1197,1004920.8413401119,24.61812468289429
1198,281995.8842652365,6.908215605965486
1199,2305067.7862183633,56.468537748778516
1200,0,0
1201,854408.7088000183,20.930915941854824
1202,127778.6833618226,3.1302640680750033
1203,0,0
1204,230922.69226396253,5.657035526967948
1205,380774.551319895,9.328030036486789
1206,378540.8168945389,9.273309095337254
1207,122554.93443565193,3.0022912654552076
1208,108101.71829692066,2.648223395639505
1209,74483.89914563808,1.8246703884399222
1210,0,0
1211,0,0
1212,1442151.5353727338,35.329083491213844
1213,166308.5588560594,4.074141182126875
1214,195309.15245069805,4.784582746186128
1215,245871.13887067826,6.023220387256319
1216,166763.53655979736,4.085281851590328
1217,14422.208003376492,0.3533071363959495
1218,1846850.7412555749,45.24308179354238
1219,224385.829422067,5.4968708743187245
1220,19599.104251947832,0.48012722373224614
1221,1605062.3015349186,39.31983891557695
1222,62966.49356818553,1.5425148181549144
1223,300605.8066462152,7.364053376286872
1224,126131.68892870731,3.0898953685390143
1225,0,0
1226,0,0
1227,18025.15911985819,0.4415688169052137
1228,255340.0639092148,6.255157537261451
1229,0,0
1230,0,0
1231,3620.1713144345863,0.08868447362075799
1232,0,0
1233,440187.5232770236,10.783405219606228
1234,703033.740283077,17.222416666784493
1235,692705.3581706642,16.969399364711983
1236,458074.81962707214,11.22158154783763
1237,35065.3205968872,0.8590045506091101
1238,43059.91517574598,1.054849612017056
1239,15040.406874398876,0.36844864397179145
1240,0,0
1241,1129651.3901067302,27.673320470525343
1242,11865.488361180156,0.29067149815771315
1243,110212.35853052212,2.6998965735258156
1244,0,0
1245,82621.2735569134,2.023990377299917
1246,477748.68216065265,11.703507992945235
1247,59948.08168554807,1.4685605201372915
1248,0,0
1249,11162.963610464036,0.2734612497719243
1250,33316.05580086795,0.8161497765909473
1251,0,0
1252,1530834.1478410861,37.501112668650705
1253,0,0
1254,312795.21035851334,7.662599140744551
1255,329150.0836092658,8.063247339846685
1256,173779.45346051527,4.257105756955772
1257,39039.1648056193,0.9563486675064958
1258,103110.89274065552,2.525924039843897
1259,0,0
1260,0,0
1261,44105.05442827936,1.0804478970193052
1262,42791.92961365494,1.0482800885248373
1263,24287.53528648296,0.5949752644956066
1264,202084.1510055798,4.950484673586022
1265,47616.77443736245,1.166474276655481
1266,0,0
1267,0,0
1268,295184.312511042,7.231159157252426
1269,0,0
1270,56452.62529557291,1.3829246489324403
1271,0,0
1272,0,0
1273,0,0
1274,32838.54561053041,0.8044455444995854
1275,0,0
1276,86684.53954178681,2.123507684747062
1277,1824921.0782670705,44.70501838321761
1278,57484.3127495849,1.4081891314702386
1279,2931712.694605603,71.81795790305343
1280,159169.1799426208,3.899156109539639
1281,51110.7531416853,1.2520557070780935
1282,128146.60214969843,3.1391962493570054
1283,239873.27663445528,5.876154948316871
1284,970926.3098398753,23.784697987475482
1285,188943.93438794807,4.628543248276244
1286,0,0
1287,1402931.1818362658,34.36746244302945
1288,1521124.9403942868,37.26281950717242
1289,49478.38524943261,1.212066208432705
1290,0,0
1291,1041176.0581205125,25.5055519238424
1292,237224.84699907512,5.81126564097711
1293,128136.18912075316,3.1389332724968204
1294,0,0
1295,62891.22770561191,1.5406351669172906
1296,0,0
1297,1126375.07023553,27.5925914842537
1298,1950245.1770025885,47.77474757339711
1299,0,0
1300,0,0
1301,176605.1864269056,4.326257539456731
1302,2828771.856968803,69.29570101670592
1303,1768097.111934028,43.31262294455838
1304,48905.700254685,1.1980304366052819
1305,0,0
1306,1903522.307296624,46.63004074711794
1307,33464.61127078943,0.8197719672971086
1308,2730976.498770196,66.89986502228213
1309,0,0
1310,190433.00607666027,4.664974014012862
1311,0,0
1312,0,0
1313,0,0
1314,25467.30720762308,0.6238633707924599
1315,0,0
1316,0,0
1317,31107.203037540814,0.7620213709790422
1318,70248.19718176828,1.7208423990628625
1319,71512.33822083918,1.7518095638545843
1320,78066.10557871638,1.9123534186514253
1321,1464553.4709561067,35.876566612592534
1322,0,0
1323,1548709.6842606685,37.93808307892569
1324,2190439.8004413648,53.658239360376015
1325,665194.8733411294,16.29498593289093
1326,88927.70821282556,2.178422914015802
1327,0,0
1328,0,0
1329,533304.3291668672,13.064113137917314
1330,47095.46101672417,1.1536753237670037
1331,9365.378259133402,0.22941925956449002
1332,1661991.9673845207,40.7130343280706
1333,1061318.7646373287,25.99862583313653
1334,2759759.971867693,67.6044975650432
1335,494980.5352134334,12.125289776980352
1336,1837.075662110955,0.04500189234304066
1337,311630.4983045287,7.633851138929865
1338,207588.88916694463,5.085197651122009
1339,42694.40177496639,1.0458620216235122
1340,859821.9028643913,21.06259922098643
1341,812806.8779221824,19.91089719476407
1342,79997.52325099618,1.9596554906001336
1343,919011.1390085353,22.512512279034453
1344,36356.409477824745,0.8906030406489102
1345,0,0
1346,586214.628577149,14.36016950966044
1347,450431.31588048564,11.033962192655778
1348,180014.85941230983,4.4097225988587025
1349,0,0
1350,0,0
1351,132097.12647854342,3.2359068580560764
1352,75298.82462562648,1.844551728755112
1353,0,0
1354,0,0
1355,0,0
1356,35007.51990280924,0.8575584165294756
1357,212616.0903909077,5.208330047672572
1358,434470.5864869302,10.642967831217842
1359,385422.1848252579,9.441458276157727
1360,NA,NA
1361,22977.844169908545,0.5628742437204857
1362,424909.58991983323,10.408751243467
1363,NA,NA
1364,NA,NA
1365,NA,NA
1366,665333.7943719858,16.298255977201872
1367,22669.262400754145,0.5553144069143767
1368,0,0
1369,14549.787810981137,0.35641661266574537
1370,68996.81922551098,1.6901698438868966
1371,121248.44738778961,2.9701437210181045
1372,126237.50307689336,3.092355405894043
1373,792986.7335563868,19.425263907679323
1374,17978.28725662871,0.44040203926477217
1375,62721.30799991584,1.536440830739568
1376,232317.75040096778,5.690928470785188
1377,NA,NA
1378,450.88265774229046,0.011044962984965826
1379,0,0
1380,76391.26548597174,1.8713032216220788
1381,42054.72829173963,1.0301851662770798
1382,2302.5486296432987,0.05640391792414984
1383,126711.93031141335,3.103971285910773
1384,260263.9577013714,6.375499524608584
1385,0,0
1386,87147.48019094976,2.134787984737236
1387,76141.13627101728,1.8651736401263872
1388,122804.48479933177,3.0082515070672073
1389,1156743.342744128,28.335894326542682
1390,828491.9772665435,20.294961077986475
1391,274824.5247184707,6.732175066847853
1392,0,0
1393,30343.671588027217,0.7433062288898072
1394,606562.8024810754,14.858515324657953
1395,1302631.1388471967,31.90958077179208
1396,146731.9818764558,3.5943836193227128
1397,NA,NA
1398,0,0
1399,564285.7757525388,13.822877943389061
1400,1143207.2686540713,28.004275878699403
1401,1085560.7109166794,26.59215215398445
1402,915565.9280747288,22.427919711465613
1403,324560.6801522786,7.950515252637326
1404,0,0
1405,0,0
1406,40514.01713695425,0.992440331542133
1407,37961.88815800567,0.9299228151615525
1408,1747902.9550862515,42.817017685141934
1409,288874.27955075854,7.076328294037196
1410,0,0
1411,206464.7783017968,5.0576037357210435
1412,380300.6720582945,9.315923594908844
1413,67445.4282863379,1.6521571033283167
1414,17945.157293235763,0.4395879933949645
1415,89081.47656956616,2.182156828942233
1416,NA,NA
1417,792085.8866117428,19.403086849695846
1418,32442.060172210906,0.7947063906485644
1419,447100.723361269,10.952257662821664
1420,0,0
1421,142958.06302232615,3.5019257616663824
1422,0,0
1423,241016.23459571647,5.903972209450771
1424,252223.2512684538,6.17850108132283
1425,117619.9744350608,2.8812376954839993
1426,966750.6490517742,23.681678435662278
1427,230332.10793866465,5.642252134986272
1428,146672.25484904577,3.59290474569611
1429,0,0
1430,0,0
1431,256870.0053397701,6.292324762867499
1432,35227.73293528967,0.8629436356151866
1433,354076.56112955225,8.673510597703457
1434,92108.9709034088,2.256313242976897
1435,493510.9819129728,12.08910872766802
1436,839613.2511683272,20.567274598870632
1437,1085565.557567025,26.592154050084382
1438,298215.70911825437,7.3051305116942755
1439,0,0
1440,0,0
1441,1781.636597699633,0.043643172727026065
1442,0,0
1443,0,0
1444,138240.6622256487,3.386356859259588
1445,127079.95683095756,3.112963122141801
1446,220082.9525900682,5.391173654050992
1447,849631.9851389076,20.81266867794211
1448,35227.73293528967,0.862942010990121
1449,11476.660403441747,0.28113322567304894
1450,274301.4667048977,6.719311492257781
1451,63840.64545533346,1.5638457491102205
1452,21299.93094553656,0.5217645486820277
1453,697506.7404439359,17.08617227731803
1454,2416085.6013265643,59.18459625886779
1455,2725779.2828302584,66.77087362157656
1456,68115.15912351201,1.6685524966492875
1457,0,0
1458,0,0
1459,884047.4145151934,21.655671654106417
1460,2533839.894168612,62.06907443112397
1461,227437.0680309838,5.571310301215399
1462,0,0
1463,38059.04734644253,0.9322958272540786
1464,9481.833081485916,0.23226733281368367
1465,2832663.953649423,69.38904066518002
1466,59386.73866635644,1.4547397403012607
1467,15104.050962964091,0.3699891572117942
1468,24964.878485228197,0.6115402002609807
1469,129094.55059272733,3.162302887586679
1470,1541394.5336191047,37.75803364428297
1471,3585734.6954968707,87.83623421458977
1472,432105.3816072839,10.58485607927206
1473,40743.51157303814,0.998053309497406
1474,12099.007312959688,0.29637735737842286
1475,0,0
1476,43136.78859640821,1.0566790381469868
1477,1110386.7315957148,27.20004019056002
1478,1242706.4464414797,30.44134473734455
1479,13344.955765513869,0.32689791321604267
1480,5571.436159376811,0.13647784871816346
1481,38950.39273083277,0.9541284606994087
1482,49968.82945300758,1.2240359849108746
1483,74679.00950382008,1.8293351795571837
1484,53340.35635927503,1.306624057100765
1485,294853.0757350738,7.222713689249502
1486,331015.3278126102,8.108543326477495
1487,75620.77723337944,1.8524046986909661
1488,67882.0776739695,1.6628366614345054
1489,1181796.471768347,28.949239135685033
1490,134157.21251746852,3.286309715523831
1491,86463.2087255282,2.1179993049799375
1492,2458357.482970083,60.2198266415515
1493,114861.69039036547,2.8136456115593482
1494,245086.9355387419,6.003636010277949
1495,366984.7811235865,8.989638890113538
1496,23459.98808248684,0.5746742093126449
1497,0,0
1498,82196.02214606179,2.0134679467591727
1499,1262224.2692255697,30.919356452439434
1500,821225.3086090081,20.116677094336882
1501,104584.04738177756,2.5618834299711652
1502,3817879.842598285,93.5225146782529
1503,46329.197414868315,1.1348760321892406
1504,78571.6468582179,1.9246842985552046
1505,49303.87950606133,1.2077435886560526
1506,4082313.4951115246,99.99999999999628
1507,0,0
1508,414.43710569994175,0.01015200930093672
1509,204327.82413454755,5.005193653089026
1510,3723445.30406667,91.20913846402385
1511,73812.49694152975,1.8081023033570949
1512,869700.3344987745,21.30407780790219
1513,370548.36006711813,9.07690934603276
1514,93218.77698573972,2.28347627255562
1515,51820.896940357845,1.269397842203301
1516,193700.82814442005,4.744869884489373
1517,246690.07724814813,6.042887526863272
1518,88059.76210801084,2.1571002936034476
1519,3080495.5681215627,75.45941228287472
1520,0,0
1521,NA,NA
1522,NA,NA
1523,120319.41966636291,2.9473267525908327
1524,59305.96431690646,1.452750152087476
1525,494818.7494373537,12.1209994793141
1526,297891.66459835065,7.297105688890494
1527,46384.488651816544,1.1362268778945075
1528,4082326.298931373,99.99999999999821
1529,120872.69461963765,2.9608759798612097
1530,38790.28493545649,0.9501999047739191
1531,77905.64219895739,1.9083627233462437
1532,0,0
1533,468327.68897610396,11.472064386625146
1534,69954.53420848204,1.7135916498787176
1535,64918.03398101502,1.5902185929060138
1536,52793.53127923667,1.2932193086741763
1537,53396.931293656125,1.3080000693201992
1538,47272.92438277701,1.1579876759132646
1539,41883.0711947569,1.0259589586677644
1540,0,0
1541,132521.99033484506,3.2462289429455318
1542,0,0
1543,45548.770857948715,1.1157524717300338
1544,0,0
1545,0,0
1546,66360.15271208955,1.6255434124402421
1547,119135.0313776278,2.9183031695426846
1548,0,0
1549,0,0
1550,11273.91709099266,0.27616299727985616
1551,45239.586942738635,1.1081773819138137
1552,31193.449219710867,0.764106775177093
1553,0,0
1554,116159.89315598912,2.8454213279257257
1555,324864.3740384232,7.957789848607799
1556,152091.81974211318,3.725600083981913
1557,134330.61095075266,3.2905242533262387
1558,133871.12648661665,3.279268853216835
1559,113472.13495154055,2.7795809867322028
1560,462529.1283721733,11.32998133490683
1561,118169.83905196714,2.8946527885215367
1562,64604.758759836426,1.582538713737976
1563,38674.62465957595,0.9473619581273978
1564,0,0
1565,420037.62954094156,10.289102367662185
1566,15122.632720627731,0.37043875981848634
1567,311443.43160658213,7.629010152483623
1568,346805.4329099559,8.495220130295753
1569,26250.827331091663,0.6430307475541279
1570,345583.06992649153,8.465272262084493
1571,37756.4414165984,0.9248675182697399
1572,144143.82009378873,3.5308903216358356
1573,330817.5329917262,8.103576169328525
1574,13027.532882165178,0.3191171213473873
1575,48456.55993500514,1.1869713446032741
1576,19415.69889304271,0.47559872703317985
1577,151738.84991104878,3.7169281936435747
1578,360340.6766764958,8.82674688282322
1579,2180997.125405896,53.424747257743945
1580,545444.8513831,13.360969035679854
1581,0,0
1582,14020.174245769722,0.3434315972798101
1583,63223.04780686089,1.54868108634518
1584,0,0
1585,426933.2942776226,10.457911382357524
1586,461217.6089415668,11.297705990005955
1587,54862.06071908795,1.3438668245394543
1588,0,0
1589,0,0
1590,498581.8015212775,12.212879989565536
1591,0,0
1592,12091.042229141569,0.296172773896548
1593,4754.6694031910665,0.1164665406697556
1594,148455.29158540696,3.636431781265422
1595,201086.18771106144,4.92562629337538
1596,5929.153839325479,0.14523503475381577
1597,0,0
1598,47620.94994827528,1.1664755512053062
1599,379944.9289631627,9.306736598435727
1600,714786.1134802174,17.50861483294095
1601,116652.29911901808,2.8573846878188274
1602,914617.1529126912,22.403428232929247
1603,27920.639974098784,0.6839115891956541
1604,1205393.9635107582,29.525875965888044
1605,229613.83962916568,5.624329453469298
1606,0,0
1607,76419.4564685992,1.8718705866434797
1608,0,0
1609,27649.442348087494,0.677263983073504
1610,0,0
1611,69318.1420231003,1.6979239939027595
1612,0,0
1613,0,0
1614,130405.57102313598,3.194225515721403
1615,0,0
1616,0,0
1617,210092.69751714377,5.146106337920757
1618,155500.6922916445,3.8089048672803307
1619,0,0
1620,2647.0356841164653,0.06483745574111237
1621,365807.87490936293,8.96022566078621
1622,40951.14568755467,1.0030716438761274
1623,465864.21843963227,11.41104063311525
1624,0,0
1625,271078.6906379563,6.639879371390742
1626,0,0
1627,0,0
1628,0,0
1629,464798.2410543812,11.38487324184497
1630,115274.1665692027,2.8235497421221227
1631,137653.06546913364,3.3717011018370213
1632,87597.76265907407,2.1456367271549737
1633,646403.4372933726,15.833122286997078
1634,170444.43844500885,4.174896792533653
1635,175012.16470095946,4.286776821850219
1636,111155.16879818625,2.7226530341311364
1637,440268.34547199943,10.784005454643896
1638,0,0
1639,590213.5171641823,14.4567781757105
1640,121926.0327904091,2.986474485308601
1641,829622.1025312516,20.320875170118093
1642,191228.98275853667,4.683988379393813
1643,1396458.992162275,34.20503266342265
1644,741149.427417923,18.15379088381908
1645,30786.1649371469,0.7540795144789755
1646,198190.99496181842,4.85451077001788
1647,1651794.859701939,40.45920917839655
1648,313338.236582402,7.674929641773459
1649,869698.6384301401,21.3024486220249
1650,734127.9823245989,17.98176190783359
1651,0,0
1652,266751.8214781251,6.533826333965194
1653,646.7053173931906,0.01584041754498809
1654,405768.1067180496,9.938882559499392
1655,0,0
1656,0,0
1657,215232.70524812257,5.271899228197784
1658,374992.1189540452,9.184998212094474
1659,216118.02314868194,5.293554383492575
1660,2186897.329492749,53.565386668035465
1661,743038.7603532915,18.199829489437807
1662,2840158.797434097,69.56614377667985
1663,882299.4389385744,21.610769184131513
1664,58875.61054437637,1.4420773653646792
1665,57972.44679873953,1.4199538334670196
1666,745996.4990868258,18.272115870668205
1667,910649.5334289169,22.305042207120966
1668,3390.7773137304603,0.08305218233949446
1669,0,0
1670,1217331.8954106537,29.816745509729497
1671,0,0
1672,16423.348406441473,0.4022653935535806
1673,325986.91464112763,7.984552690605094
1674,0,0
1675,0,0
1676,0,0
1677,0,0
1678,1295443.012160482,31.729842960859195
1679,42720.46141090713,1.0463699850581716
1680,0,0
1681,0,0
1682,146542.82682123972,3.5893342545259355
1683,361980.6322609201,8.866141803268876
1684,1146762.2077582027,28.088104979184454
1685,0,0
1686,79713.97834787512,1.9524663238785291
1687,241306.0117361866,5.910404566791219
1688,0,0
1689,0,0
1690,934665.8856527117,22.893116421123356
1691,23329.051802443246,0.5714070740206466
1692,0,0
1693,43540.263744670614,1.0664477458887658
1694,536222.9306101473,13.13390610117805
1695,0,0
1696,0,0
1697,0,0
1698,0,0
1699,88020.31470759239,2.1559100084259217
1700,15728.26328653064,0.3852371941160994
1701,0,0
1702,49351.546418514095,1.2087818630122422
1703,232263.93314716997,5.688904905935397
1704,848.7723697588574,0.02078920398176879
1705,0,0
1706,0,0
1707,50004.196197691585,1.2247658756770978
1708,23792.070125099042,0.582745405720136
1709,199305.1609867811,4.881633514473139
1710,377970.76221314917,9.257736885362844
1711,0,0
1712,65627.6881579426,1.60743414971753
1713,0,0
1714,117887.85367578473,2.8874508697172683
1715,119782.49232922134,2.933856634662681
1716,730801.1894190847,17.899660263405185
1717,8028.157550579868,0.1966351520435718
1718,43282.25005007596,1.0601201789779862
1719,115882.10821746584,2.838321971748662
1720,0,0
1721,0,0
1722,69778.29613152974,1.7090906168392082
1723,76296.72398878974,1.8687474801479094
1724,31031.72081130732,0.760064745103579
1725,0,0
1726,54857.8423893539,1.34364079327603
1727,72164.42613061752,1.7675333653169651
1728,66561.90243271505,1.6303089525640364
1729,57228.90416243847,1.4017146654688897
1730,30935.723053550413,0.7577125112855286
1731,99837.37747557461,2.445327774041808
1732,1597.6795824491792,0.03913211582126395
1733,74417.15963310383,1.8227064687074774
1734,123030.1494240188,3.0133889859112397
1735,0,0
1736,47791.99244724098,1.1705730217344812
1737,21406.143252427784,0.5243023466395174
1738,0,0
1739,0,0
1740,0,0
1741,0,0
1742,38542.53964241353,0.944021913680626
1743,11702.342202595131,0.2866249551026306
1744,146713.49195941683,3.5934471337274063
1745,0,0
1746,88818.32059259426,2.1754218794516325
1747,52025.72102531558,1.274262911723405
1748,116182.16810213991,2.8456429800200556
1749,133644.12398038196,3.2733376338046134
1750,79708.33341701265,1.9522902836572622
1751,54207.11515849721,1.32769001265725
1752,97050.97280681045,2.3770592946805698
1753,79910.33053430203,1.9572353418412853
1754,0,0
1755,0,0
1756,0,0
1757,0,0
1758,0,0
1759,0,0
1760,0,0
1761,0,0
1762,167338.02666233105,4.098574833427427
1763,51347.89629938633,1.2576531450727886
1764,95937.49183735087,2.349775195832009
1765,25758.305818378045,0.6308923335340765
1766,0,0
1767,24079.376635323762,0.5897707024141974
1768,0,0
1769,55491.432680216836,1.3591382083089625
1770,0,0
1771,191431.65341957822,4.688689080018114
1772,8568.630452208494,0.20986899577101834
1773,1208.2111193589221,0.029592348226364674
1774,291972.7609631555,7.151200213767668
1775,7231.634993763433,0.17712224093332454
1776,0,0
1777,0,0
1778,110947.61665459754,2.717404604906931
1779,131669.72721421774,3.2249446526882815
1780,0,0
1781,772.5217774955195,0.018921117818922945
1782,0,0
1783,28810.448118130178,0.7056446810164206
1784,21972.017950881127,0.5381532954525279
1785,336472.213100183,8.241096370738303
1786,361699.79234093695,8.858981131772044
1787,0,0
1788,384031.0970583338,9.40592777075305
1789,454347.1122127959,11.128137340259329
1790,190380.42534445913,4.662909619503097
1791,89079.47875280709,2.181787111911375
1792,139152.51480982982,3.4082033074121707
1793,1409054.4792676757,34.51135000305354
1794,364627.90001739166,8.930670363374322
1795,711861.13226713,17.435289929516504
1796,326209.06666746194,7.989689838621331
1797,0,0
1798,185051.12980403597,4.532372893632134
1799,215445.07629792806,5.276791378565643
1800,296705.8308228683,7.267071482715
1801,77788.0828138479,1.905224458643897
1802,144338.84541964205,3.5352188751587104
1803,0,0
1804,706963.1519090737,17.31527195902766
1805,104689.10173903288,2.5640928143173434
1806,8651.65469636451,0.21190010653091854
1807,230522.13378670433,5.646045291223778
1808,0,0
1809,0,0
1810,0,0
1811,1071952.2738510524,26.254510696440324
1812,1097057.5906148434,26.86939610093684
1813,0,0
1814,1101232.7766186104,26.971605337482757
1815,670968.1136139282,16.433459836373096
1816,96549.63505872473,2.3647078442430507
1817,0,0
1818,0,0
1819,54570.67770382873,1.3365522217014663
1820,96679.14250042713,2.3678782844223276
1821,0,0
1822,0,0
1823,141641.62520255925,3.4691031683042746
1824,96679.14250042713,2.36787680935999
1825,96679.14250042713,2.3678768093598634
1826,279274.04740574217,6.840008209331189
1827,368532.4947191293,9.026135126768004
1828,0,0
1829,0,0
1830,65574.76549173355,1.6060587854976087
1831,0,0
1832,0,0
1833,0,0
1834,0,0
1835,0,0
1836,739887.4158686796,18.121182993448095
1837,295059.4266969061,7.2265128175867055
1838,937390.5647504069,22.958307101344356
1839,806650.5376881104,19.756258985434496
1840,152870.91258185025,3.7440622425478214
1841,450323.65898978675,11.029152846220946
1842,0,0
1843,356135.9849936649,8.72226336802605
1844,319687.9907181902,7.82959178291841
1845,275789.9121311439,6.754459993398598
1846,423681.1591020429,10.376447856670918
1847,8060.166342868303,0.19740279210752695
1848,934102.6849394909,22.87725467171668
1849,1317031.867187161,32.25551272830074
1850,0,0
1851,0,0
1852,0,0
1853,0,0
1854,0,0
1855,30603.545924555663,0.749504108743264
1856,63687.506691183255,1.5597525559427148
1857,63687.506691183255,1.5597525559421486
1858,202573.4675825727,4.961168999127948
1859,1771557.0496150472,43.386698266166455
1860,2124945.9264337337,52.0414120956931
1861,1980251.9861926662,48.497756288658984
1862,0,0
1863,63687.506691183255,1.5597506181056429
1864,2737731.521804419,67.04883501096322
1865,2800992.3150425856,68.59813319987506
1866,7011.277828230523,0.17171056496901135
1867,1787929.1469118153,43.787499434795215
1868,10037.20102020873,0.24581715767891238
1869,2108037.8516807794,51.62712911064497
1870,2236636.3394219484,54.77655026942434
1871,2129123.847863517,52.14350559666651
1872,0,0
1873,1425157.2814874058,34.90290358373899
1874,1680927.7845027412,41.16686709308942
1875,1298040.4575640373,31.78972131084662
1876,10199.94429155579,0.24980206369040492
1877,0,0
1878,287014.4135996566,7.029131361338687
1879,343065.0103345035,8.401839450766621
1880,363253.6987063661,8.8962653412946
1881,0,0
1882,0,0
1883,334090.1584323963,8.182030526799934
1884,343671.2145905527,8.416675253638086
1885,328342.463314818,8.04126168389081
1886,277072.66500717314,6.785640158396723
1887,0,0
1888,14919.969648585678,0.36539663516039056
1889,701623.0277756102,17.183046639262127
1890,79967.45690676491,1.9584370627179153
1891,0,0
1892,4473.8300409529575,0.10956579819883959
1893,0,0
1894,0,0
1895,0,0
1896,0,0
1897,553180.1954434216,13.547374669320789
1898,0,0
1899,1807400.6758300038,44.263187920555765
1900,1205202.562841963,29.515356027903465
1901,0,0
1902,1713562.4685616416,41.96504100200523
1903,2148308.3847620757,52.61187687874316
1904,0,0
1905,56339.78574031248,1.379754515284267
1906,0,0
1907,363943.1655018443,8.91292395435399
1908,0,0
1909,0,0
1910,45972.48171458398,1.12584584009223
1911,182269.78942657917,4.463698608932719
1912,194455.4144432335,4.762118646652246
1913,221601.9195147677,5.426920006915777
1914,385723.55463348026,9.446112262407247
1915,625295.895103139,15.313050434720896
1916,139805.13885840907,3.423728124777984
1917,0,0
1918,10088.260962911832,0.24705385575537273
1919,230748.7557917363,5.650847932739542
1920,116434.94163317526,2.851394537400322
1921,95407.4747713421,2.3364494246686265
1922,474795.9321735372,11.627356087356008
1923,674580.7589687358,16.519919743841747
1924,0,0
1925,212438.03230970484,5.202423655381915
1926,514022.28986891714,12.58794566804462
1927,2843928.9680578136,69.64518797823153
1928,1776091.5255561396,43.49483744257814
1929,353400.2632548526,8.654445326301213
1930,411123.006526601,10.067996946233173
1931,112071.84802404439,2.74450863915101
1932,0,0
1933,0,0
1934,0,0
1935,2084569.2019042494,51.04595168347069
1936,1923503.875485778,47.10185960787429
1937,0,0
1938,1408.8163910107087,0.03449837032499055
1939,0,0
1940,714842.7987757549,17.50435689726853
1941,548584.6710936445,13.433152428362327
1942,598495.4190454734,14.655286141796772
1943,1244114.424010355,30.464425609761946
1944,45740.46423814271,1.120037166616694
1945,186381.18989679212,4.563871532454276
1946,56579.54700025793,1.3854463946849493
1947,1297.745431991042,0.031777503095998125
1948,1232213.7640749803,30.17283021591733
1949,133449.02042656418,3.26771808014445
1950,284456.08651539445,6.9653694080927835
1951,81906.95583701387,2.0056199397461403
1952,262855.28076827433,6.436422731000619
1953,8019.891824114567,0.19637899212389312
1954,746267.7297738161,18.273386484352677
1955,0,0
1956,539105.5909896594,13.200575598813499
1957,251662.7558355886,6.162227299914412
1958,139849.75808035757,3.4243663278084022
1959,0,0
1960,21537.996132180477,0.527379517910688
1961,633860.6908990328,15.520583522287012
1962,0,0
1963,0,0
1964,0,0
1965,0,0
1966,0,0
1967,0,0
1968,89696.55050451485,2.196275232027346
1969,256.58747122593616,0.006282698258097726
1970,21390.00808550632,0.5237468662062585
1971,179521.39831570294,4.395686500396346
1972,222952.4416249305,5.459117658925002
1973,0,0
1974,24504.219811116167,0.5999997941897408
1975,0,0
1976,1184428.3930788622,29.00138673698176
1977,46605.3316416028,1.1411574180776385
1978,0,0
1979,0,0
1980,0,0
1981,0,0
1982,0,0
1983,0,0
1984,0,0
1985,0,0
1986,0,0
1987,0,0
1988,114410.6093088634,2.8013935156587584
1989,0,0
1990,114410.6093088634,2.8013917949233367
1991,0,0
1992,0,0
1993,0,0
1994,0,0
1995,92092.29700890597,2.254914394815492
1996,132324.51384812553,3.2400152971996103
1997,122704.53682203933,3.004466555573188
1998,0,0
1999,0,0
2000,676691.5285289366,16.569015072782985
2001,678194.5585434412,16.605817257995696
2002,0,0
2003,928632.8353787877,22.737867032443855
2004,583033.459935663,14.2757576325357
2005,0,0
2006,0,0
2007,0,0
2008,0,0
2009,750574.5613136537,18.378042906527536
2010,270986.6877486181,6.635190201258183
2011,0,0
2012,0,0
2013,0,0
2014,0,0
2015,0,0
2016,0,0
2017,0,0
2018,0,0
2019,0,0
2020,241524.49862071115,5.913774260421228
2021,0,0
2022,0,0
2023,0,0
2024,0,0
2025,0,0
2026,0,0
2027,0,0
2028,0,0
2029,0,0
2030,0,0
2031,69373.54793581649,1.6986164543943496
2032,0,0
2033,0,0
2034,0,0
2035,0,0
2036,0,0
2037,0,0
2038,0,0
2039,0,0
2040,0,0
2041,0,0
2042,240021.49888673864,5.8769189145970495
2043,342397.7641543913,8.38359857682876
2044,0,0
2045,135611.72634656634,3.320446852826806
2046,0,0
2047,0,0
2048,185486.24834062913,4.541608287091298
2049,0,0
2050,1106622.5166557468,27.095468198350037
2051,10297.019548402899,0.25212050110898027
2052,998323.0203298492,24.443728070110218
2053,4084170.9160474814,99.9999999999995
2054,3626008.335988622,88.7819385290318
2055,3675223.2085417886,89.98689761114048
2056,4084213.4874362093,100.00000000000071
2057,2578141.3223856194,63.12427764963886
2058,0,0
2059,1640812.3731584172,40.174303651911075
2060,0,0
2061,129907.99419017647,3.18069568541273
2062,1616986.555093676,39.59062751230493
2063,65096.8897336106,1.5938454809874631
2064,374070.56669375196,9.158814185346234
2065,176730.83956062302,4.32710585041666
2066,254569.0523657175,6.232905156421628
2067,186957.72993579574,4.5774970463865
2068,14594.71540156883,0.3573388843909737
2069,257737.6073120795,6.31048064511078
2070,539739.0781671593,13.215032745415673
2071,186312.4167364557,4.561691528187649
2072,218261.06917671504,5.343918930858192
2073,355499.48890401475,8.70407377655808
2074,558009.3837532802,13.66233987895712
2075,1220270.1684918485,29.877141595266103
2076,183608.24866239197,4.495471400505299
2077,24823.623307000293,0.6077825448831586
2078,0,0
2079,3370.3812889841774,0.08252034262535723
2080,359564.5190223721,8.803553743838462
2081,0,0
2082,0,0
2083,307903.6041656977,7.538617531011367
2084,0,0
2085,0,0
2086,572115.9171785851,14.007468028564563
2087,524366.1508106195,12.838357393340303
2088,193652.85697082104,4.7413082311941475
2089,0,0
2090,849443.9483611098,20.797296490352053
2091,629115.1944315123,15.402799997623905
2092,111566.48381964254,2.731506171162382
2093,92291.61936754084,2.2595955274217903
2094,338314.5814721504,8.283028517590429
2095,872647.8516400659,21.365211610266364
2096,73009.00488702439,1.7874907691293895
2097,13568.493108877003,0.33219931434482847
2098,15297.507367531802,0.3745310122430029
2099,18429.60708661695,0.45121437201397296
2100,25309.957407630685,0.6196660910740553
2101,33324.3907835892,0.8158832277733276
2102,55698.660365009506,1.3636705938365943
2103,643609.9981616549,15.757439598417031
2104,0,0
2105,75511.633909668,1.8487359245315143
2106,0,0
2107,25563.792134630807,0.6258723422984844
2108,8404.63264280581,0.20576852916295574
2109,123480.11016260809,3.0231272683926504
2110,2513205.0957953734,61.52998707292433
2111,125941.79017805107,3.0833902116978296
2112,155661.5779709192,3.811007388958096
2113,1059477.3545287151,25.938746246005074
2114,0,0
2115,1243775.1510618343,30.450702994587598
2116,442218.9746218151,10.826598361967722
2117,159174.2980427771,3.8969700333503567
2118,0,0
2119,57552.641993328485,1.4090091961529345
2120,1220745.8394693423,29.886359858051197
2121,899349.4392042528,22.017836840060458
2122,0,0
2123,0,0
2124,23542.09362695115,0.5763506229714893
2125,0,0
2126,78527.7259560143,1.9224892156063929
2127,0,0
2128,15926.378453019852,0.3899039709501638
2129,0,0
2130,1553208.9307951762,38.025089191267384
2131,0,0
2132,53087.162090648184,1.2996587746894754
2133,577.1519972524991,0.014129605501944064
2134,53980.82537996755,1.3215370836784306
2135,2007.7954223476281,0.04915401854868474
2136,53980.82537996755,1.3215354749070223
2137,1832301.7093879671,44.857572019517924
2138,1118786.7075624529,27.389607567796403
2139,81958.07286695478,2.006456374092687
2140,69725.77429823684,1.7069893070957403
2141,21420.895989316312,0.5244149781080572
2142,0,0
2143,2439.007896089622,0.05971045724646035
2144,241349.107963854,5.908576850305267
2145,97374.00426436431,2.3838542107687477
2146,110859.99008164831,2.714010337342575
2147,54357.677340355054,1.3307492572461102
2148,320188.6515925911,7.838607143504153
2149,52880.05294798761,1.2945671455375112
2150,0,0
2151,0,0
2152,1033222.6681703888,25.29445375383572
2153,232553.95095331932,5.693182446409524
2154,0,0
2155,0,0
2156,233258.50582801554,5.710427270939474
2157,0,0
2158,0,0
2159,0,0
2160,0,0
2161,0,0
2162,708374.3606733824,17.34176995843797
2163,0,0
2164,886296.5246357023,21.697483640196314
2165,28715.396069783837,0.7029835039714456
2166,0,0
2167,0,0
2168,0,0
2169,430803.20708535396,10.546502477074574
2170,0,0
2171,0,0
2172,192171.51430466218,4.70454635168088
2173,0,0
2174,64197.781967384704,1.5716215350872482
2175,288585.5353821846,7.064842868741962
2176,2087914.9352731346,51.11407249795372
2177,0,0
2178,0,0
2179,321476.59561813076,7.870008423824217
2180,0,0
2181,0,0
2182,0,0
2183,0,0
2184,0,0
2185,0,0
2186,0,0
2187,0,0
2188,0,0
2189,0,0
2190,0,0
2191,0,0
2192,57230.47955109032,1.401037606211858
2193,0,0
2194,0,0
2195,0,0
2196,415550.13021124154,10.17290618171855
2197,496591.143810256,12.156836803503904
2198,0,0
2199,787257.6434945543,19.272519885960012
2200,0,0
2201,0,0
2202,4804.29426224931,0.1176116724129332
2203,227681.44120343548,5.573762474904296
2204,587669.7389771398,14.386466992809051
2205,369723.13896687614,9.051007606308309
2206,675194.2240339069,16.529092754501
2207,0,0
2208,101162.55722598147,2.4765085617639833
2209,0,0
2210,0,0
2211,113857.02928992243,2.7872720232708117
2212,10061.089250538418,0.24630005513531103
2213,0,0
2214,76556.9179030759,1.874146003726029
2215,72125.62617985022,1.7656660922836398
2216,70903.29553679808,1.7357429167868506
2217,0,0
2218,46014.512722370855,1.1264542141550642
2219,30251.18226460615,0.7405613952871692
2220,358674.1755908359,8.780486144574262
2221,178295.49838221434,4.364744550137988
2222,0,0
2223,122599.76443844024,3.001289061142725
2224,98810.71435550034,2.418924028746748
2225,0,0
2226,19570.84972950424,0.4791015858458198
2227,0,0
2228,69395.02410796165,1.6988146342590833
2229,252533.5970098831,6.182107657478743
2230,220295.7376553191,5.392913983701088
2231,29627.817481374277,0.7252989681164753
2232,193293.96386683927,4.73190145119174
2233,97133.92922305559,2.3778699167457664
2234,0,0
2235,273794.6085394279,6.702576259469578
2236,633820.3839207412,15.516108601425
2237,326230.64880425873,7.986221813582049
2238,264965.63388828834,6.4864363080671685
2239,523915.1777616574,12.825596970865444
2240,0,0
2241,577846.4111777539,14.145840775561483
2242,685349.4114315973,16.77754410549263
2243,461411.32779820246,11.295477567768451
2244,83331.17464942372,2.0399703198440955
2245,0,0
2246,200948.29654257887,4.919267174678705
2247,625521.7762091091,15.31291909587037
2248,0,0
2249,0,0
2250,796072.6321019499,19.488032038068713
2251,298269.20072383084,7.301695228897309
2252,0,0
2253,707211.4536820969,17.31268046579124
2254,517876.45992858364,12.677721245630327
2255,470187.97498701885,11.510297418721029
2256,498828.42372185393,12.211421438646603
2257,0,0
2258,0,0
2259,1131655.2247781875,27.7031336504466
2260,0,0
2261,0,0
2262,0,0
2263,0,0
2264,0,0
2265,666267.5203414698,16.31033495805223
2266,611837.7887051922,14.977886463175338
2267,1469606.566136494,35.976202679003386
2268,702093.8090544747,17.18736820877085
2269,698254.0085682815,17.093369281632597
2270,764823.2991512363,18.722984756797047
2271,0,0
2272,526980.8333662669,12.90055904084338
2273,1460420.1424985407,35.75125252086554
2274,1500690.842298441,36.73708386888082
2275,0,0
2276,852134.6900877841,20.860342257867305
2277,584416.2184134155,14.306567352512847
2278,1242241.3976083128,30.410193391297007
2279,37110.74642199372,0.9084742252369702
2280,44290.55306675442,1.0842365018770663
2281,0,0
2282,74842.97417025037,1.8321612551761106
2283,489142.6273747662,11.97424581354146
2284,753811.3859441621,18.45334439103143
2285,130595.92090972424,3.1969934234933586
2286,0,0
2287,0,0
2288,0,0
2289,267662.3688172901,6.5523736918381665
2290,1922742.6898740719,47.06841935106027
2291,1457254.7460235322,35.67333074993776
2292,364949.0181218748,8.933858424280462
2293,21838.18048998307,0.5345917656667681
2294,12124.491771144343,0.29680355194875724
2295,22532.852106399238,0.5515964393390599
2296,0,0
2297,2483.2862268715394,0.06078991575640723
2298,446112.4952982233,10.920660006431767
2299,0,0
2300,0,0
2301,0,0
2302,0,0
2303,45651.3311519425,1.1175261165611012
2304,471274.2864116078,11.536596872218047
2305,184119.6056211556,4.507170723224347
2306,0,0
2307,149172.72503567248,3.651683532317433
2308,0,0
2309,0,0
2310,134161.59782030687,3.2842136790029133
2311,0,0
2312,0,0
2313,0,0
2314,45975.239534842796,1.1254518550849828
2315,45975.239534842796,1.12545185508495
2316,96761.37760218493,2.368672203228327
2317,0,0
2318,639500.8084094626,15.654664176802276
2319,184392.6002003907,4.513839849559802
2320,162729.11703579486,3.9835284732769565
2321,45016.01343320723,1.1019697920754585
2322,0,0
2323,0,0
2324,28643.04055606764,0.70116707207
2325,700255.5192703472,17.141899135549668
2326,188704.4862187166,4.619389894359747
2327,43334.067112341894,1.0607959339568709
2328,0,0
2329,33893.861997739565,0.8297040093592427
2330,0,0
2331,0,0
2332,1102653.755836707,26.99238706446848
2333,12357.715582508263,0.30251022909402353
2334,0,0
2335,548024.7262881167,13.415350466009679
2336,533739.9241645958,13.065666195150119
2337,37916.71813649357,0.928180861048575
2338,50472.73247027026,1.2355453368903753
2339,324046.3431175202,7.932475342528009
2340,1313504.5145790637,32.153864394704726
2341,804629.3776139938,19.696882354522568
2342,114218.1406008,2.7959969406502827
2343,36117.006400702405,0.8841243507435219
2344,93086.22201025757,2.2786992555503165
2345,0,0
2346,12279.689019715679,0.30059981685768555
2347,270068.006923455,6.611111510230735
2348,293561.91458771116,7.186229033956247
2349,60319.981975185816,1.4765989191979543
2350,46666.837916515855,1.1423777026037185
2351,0,0
2352,0,0
2353,97745.19076468195,2.392746786616857
2354,43.218786513369444,0.0010579707210373666
2355,79891.3132734044,1.9556928161855966
2356,0,0
2357,0,0
2358,951592.2149011174,23.29442316527974
2359,36833.39621285017,0.9016600856551023
2360,0,0
2361,40098.05089791604,0.9815763366714145
2362,404668.765494204,9.906049683323777
2363,19991.125809027704,0.4893708197318679
2364,153202.829358618,3.7503137594486575
2365,56449.13407510945,1.3818410868594297
2366,36833.39621285017,0.9016595398570023
2367,704926.3403873395,17.25616533705707
2368,107605.52418027329,2.634117368085206
2369,36833.39621285017,0.9016589940802092
2370,416067.5965130752,10.18507392862328
2371,106579.25224978529,2.6089932802234803
2372,0,0
2373,36833.39621285017,0.9016584483247915
2374,286483.22816278966,7.012925583617196
2375,0,0
2376,0,0
2377,0,0
2378,0,0
2379,0,0
2380,102834.21942663843,2.5173126537996824
2381,41014.356634762094,1.0040039154260203
2382,17103.476350297307,0.4186816186346029
2383,0,0
2384,157869.70743699014,3.8645421134443247
2385,62906.996603964595,1.5399201123072412
2386,0,0
2387,0,0
2388,10601.710185934608,0.25952243377944467
2389,22147.9346685419,0.5421659154570966
2390,0,0
2391,0,0
2392,0,0
2393,0,0
2394,123505.55571147882,3.023327599525951
2395,295903.60410565574,7.24350842306974
2396,19514.922930263965,0.4777110556360004
2397,19514.922930263965,0.4777110556360083
2398,376798.4969992094,9.223751915742874
2399,0,0
2400,0,0
2401,0,0
2402,468177.6555124038,11.46064001933392
2403,0,0
2404,5498.8318333335665,0.1346073043569872
2405,8157.821231479118,0.19969738276756432
2406,0,0
2407,8331.990051629935,0.2039607822459126
2408,14745.814629962766,0.36096633194986427
2409,5879.330451800894,0.14392153982432565
2410,0,0
2411,468479.08394033136,11.468004884936194
2412,5641.359962660191,0.13809611960754709
2413,19514.922930263965,0.477710188491292
2414,19514.922930263965,0.47771018849140984
2415,47701.96717215759,1.1677071854524717
2416,19506.168849685513,0.47749589538363935
2417,19.627017101233303,4.804541669192487e-4
2418,0,0
2419,0,0
2420,427459.4697207322,10.463870189788821
2421,0,0
2422,16951.048270131287,0.4149482728629398
2423,744.5458226686817,0.01822589365921632
2424,3067.542925583959,0.0750910279187036
2425,0,0
2426,0,0
2427,415419.4470551861,10.169133792428699
2428,0,0
2429,0,0
2430,49671.08572044567,1.2159082100919516
2431,50537.83528545658,1.2371255420047662
2432,0,0
2433,0,0
2434,0,0
2435,0,0
2436,63020.94702157184,1.5427011393439196
2437,0,0
2438,0,0
2439,0,0
2440,0,0
2441,1485825.9578729481,36.3717798564539
2442,0,0
2443,34375.864334902064,0.8414924798826443
2444,0,0
2445,0,0
2446,0,0
2447,0,0
2448,54789.46280149937,1.3411995283920566
2449,53743.98050073099,1.3156070093740362
2450,349969.9962645367,8.566968353787365
2451,0,0
2452,0,0
2453,0,0
2454,0,0
2455,0,0
2456,0,0
2457,0,0
2458,0,0
2459,0,0
2460,31670.082336004947,0.7752557870523503
2461,0,0
2462,0,0
2463,0,0
2464,0,0
2465,0,0
2466,0,0
2467,0,0
2468,58612.035624084696,1.4347702617886158
2469,0,0
2470,477345.87257591943,11.685000448574389
2471,0,0
2472,17287.33695648763,0.4231783063773662
2473,57247.501926032346,1.4013668484841557
2474,0,0
2475,23262.81983001818,0.5694526995111429
2476,0,0
2477,182365.56991838393,4.464143506535849
2478,0,0
2479,46324.780269225885,1.1339878577276445
2480,21901.639616439614,0.5361319200010968
2481,0,0
2482,198705.30278083362,4.8641194417608515
2483,215848.9254452357,5.283779245183933
2484,17494.04819180804,0.42823789166177545
2485,186.03929452466997,0.004554067439392011
2486,272.81904663188857,0.006678354378235708
2487,93694.40622268307,2.2935511861733056
2488,147529.03590452063,3.6113724280360375
2489,103050.8717396865,2.5225886863835507
2490,60497.27683242511,1.4809156994507564
2491,0,0
2492,56020.6220587513,1.3713314556224365
2493,25076.790399446356,0.6138559376356071
2494,127097.14017092466,3.1112169024685046
2495,133007.9394276502,3.255907636893892
2496,966.6008060917121,0.023661466826151435
2497,0,0
2498,29635.299776161588,0.7254439041613101
2499,0,0
2500,30191.07228813674,0.7390486857548287
2501,0,0
2502,0,0
2503,47170.5573896992,1.1546896059323168
2504,141410.12789410522,3.4615831121920784
2505,198204.6160966522,4.851857232972935
2506,112136.09765961255,2.744983175577178
2507,0,0
2508,645.1039677292815,0.01579152097204418
2509,290.74467597262515,0.007117148363377276
2510,0,0
2511,226889.84716378068,5.554043935651142
2512,61744.48965052375,1.5114444529491333
2513,143746.42155239682,3.5187711926429563
2514,198087.5880845302,4.848989568186659
2515,93982.67017680193,2.300603443580497
2516,0,0
2517,129287.76172937085,3.1648374034039493
2518,0,0
2519,21982.087351062604,0.5380995792213514
2520,3242.7139498173187,0.07937840406442073
2521,199457.26627304757,4.882514992326061
2522,32953.97103041013,0.806680351230491
2523,139083.46455393737,3.4046245271381754
2524,0,0
2525,31957.119932013826,0.7822784303381245
2526,83505.08529108347,2.044121221991333
2527,0,0
2528,0,0
2529,0,0
2530,0,0
2531,0,0
2532,446761.7949002193,10.936283256846432
2533,721367.1076767761,17.658347494748305
2534,0,0
2535,829089.2722493492,20.295266397841125
2536,194773.83447737794,4.7678663689892735
2537,0,0
2538,0,0
2539,0,0
2540,542510.2653173998,13.280102308292745
2541,0,0
2542,391018.1877372086,9.57172376216724
2543,673916.9488335578,16.49679497060265
2544,0,0
2545,0,0
2546,0,0
2547,172985.5049094036,4.234507549210333
2548,0,0
2549,0,0
2550,0,0
2551,776900.3665893088,19.017711801575235
2552,37734.945111629306,0.9237121538912959
2553,154984.77139243565,3.793865780903131
2554,27361.458184125564,0.6697799983040242
2555,0,0
2556,0,0
2557,0,0
2558,0,0
2559,11660.889457864552,0.28544625606847496
2560,0,0
2561,0,0
2562,0,0
2563,0,0
2564,0,0
2565,0,0
2566,0,0
2567,0,0
2568,102376.44857919707,2.5060658018023108
2569,0,0
2570,0,0
2571,204515.42491608934,5.006318537478827
2572,5272.865986560668,0.1290740333457391
2573,9104.436206987884,0.22286671149431467
2574,0,0
2575,0,0
2576,0,0
2577,0,0
2578,0,0
2579,89084.47611240283,2.180691235018704
2580,90537.10466697128,2.2162500045700715
2581,44572.16363788303,1.0910781632514928
2582,703573.6455826585,17.222718806542918
2583,7481.467815835327,0.1831380970090559
2584,2348.5122510992687,0.05748899481442798
2585,0,0
2586,0,0
2587,0,0
2588,0,0
2589,0,0
2590,0,0
2591,0,0
2592,0,0
2593,0,0
2594,0,0
2595,0,0
2596,0,0
2597,0,0
2598,0,0
2599,0,0
2600,233426.5444304971,5.714024866607635
2601,2490.959393381807,0.060975907200332594
2602,0,0
2603,0,0
2604,52351.87285311966,1.281515447155476
2605,0,0
2606,0,0
2607,0,0
2608,0,0
2609,89563.70553142627,2.1924182747762386
2610,0,0
2611,57569.82134412676,1.4092441535503737
2612,0,0
2613,0,0
2614,656848.8604487095,16.078917647156757
2615,1624923.140812625,39.77628178609511
2616,1475957.4136558007,36.12974732684277
2617,0,0
2618,0,0
2619,0,0
2620,0,0
2621,0,0
2622,0,0
2623,0,0
2624,0,0
2625,0,0
2626,0,0
2627,24997.498358640914,0.6119097646347552
2628,0,0
2629,0,0
2630,0,0
2631,0,0
2632,0,0
2633,0,0
2634,0,0
2635,0,0
2636,92865.40337232436,2.2732373577952525
2637,162728.9105621622,3.983414977481292
2638,121032.41236705905,2.9627312756951465
2639,316143.0370152383,7.738810166962959
2640,0,0
2641,0,0
2642,0,0
2643,9621.006951715799,0.23551094820016782
2644,145135.35708982512,3.5527409010819717
2645,466971.2352381437,11.430900370009594
2646,0,0
2647,0,0
2648,0,0
2649,0,0
2650,0,0
2651,0,0
2652,540958.7673441557,13.242019143748248
2653,6157.943482688735,0.15073904039716696
2654,6392.011275909112,0.1564687380855169
2655,0,0
2656,0,0
2657,365776.6921014741,8.953772914939224
2658,113195.32643928459,2.7708852692247374
2659,59654.28459895899,1.4602641623635466
2660,0,0
2661,0,0
2662,0,0
2663,0,0
2664,357244.0580022245,8.744899023182242
2665,362407.79840682796,8.871301093164817
2666,30290.068628756937,0.7414639533685469
2667,0,0
2668,101399.75522552116,2.4821423913425407
2669,4805.073591866333,0.11762227257569494
2670,0,0
2671,0,0
2672,0,0
2673,0,0
2674,0,0
2675,0,0
2676,0,0
2677,0,0
2678,0,0
2679,0,0
2680,0,0
2681,0,0
2682,0,0
2683,96875.32845176042,2.3713885065777207
2684,0,0
2685,0,0
2686,2004.6807962566206,0.0490721123280395
2687,338219.04078222916,8.279184791783972
2688,0,0
2689,52228.43033411152,1.2784875302134893
2690,0,0
2691,0,0
2692,0,0
2693,0,0
2694,0,0
2695,0,0
2696,0,0
2697,0,0
2698,263549.7561356202,6.451368939102127
2699,0,0
2700,0,0
2701,418299.646616972,10.239453023940271
2702,191184.85569349185,4.679966537373401
2703,0,0
2704,0,0
2705,0,0
2706,20880.197743473655,0.5111208590765881
2707,22954.452883656268,0.5618960041313168
2708,484895.27381140826,11.869623648088451
2709,34980.36180574552,0.8562750600650716
2710,66544.05352522964,1.6289143533083323
2711,0,0
2712,0,0
2713,0,0
2714,0,0
2715,0,0
2716,25881.086473133593,0.6335359138489152
2717,0,0
2718,137950.5920908881,3.37685415629706
2719,0,0
2720,0,0
2721,109928.13262721585,2.6909001688920733
2722,30054.598390783158,0.7356981507183261
2723,170702.1943189015,4.178571513452408
2724,79133.02403640962,1.9370741046188256
2725,0,0
2726,0,0
2727,0,0
2728,0,0
2729,22954.452883656268,0.5618953250941779
2730,10167.1573659402,0.24887886556803282
2731,309139.5115402146,7.567335506395548
2732,0,0
2733,0,0
2734,25653.476529739004,0.6279635545321367
2735,0,0
2736,0,0
2737,0,0
2738,0,0
2739,0,0
2740,0,0
2741,0,0
2742,70198.41112551441,1.7183652953151336
2743,69030.66606308319,1.689780423423043
2744,105039.46904150357,2.571228826198279
2745,209285.81630737925,5.123043068613735
2746,940306.0248116116,23.017461707545966
2747,0,0
2748,60365.71627896346,1.4776728923890263
2749,0,0
2750,0,0
2751,0,0
2752,0,0
2753,0,0
2754,3225.939234378362,0.07896672570083899
2755,0,0
2756,215589.55602454644,5.27734718407843
2757,0,0
2758,0,0
2759,0,0
2760,0,0
2761,0,0
2762,0,0
2763,0,0
2764,0,0
2765,0,0
2766,0,0
2767,0,0
2768,0,0
2769,0,0
2770,0,0
2771,0,0
2772,0,0
2773,0,0
2774,190721.61474558397,4.668607231887288
2775,25832.525626497674,0.632345296146062
2776,1383.606162511568,0.03386880792196177
2777,138558.15862351313,3.3917163623511084
2778,59225.06057880534,1.4497485220066784
2779,0,0
2780,0,0
2781,0,0
2782,0,0
2783,0,0
2784,0,0
2785,256773.48545204298,6.285463913191045
2786,45293.270051746,1.1087173347336263
2787,398949.77603890264,9.76574515103739
2788,546867.4561929657,13.386567756980009
2789,135978.91678596695,3.3285759883000394
2790,0,0
2791,0,0
2792,0,0
2793,0,0
2794,0,0
2795,0,0
2796,840809.3101696278,20.58185008912607
2797,141906.87214496048,3.473682045969161
2798,0,0
2799,0,0
2800,0,0
2801,0,0
2802,0,0
2803,41478.59756676134,1.0153381403013293
2804,144505.4400076078,3.5372913581412653
2805,160027.72438481473,3.917255201600923
2806,0,0
2807,0,0
2808,0,0
2809,0,0
2810,0,0
2811,0,0
2812,102519.90848391174,2.5095426666897076
2813,0,0
2814,0,0
2815,0,0
2816,0,0
2817,0,0
2818,0,0
2819,0,0
2820,0,0
2821,36195.396306991875,0.8860122166846042
2822,0,0
2823,0,0
2824,328344.2189467606,8.037398211624579
2825,0,0
2826,0,0
2827,0,0
2828,0,0
2829,0,0
2830,0,0
2831,0,0
2832,0,0
2833,20274.64231694532,0.49629432923238953
2834,414731.2302177498,10.152029046679825
2835,105690.43436369194,2.5871511027825607
2836,0,0
2837,0,0
2838,0,0
2839,0,0
2840,0,0
2841,0,0
2842,0,0
2843,0,0
2844,0,0
2845,0,0
2846,71913.66167318427,1.7603428148420375
2847,87195.20048757525,2.1344128653134344
2848,0,0
2849,0,0
2850,7181.939228615959,0.17580341742893946
2851,70848.97136909261,1.7342786354942519
2852,0,0
2853,0,0
2854,120792.06761853103,2.9568121902106803
2855,12266.123722749033,0.30025667136184825
2856,0,0
2857,3846.587684503369,0.09415881009811075
2858,96011.18492165432,2.3502126221522612
2859,349373.1849988471,8.552136649671672
2860,2402.4527149883975,0.0588084741335411
2861,71819.51366270421,1.7580350219449556
2862,301091.1205044672,7.370263423525143
2863,0,0
2864,0,0
2865,0,0
2866,0,0
2867,0,0
2868,0,0
2869,7145.650328363893,0.1749149067039603
2870,0,0
2871,123109.87107200269,3.0135467904745648
2872,790816.818775406,19.358021134472853
2873,0,0
2874,0,0
2875,256485.646113012,6.278383870816712
2876,100667.61858351115,2.4641922946041976
2877,316555.535219975,7.748804647209134
2878,0,0
2879,0,0
2880,0,0
2881,0,0
2882,0,0
2883,0,0
2884,0,0
2885,55108.40640966227,1.348970307920327
2886,55108.40640966227,1.3489703079203825
2887,141932.07031452277,3.47428207545408
2888,0,0
2889,0,0
2890,0,0
2891,0,0
2892,0,0
2893,0,0
2894,24644.311673783228,0.6032550530554315
2895,0,0
2896,0,0
2897,53050.26183761134,1.2985892624260844
2898,0,0
2899,0,0
2900,0,0
2901,0,0
2902,0,0
2903,0,0
2904,0,0
2905,0,0
2906,114380.64935999476,2.7998633360733036
2907,72598.98367217084,1.7771120705921886
2908,27307.32294951144,0.668441495659083
2909,6659.871255344659,0.16302346118107974
2910,0,0
2911,46331.196767592264,1.1341168272063327
2912,0,0
2913,0,0
2914,0,0
2915,0,0
2916,0,0
2917,0,0
2918,0,0
2919,0,0
2920,0,0
2921,0,0
2922,0,0
2923,0,0
2924,0,0
2925,16264.177970807805,0.39812171774170657
2926,55108.40640966227,1.3489678642968455
2927,355568.49180546525,8.703762279687123
2928,110933.30162511916,2.715474257415875
2929,57848.84954422598,1.416049639352733
2930,140902.6745021715,3.4490777774255874
2931,0,0
2932,0,0
2933,68869.30326874998,1.6858131635208446
2934,22057.114317727177,0.5399237672117578
2935,15042.917093425685,0.36822715564421016
2936,24255.784951134745,0.5937437961668868
2937,0,0
2938,16203.753854133176,0.39664239009458635
2939,86751.3226251028,2.123535833710491
2940,18012.027322506532,0.4409060784285845
2941,58289.55569390139,1.4268365772589553
2942,58289.55569390139,1.4268365772592055
2943,0,0
2944,0,0
2945,0,0
2946,0,0
2947,0,0
2948,0,0
2949,0,0
2950,0,0
2951,0,0
2952,22630.210082715443,0.5539519235082064
2953,0,0
2954,14597.715777473433,0.35732910583676214
2955,4222.208044945676,0.1033530073030488
2956,24955.65522236046,0.6108751603410555
2957,103366.05197327008,2.5302367293947214
2958,0,0
2959,0,0
2960,61698.423829126325,1.5102793919088662
2961,140136.27888536584,3.4303134654706477
2962,0,0
2963,0,0
2964,0,0
2965,0,0
2966,0,0
2967,0,0
2968,0,0
2969,0,0
2970,0,0
2971,0,0
2972,0,0
2973,0,0
2974,35062.10234199558,0.8582645603845281
2975,42221.055844583745,1.0335043683336769
2976,0,0
2977,74830.18630220968,1.8317229682830722
2978,0,0
2979,61698.423829126325,1.5102784801075912
2980,249369.07726726486,6.104155140884699
2981,211764.52919106517,5.183656103973162
2982,414983.55480837735,10.158131983426571
2983,0,0
2984,0,0
2985,29041.638025264503,0.7108927297415737
2986,0,0
2987,57401.95320142436,1.4051077686580193
2988,167294.91958552887,4.09511136915124
2989,204951.72743996984,5.016886612905392
2990,56497.07095733367,1.3829568674271173
2991,63883.11676487711,1.5637553159060613
2992,58289.55569390139,1.4268339929880482
2993,0,0
2994,0,0
2995,0,0
2996,0,0
2997,0,0
2998,0,0
2999,0,0
3000,0,0
3001,0,0
3002,0,0
3003,11012.489557256611,0.2695679227722091
3004,13321.109939323853,0.32607921366857096
3005,225152.75073918368,5.5113749718122484
3006,46716.05062464705,1.1435333183774015
3007,0,0
3008,54628.79112546985,1.3372235933339953
3009,0,0
3010,0,0
3011,61698.423829126325,1.5102766566144419
3012,123763.27613179576,3.02952288385226
3013,136079.12449830555,3.330994739046996
3014,124592.10293259202,3.049811210392034
3015,44855.596405752585,1.0979917470460443
3016,0,0
3017,0,0
3018,0,0
3019,0,0
3020,0,0
3021,0,0
3022,29400.09071711247,0.7196662079304874
3023,21740.390693463283,0.5321692602868013
3024,26975.9605212261,0.6603274595440475
3025,279657.559433817,6.845560350590767
3026,230554.98289188373,5.643609465487558
3027,0,0
3028,0,0
3029,12140.792267653871,0.2971865883762981
3030,132264.02117329807,3.2376052856244266
3031,138933.54883434146,3.4008643323138847
3032,NA,NA
3033,NA,NA
3034,26462.154920083725,0.6477499464955484
3035,0,0
3036,0,0
3037,0,0
3038,0,0
3039,0,0
3040,0,0
3041,0,0
3042,3990.620177963313,0.09768380596992933
3043,224181.73356200723,5.487599417302597
3044,0,0
3045,0,0
3046,0,0
3047,0,0
3048,12043.539014832146,0.2948058110517417
3049,94021.19210458006,2.3014824596248586
3050,66714.5272320735,1.633060704612251
3051,121464.37205156598,2.973245876685611
3052,NA,NA
3053,NA,NA
3054,0,0
3055,0,0
3056,0,0
3057,0,0
3058,0,0
3059,0,0
3060,0,0
3061,584327.0776461808,14.30335533706887
3062,0,0
3063,0,0
3064,11322.878149156199,0.2771650639571137
3065,0,0
3066,132657.16507794234,3.247224880358176
3067,84587.61587147831,2.070562948232888
3068,NA,NA
3069,30997.696761078478,0.7587716207958104
3070,0,0
3071,0,0
3072,0,0
3073,0,0
3074,79680.72427445812,1.950450472817344
3075,86915.50150137296,2.12754439946713
3076,0,0
3077,511752.49276552594,12.526835041958343
3078,63265.65770219403,1.5486362432227694
3079,NA,NA
3080,0,0
3081,0,0
3082,0,0
3083,0,0
3084,0,0
3085,0,0
3086,0,0
3087,11527.38246165362,0.28217081617393736
3088,14247.717800012178,0.3487600219407478
3089,199957.9834496224,4.89463306853595
3090,1520.6380016304788,0.03722262260971747
3091,1520.6380016304788,0.03722262260972171
3092,110436.46474108554,2.703296146092242
3093,188669.07370466492,4.618296873486212
3094,NA,NA
3095,NA,NA
3096,0,0
3097,0,0
3098,0,0
3099,0,0
3100,0,0
3101,44373.76262822766,1.0861939648439234
3102,0,0
3103,0,0
3104,38982.998966182844,0.9542372722223562
3105,569834.4218038921,13.948573960461735
3106,395071.0536102266,9.670665021383721
3107,7991.0576518961025,0.19560733283533704
3108,120686.33672272293,2.9541937330913717
3109,105221.25587745491,2.575635180768846
3110,0,0
3111,175520.15526176256,4.296431201626487
3112,NA,NA
3113,NA,NA
3114,NA,NA
3115,NA,NA
3116,31043.511728485708,0.7598917184148996
3117,0,0
3118,44984.400247490485,1.1011406668455772
3119,0,0
3120,0,0
3121,0,0
3122,312761.102604782,7.655853300049934
3123,145376.63399321507,3.558569700125252
3124,44468.26725987611,1.088505963020408
3125,394290.20085421973,9.651539428828931
3126,16962.048015159384,0.41520148067931706
3127,NA,NA
3128,512641.82341000065,12.548581630458337
3129,NA,NA
3130,0,0
3131,0,0
3132,0,0
3133,0,0
3134,0,0
3135,0,0
3136,14242.154073154466,0.3486232000965655
3137,0,0
3138,NA,NA
3139,NA,NA
3140,0,0
3141,0,0
3142,0,0
3143,0,0
3144,0,0
3145,4247.461768281301,0.10397042559077295
3146,0,0
3147,0,0
3148,0,0
3149,214198.89671932696,5.2432107052292025
3150,613471.8788724121,15.016708171354312
3151,22775.419265946937,0.5575020410481918
3152,94464.39768085458,2.312321626157517
3153,NA,NA
3154,NA,NA
3155,NA,NA
3156,NA,NA
3157,NA,NA
3158,0,0
3159,0,0
3160,0,0
3161,0,0
3162,0,0
3163,0,0
3164,453114.4721986528,11.091442055555568
3165,0,0
3166,0,0
3167,595238.8998607295,14.57038825309967
3168,NA,NA
3169,NA,NA
3170,0,0
3171,0,0
3172,0,0
3173,0,0
3174,0,0
3175,NA,NA
3176,NA,NA
3177,NA,NA
3178,0,0
3179,0,0
3180,0,0
3181,0,0
3182,0,0
3183,0,0
3184,NA,NA
3185,NA,NA
3186,0,0
3187,0,0
3188,0,0
3189,0,0
3190,49419.01206901827,1.2096879490288122
3191,37487.514623952025,0.9176264919316097
3192,104301.78186493595,2.5531187958191848
3193,188695.13793023702,4.618915369567869
3194,248398.41022786658,6.080343390736015
3195,0,0
3196,NA,NA
3197,0,0
3198,0,0
3199,0,0
3200,0,0
3201,0,0
3202,0,0
3203,0,0
3204,0,0
3205,0,0
3206,0,0
3207,69229.53953460092,1.6946127746251773
3208,157373.7691321419,3.852222640148601
3209,385268.59690693935,9.430672085489888
3210,148641.03142394565,3.6384589641987493
3211,0,0
3212,NA,NA
3213,NA,NA
3214,83483.34135252089,2.0435185950708683
3215,0,0
3216,0,0
3217,0,0
3218,4149.900096100476,0.10158185765234706
3219,0,0
3220,0,0
3221,1392940.833222131,34.0965875794292
3222,125751.48616403865,3.078161296569984
3223,NA,NA
3224,0,0
3225,0,0
3226,0,0
3227,0,0
3228,0,0
3229,4149.900096100476,0.10158179636769785
3230,0,0
3231,192670.8978922137,4.716223393921652
3232,5461.102263278852,0.13367757420776888
3233,1515897.7283778065,37.10632012694017
3234,0,0
3235,0,0
3236,NA,NA
3237,NA,NA
3238,14853.78796519515,0.3635927417900814
3239,NA,NA
3240,0,0
3241,71358.0603527953,1.7467108641435147
3242,0,0
3243,0,0
3244,0,0
3245,0,0
3246,0,0
3247,0,0
3248,NA,NA
3249,NA,NA
3250,NA,NA
3251,NA,NA
3252,14853.78796519515,0.36359252245070056
3253,0,0
3254,0,0
3255,0,0
3256,0,0
3257,820701.524950334,20.089202722569258
3258,NA,NA
3259,NA,NA
3260,NA,NA
3261,NA,NA
3262,636888.3525025793,15.589808031409596
3263,0,0
3264,0,0
3265,0,0
3266,31481.724994208027,0.7706123800646323
3267,42750.71634801902,1.0464557225016184
3268,0,0
3269,398400.8600548473,9.752090619022272
3270,287012.9482776346,7.025527706067468
3271,101961.72816555391,2.495827977393695
3272,0,0
3273,NA,NA
3274,1802.021648301341,0.04411001474441429
3275,NA,NA
3276,NA,NA
3277,0,0
3278,14847.44509763756,0.3634368226325736
3279,0,0
3280,971499.7594659377,23.780440570529997
3281,74422.8600363838,1.8217280889051932
3282,1650222.2854348007,40.39423472193523
3283,0,0
3284,0,0
3285,NA,NA
3286,NA,NA
3287,NA,NA
3288,NA,NA
3289,NA,NA
3290,133152.30031727895,3.2593095610538194
3291,0,0
3292,104285.13120816863,2.5526973579323773
3293,783513.3372079235,19.17887234986251
3294,0,0
3295,NA,NA
3296,NA,NA
3297,NA,NA
3298,134435.36688551752,3.290714552470465
3299,356808.67075552454,8.73397761693574
3300,68639.99673175557,1.680172720613722
3301,0,0
3302,NA,NA
3303,NA,NA
3304,0,0
3305,0,0
3306,3668.8348612618947,0.08980583953865542
3307,0,0
3308,161524.22392157654,3.9537943471562462
3309,142871.06238862348,3.4972017517236305
3310,763590.3327950158,18.69117366548861
3311,438393.60679473483,10.731004160896731
3312,0,0
3313,15356.114007229684,0.37588714970447523
3314,217098.40889186537,5.314137553636546
3315,0,0
3316,8892.21468791303,0.21766374175302078
3317,19829.359624126148,0.48538331156366976
3318,0,0
3319,0,0
3320,NA,NA
3321,NA,NA
3322,NA,NA
3323,0,0
3324,389.874902618053,0.009543356960966467
3325,0,0
3326,231290.53228234145,5.66152911213255
3327,149168.25305330302,3.6513379498624023
3328,NA,NA
3329,NA,NA
3330,0,0
3331,0,0
3332,0,0
3333,0,0
3334,121834.11989573573,2.9822535054055685
3335,NA,NA
3336,NA,NA
3337,NA,NA
3338,0,0
3339,0,0
3340,0,0
3341,0,0
3342,0,0
3343,472390.7180882141,11.563164954010931
3344,136739.78060110062,3.3471119950552497
3345,388507.1428932217,9.50986547167128
3346,1099787.4030905797,26.920544796385077
3347,209594.71358881958,5.130449630898255
3348,NA,NA
3349,0,0
3350,0,0
3351,63402.34396113786,1.5519596205638662
3352,121367.9029725704,2.9708378725148035
3353,2687194.742060337,65.77698799415015
3354,2304883.4123672396,56.41879472678405
3355,0,0
3356,0,0
3357,0,0
3358,0,0
3359,0,0
3360,217483.5533118084,5.323549071902521
3361,1537663.4094777366,37.63883057716574
3362,700921.394244722,17.157110875685735
3363,NA,NA
3364,0,0
3365,0,0
3366,1478.9033841220432,0.036200484454547176
3367,124531.8877164151,3.0482820674924342
3368,79964.80767019016,1.9573724748045793
3369,2527453.770314053,61.866783684157554
3370,NA,NA
3371,NA,NA
3372,NA,NA
3373,NA,NA
3374,0,0
3375,0,0
3376,0,0
3377,0,0
3378,197805.34349924838,4.841861220795291
3379,1776.306595051486,0.04348027139547177
3380,138188.42780397003,3.3825637766414647
3381,348476.5822250021,8.52997810868807
3382,89379.50509212137,2.1878234024606225
3383,130439.74887345705,3.1928923180130937
3384,NA,NA
3385,NA,NA
3386,NA,NA
3387,NA,NA
3388,NA,NA
3389,0,0
3390,0,0
3391,0,0
3392,0,0
3393,0,0
3394,0,0
3395,0,0
3396,0,0
3397,0,0
3398,213920.36360190995,5.236320061170555
3399,0,0
3400,0,0
3401,0,0
3402,99617.51187045526,2.4384269317247744
3403,111689.65197146902,2.7339275017862725
3404,971280.2028544877,23.77489419703264
3405,0,0
3406,0,0
3407,0,0
3408,NA,NA
3409,NA,NA
3410,0,0
3411,0,0
3412,0,0
3413,0,0
3414,0,0
3415,0,0
3416,0,0
3417,281133.1271505179,6.881542837915171
3418,844186.5047055171,20.663895621989692
3419,0,0
3420,14644.974988196831,0.35847771838640635
3421,NA,NA
3422,6758.908108607766,0.16544363916700994
3423,0,0
3424,0,0
3425,0,0
3426,0,0
3427,0,0
3428,0,0
3429,0,0
3430,135502.08352637073,3.316801686468508
3431,0,0
3432,0,0
3433,163997.99065071731,4.014320649629975
3434,838814.5168395928,20.53238837132917
3435,169521.44226043962,4.149520450053934
3436,0,0
3437,0,0
3438,0,0
3439,0,0
3440,0,0
3441,0,0
3442,0,0
3443,0,0
3444,0,0
3445,0,0
3446,127941.0599111458,3.1317220843800406
3447,0,0
3448,3220.024335218139,0.07881927295151167
3449,0,0
3450,81946.85523117702,2.005882837387698
3451,0,0
3452,975571.3416529387,23.87988904941829
3453,40560.11754491537,0.992824476744957
3454,0,0
3455,0,0
3456,NA,NA
3457,0,0
3458,0,0
3459,0,0
3460,0,0
3461,76991.93657669607,1.8845959452877652
3462,3220.024335218139,0.07881922543714683
3463,17077.720975049688,0.41802564184467217
3464,41212.12599629055,1.0087836337503298
3465,0,0
3466,389424.27526779793,9.532263283639882
3467,4184.33669052494,0.10242350447732942
3468,0,0
3469,58149.49955689017,1.4233730166808771
3470,0,0
3471,438517.62406524055,10.733955720852244
3472,1158447.2188648996,28.356263169005658
3473,1914529.6257888381,46.86348441726453
3474,0,0
3475,0,0
3476,0,0
3477,32278.46938253473,0.7901061057221384
3478,102417.23798373822,2.50694926401721
3479,128096.39712370838,3.135518735074419
3480,0,0
3481,107964.71776019568,2.642739396777351
3482,1000692.0306129542,24.494745211267542
3483,0,0
3484,0,0
3485,0,0
3486,0,0
3487,0,0
3488,0,0
3489,0,0
3490,1301255.1268006454,31.851851117615244
3491,94509.63003133962,2.313386977648239
3492,0,0
3493,1264108.2370401896,30.942577311292407
3494,238643.49369320134,5.841462057088783
3495,0,0
3496,0,0
3497,0,0
3498,0,0
3499,97493.85870727501,2.3864328652921483
3500,178234.80225771008,4.362791620791285
3501,131534.79870988269,3.219679380148146
3502,NA,NA
3503,0,0
3504,NA,NA
3505,0,0
3506,0,0
3507,0,0
3508,0,0
3509,0,0
3510,117015.50346781977,2.8642775926733033
3511,0,0
3512,0,0
3513,0,0
3514,220506.82264675427,5.397513427034095
3515,0,0
3516,351836.23617373075,8.612163497121418
3517,179356.83867193287,4.3902539311120465
3518,0,0
3519,0,0
3520,6900.260511306052,0.16890293149554997
3521,152494.7632905826,3.7327304549285767
3522,0,0
3523,0,0
3524,0,0
3525,103272.98781984465,2.5278900478927073
3526,0,0
3527,0,0
3528,526179.3970775523,12.879686056910511
3529,0,0
3530,0,0
3531,834233.0629209384,20.42014569249985
3532,11204.113917419461,0.2742512983909745
3533,0,0
3534,0,0
3535,0,0
3536,0,0
3537,0,0
3538,25640.050467142428,0.6276102852265721
3539,0,0
3540,0,0
3541,167024.94654995797,4.088389424439068
3542,0,0
3543,0,0
3544,0,0
3545,0,0
3546,0,0
3547,0,0
3548,0,0
3549,0,0
3550,57092.900266109646,1.3975030306518277
3551,0,0
3552,0,0
3553,0,0
3554,1434462.7018882826,35.11235134145038
3555,0,0
3556,63136.92027911682,1.5454467547603834
3557,140762.68751063486,3.4455471955698473
3558,0,0
3559,0,0
3560,0,0
3561,0,0
3562,0,0
3563,8899.065626207213,0.21782855014481375
3564,21284.674883927295,0.5209996268165284
3565,34826.41549388342,0.8524701257885157
3566,0,0
3567,9246.391127742701,0.2263302753377178
3568,0,0
3569,0,0
3570,24347.31140540944,0.5959655283385951
3571,0,0
3572,0,0
3573,177201.311017983,4.337475755933436
3574,0,0
3575,0,0
3576,0,0
3577,0,0
3578,80775.6374871671,1.977199645182524
3579,0,0
3580,0,0
3581,0,0
3582,234703.76321147045,5.745001980560265
3583,83156.5484710087,2.0354788058170534
3584,1064464.736731005,26.05561980378266
3585,0,0
3586,0,0
3587,153362.32448133093,3.7539505756303595
3588,139863.85851206313,3.4235397379833645
3589,60359.890834811216,1.4774687832271958
3590,24242.315202467515,0.5933951080663197
3591,20202.103319313144,0.49450018210778307
3592,1135422.4678951178,27.792483201815244
3593,0,0
3594,0,0
3595,0,0
3596,0,0
3597,214311.27928370252,5.245838265375931
3598,33245.90315889351,0.8137813672729566
3599,0,0
3600,0,0
3601,179625.75443798394,4.396815190892435
3602,36241.384296945296,0.8871036868536927
3603,43312.85077869427,1.060196522823221
3604,48605.84978475778,1.1897566658440186
3605,179337.73487567581,4.389765150709529
3606,0,0
3607,0,0
3608,0,0
3609,0,0
3610,6327.568447954271,0.15488396505518978
3611,25073.80071396583,0.6137475565099954
3612,12382.027781721714,0.30308286256090766
3613,313995.74973125925,7.685876040515165
3614,246592.44943668874,6.036002081299325
3615,0,0
3616,0,0
3617,0,0
3618,0,0
3619,9010.877171152302,0.22056490664779915
3620,632676.3071324592,15.486415802857259
3621,0,0
3622,0,0
3623,0,0
3624,21591.653604918065,0.5285124823348112
3625,42837.08707669153,1.0485503167640535
3626,0,0
3627,10079.546098381741,0.24672323932624765
3628,370330.27037534665,9.064801434093006
3629,91398.55424957599,2.2372185368365
3630,30563.61871612246,0.7481244633017237
3631,2682.351517395416,0.06565756522407126
3632,35169.551877240054,0.8608667176194333
3633,0,0
3634,59751.22479513801,1.4625674203262167
3635,70089.36648841632,1.7156204628231746
3636,40746.336458361875,0.9973730983084458
3637,3875.8277776841815,0.09487095936228558
3638,0,0
3639,0,0
3640,0,0
3641,0,0
3642,0,0
3643,88411.73543982656,2.1641070349801983
3644,92958.32089744962,2.2753965320710012
3645,37595.722256161695,0.9202530254042468
3646,182981.9432861116,4.4789586899288505
3647,0,0
3648,0,0
3649,0,0
3650,19480.511691896147,0.4768361596764639
3651,145283.88408278106,3.5562007017369326
3652,0,0
3653,0,0
3654,0,0
3655,0,0
3656,63252.90041115612,1.5482782191618507
3657,0,0
3658,0,0
3659,97367.2115687989,2.3833141555969224
3660,0,0
3661,59760.08600756215,1.4627825592075836
3662,151261.4037240116,3.7025115715701475
3663,22072.245410420386,0.5402749282408267
3664,94267.95336260842,2.3074504107474394
3665,771526.6622811091,18.88509774828711
3666,192981.0690247421,4.723707592068382
3667,0,0
3668,0,0
3669,0,0
3670,0,0
3671,0,0
3672,106450.56760905737,2.605649632051113
3673,33617.48541881392,0.8228738510227775
3674,95540.67245292025,2.33860207243927
3675,150592.70852344678,3.6861413176752276
3676,0,0
3677,0,0
3678,0,0
3679,0,0
3680,0,0
3681,363513.01167629164,8.89790440631381
3682,0,0
3683,34804.68216345765,0.8519330115708413
3684,15612.397039689855,0.38215307829560013
3685,430438.6713623737,10.536079940859706
3686,0,0
3687,0,0
3688,0,0
3689,0,0
3690,0,0
3691,75082.65503987753,1.8378376103690715
3692,78522.87864268213,1.9220457716541375
3693,39752.16960028418,0.9730347487896264
3694,5153.3187659230425,0.12614049198452884
3695,0,0
3696,35589.09753785402,0.8711330458335048
3697,0,0
3698,147004.8067503755,3.5983139196046148
3699,0,0
3700,0,0
3701,0,0
3702,103281.3898524841,2.528071340791447
3703,0,0
3704,5906.949506321141,0.14458742063556299
3705,49680.2818517027,1.2160496380917567
3706,45046.351326805154,1.102622553386986
3707,21259.747690014334,0.5203857047657765
3708,0,0
3709,0,0
3710,0,0
3711,0,0
3712,0,0
3713,0,0
3714,2152894.304215444,52.69746195341146
3715,0,0
3716,0,0
3717,77994.93484590565,1.9091195643998538
3718,217085.5276435756,5.313706957910678
3719,0,0
3720,95409.97510868016,2.33539588793563
3721,0,0
3722,0,0
3723,0,0
3724,0,0
3725,23699.61118721249,0.5801067912367323
3726,12212.905264877223,0.29894116105625357
3727,12212.905264877223,0.2989411610561644
3728,0,0
3729,0,0
3730,197076.88788400614,4.823942945901974
3731,0,0
3732,45665.460672546375,1.1177747895651944
3733,95486.90084516378,2.33727742864105
3734,0,0
3735,30125.317970232565,0.7373914652088213
3736,0,0
3737,0,0
3738,0,0
3739,22060.793103399938,0.5399923269276652
3740,20740.042467702006,0.5076636973212278
3741,157887.69502122852,3.864690785510579
3742,0,0
3743,0,0
3744,0,0
3745,91799.31693122766,2.2470133632952405
3746,33881.60355513765,0.8293353208205573
3747,0,0
3748,5495.617169760911,0.1345187048533103
3749,0,0
3750,19649.042643402503,0.48095849589781725
3751,0,0
3752,0,0
3753,23775.71928241337,0.5819690247756732
3754,0,0
3755,0,0
3756,0,0
3757,0,0
3758,0,0
3759,188670.00945530809,4.618158297691479
3760,0,0
3761,16147.656463014366,0.39525324612123397
3762,0,0
3763,0,0
3764,19050.982266169096,0.4663192209809685
3765,218289.81377279456,5.343175196136678
3766,0,0
3767,0,0
3768,219472.8327257528,5.372129233334336
3769,0,0
3770,0,0
3771,0,0
3772,0,0
3773,50044.29598592215,1.2249553718737054
3774,0,0
3775,27490.818023869586,0.6729043650652448
3776,183163.918657555,4.483380606573662
3777,0,0
3778,0,0
3779,65458.995946666735,1.602266529302351
3780,45301.961816068215,1.1088745875167054
3781,0,0
3782,1379649.4405337633,33.77022146105918
3783,0,0
3784,0,0
3785,0,0
3786,173927.74841486645,4.257297839312746
3787,112971.09634350712,2.7652379148885715
3788,477622.8041342271,11.69096104893516
3789,58096.64684248023,1.42205445265611
3790,85999.43973042587,2.105042078007654
3791,625.762713514692,0.015317039819398378
3792,0,0
3793,0,0
3794,0,0
3795,29366.84904307439,0.7188234703392773
3796,0,0
3797,0,0
3798,137677.3775095583,3.369981237806561
3799,13816.98653499068,0.3382036048929083
3800,760311.9931493266,18.610444200356863
3801,18500.143375575703,0.4528350060132264
3802,232590.60689639594,5.693208248946075
3803,1344000.150542516,32.897580168818315
3804,0,0
3805,0,0
3806,56074.75590730517,1.3725621810109754
3807,104134.08549580211,2.5489278587667323
3808,13816.98653499068,0.33820340127401455
3809,0,0
3810,1251672.9528489574,30.637653794056686
3811,303073.8047438565,7.418447672497838
3812,184329.04402909664,4.511889006069278
3813,14926.239263082789,0.3653549834633256
3814,37791.98082347365,0.9250480503118013
3815,0,0
3816,0,0
3817,95417.81537985483,2.335576547163892
3818,109204.29298615725,2.673033170301989
3819,9547.31028480935,0.23369284317024622
3820,0,0
3821,0,0
3822,0,0
3823,24208.818762917992,0.5925676989362337
3824,0,0
3825,84800.13901987857,2.0756825742135283
3826,45.67919032108643,0.001118105470692999
3827,91339.73688541926,2.235754591650733
3828,16105.69351109766,0.3942246764332513
3829,16644.585420183448,0.4074153216137844
3830,0,0
3831,1655.070689862656,0.040511718041885386
3832,216858.40130332756,5.308115515806053
3833,166115.43012108374,4.066062862868577
3834,112197.71001821206,2.746300820287964
3835,0,0
3836,42921.38105342808,1.0506009790729458
3837,0,0
3838,241221.15436869246,5.904450759342506
3839,136586.12832362647,3.3432642804758057
3840,0,0
3841,139001.9297480488,3.402396658779415
3842,0,0
3843,0,0
3844,0,0
3845,99213.98242572787,2.428492321733797
3846,51787.35394760091,1.26761559560179
3847,110599.60420636549,2.7071818208980116
3848,713484.8587940796,17.464196667554265
3849,207061.1625157056,5.068302178826979
3850,124898.90955379102,3.0571904829173033
3851,3397.6281118736797,0.08316477791923889
3852,8377.683944272821,0.20506312102492766
3853,0,0
3854,0,0
3855,0,0
3856,18479.01673760538,0.45231651980329024
3857,511907.56923015276,12.530117454999429
3858,59067.61826558144,1.44581607919554
3859,3397.6281118736797,0.08316472785903814
3860,1736.096403251995,0.04249493474842943
3861,0,0
3862,43732.97585064679,1.0704647228383168
3863,330799.62223962275,8.097078212677571
3864,46537.34045614008,1.1391079679356917
3865,498849.08604856016,12.210473635701216
3866,1037586.0897205583,25.39729538979156
3867,3397.6281118736797,0.08316467780087462
3868,103524.26155289466,2.533991824041213
3869,172227.330892569,4.2156557488241955
3870,0,0
3871,0,0
3872,0,0
3873,279213.9675179696,6.834397079828802
3874,17862.525590942438,0.4372259519189562
3875,13038.659846888619,0.31915086331318965
3876,13088.945143935993,0.3203817103599653
3877,11775.954679696835,0.2882432816329539
3878,56319.044091362965,1.3785367325939029
3879,2531.765043962968,0.061970709334796883
3880,31656.14371434901,0.7748556702359924
3881,0,0
3882,0,0
3883,0,0
3884,243024.74812723242,5.948580022674086
3885,21997.607824792638,0.5384411730144422
3886,354258.19029151474,8.671269942159647
3887,16047.585948451928,0.39280070225871544
3888,0,0
3889,0,0
3890,96752.18638212049,2.3682270266710423
3891,149177.9842262881,3.6514661553355734
3892,310738.36924709065,7.606019375815051
3893,26235.44627769242,0.642171461492713
3894,15921.08810959341,0.38970438359124043
3895,0,0
3896,0,0
3897,2345.2082675867778,0.05740420415831622
3898,0,0
3899,27001.056822940405,0.6609111010637112
3900,131389.4042333051,3.2160487787341014
3901,26199.40162056675,0.6412888016126913
3902,0,0
3903,0,0
3904,0,0
3905,25606.17427791195,0.6267678617983669
3906,79267.70531529757,1.9402527543128891
3907,129718.40885719117,3.1751455282972767
3908,0,0
3909,0,0
3910,1465086.6680372215,35.86124300759194
3911,257524.81540227623,6.303486769368955
3912,0,0
3913,0,0
3914,111716.77664845277,2.734514040599179
3915,41794.67373898247,1.0230166461134267
3916,171691.33611617124,4.202523410932248
3917,4015.9320655726638,0.09829877793518142
3918,0,0
3919,17355.096188370113,0.4248041845350836
3920,115357.89572252697,2.823638445457849
3921,1794981.31989689,43.93611925732817
3922,0,0
3923,0,0
3924,0,0
3925,325922.26240504906,7.977660053451799
3926,136784.98567751262,3.3481116266765762
3927,0,0
3928,4425.390306866992,0.10832110458334282
3929,0,0
3930,12185.645066065543,0.29827012936805
3931,12185.645066065543,0.2982701293680595
3932,14710.750396588723,0.3600775666862975
3933,0,0
3934,0,0
3935,0,0
3936,0,0
3937,5950.58645669794,0.14565352778881535
3938,61369.45495443999,1.5021507002108885
3939,0,0
3940,0,0
3941,0,0
3942,7722.835438097829,0.18903305706494325
3943,0,0
3944,87782.73335530858,2.148671763975476
3945,32134.828533086315,0.7865692496696883
3946,0,0
3947,162.69984601422357,0.0039824297076616905
3948,24266.114915113165,0.5939655094634775
3949,387494.1597830019,9.484755463936898
3950,120903.75456089058,2.959380206721441
3951,21745.07986866065,0.5322574180603952
3952,0,0
3953,76591.56745556576,1.874742708940448
3954,91628.10080603747,2.2427940780803595
3955,283345.0021404544,6.9354759867760185
3956,814145.5876257304,19.92795754314641
3957,9744.330857713703,0.2385133747210852
3958,168433.3310893678,4.1227666424978295
3959,285438.3032753978,6.98671401689631
3960,0,0
3961,853800.939856358,20.898594675406184
3962,20481.29004835236,0.5013231529377038
3963,0,0
3964,30045.488464100352,0.7354272593579301
3965,16370.270701039704,0.40069720720286356
3966,52686.68231390984,1.289618653565121
3967,388024.18574576743,9.497717563439666
3968,151756.4805587842,3.7145627610777607
3969,0,0
3970,1112771.175978426,27.23744222764684
3971,34624.20494533257,0.8475010875865749
3972,4713.54395265802,0.11537401747047409
3973,936716.8308859648,22.92812373767638
3974,0,0
3975,0,0
3976,0,0
3977,25087.773034747148,0.6140762560008329
3978,266829.65178515465,6.531219543929162
3979,5104.218913744729,0.12493654323243132
3980,149155.29040775137,3.650890900895897
3981,921159.2767973802,22.547319727929324
3982,0,0
3983,0,0
3984,1074752.5871188901,26.30682471695457
3985,62950.1949671499,1.5408381098557413
3986,4065.381601735895,0.09950874506949182
3987,36361.96419510907,0.8900353717772506
3988,0,0
3989,518374.80530748056,12.68831106279411
3990,0,0
3991,5169.863399314235,0.12654317846441115
3992,25436.40205191733,0.6226089387148442
3993,40390.98384580988,0.9886534870208163
3994,377702.8093984648,9.245063229823401
3995,62950.1949671499,1.540836255950818
3996,0,0
3997,117268.99192115123,2.870401188514148
3998,38472.71009469893,0.941699173601363
3999,0,0
4000,571945.0920062436,13.999539391995363
4001,0,0
4002,0,0
4003,0,0
4004,46524.9805061015,1.1387944657647673
4005,90575.94355469059,2.2170322723285407
4006,0,0
4007,0,0
4008,84384.45701675491,2.065482921258419
4009,110883.42292775719,2.7140995439779605
4010,4022536.8725413103,98.45985272755529
4011,159470.91988315465,3.903375988497286
4012,12049.538316129065,0.29493702406751543
4013,0,0
4014,110620.53105199072,2.70766309656656
4015,35760.10865875303,0.875301588445792
4016,749416.385689748,18.343494396540727
4017,0,0
4018,0,0
4019,0,0
4020,58119.715558111966,1.4225977116998763
4021,25306.807617984254,0.6194353544586102
4022,0,0
4023,552696.8820918855,13.528375219614544
4024,0,0
4025,201440.12493406038,4.9306549081297755
4026,250330.03324695618,6.127334400162396
4027,3349281.5342112365,81.98044674948841
4028,4082877.3350541396,99.93668926667192
4029,105955.70550382849,2.5934788579256063
4030,0,0
4031,0,0
4032,27204.727861663112,0.6658903945697102
4033,0,0
4034,0,0
4035,764350.9285389398,18.709025283488632
4036,0,0
4037,113321.54028299301,2.7737708008035176
4038,1569.6691114884343,0.03842078335237157
4039,489637.09805132257,11.984844912745833
4040,88108.4256858234,2.156628218043199
4041,87187.90095871617,2.1340965522407385
4042,98335.47572221144,2.4069555224310983
4043,58577.99276751712,1.4338123871286008
4044,17464.824994897615,0.42748618096396307
4045,24654.809336910632,0.6034752875514093
4046,165368.07329083708,4.04771110647365
4047,4812.137996824375,0.1177865371089826
4048,0,0
4049,47866.75817286161,1.1716330021155907
4050,731100.5951602533,17.895124254345966
4051,150165.84793520806,3.6756021117841096
4052,0,0
4053,63505.43257121625,1.554419365508331
4054,41610.96814020781,1.0185096310015211
4055,0,0
4056,36061.06717476987,0.8826649766461567
4057,4812.137996824375,0.11778639544188069
4058,8466.672579217975,0.20723820579353808
4059,0,0
4060,427670.36320943537,10.468060257833145
4061,161187.0804594226,3.9453659083862718
4062,0,0
4063,3858.3454306113194,0.09444047551031651
4064,347455.03804377816,8.50463484968797
4065,35173.9367003759,0.8609502096931158
4066,236898.82996263166,5.798557581705855
4067,295659.1521449081,7.236830247498862
4068,0,0
4069,10488.122756723284,0.25671695874402023
4070,43707.871593885706,1.0698341475420037
4071,253630.38385307795,6.208091028120588
4072,311304.20545600605,7.619768639498771
4073,1348290.4216049698,33.001998981775195
4074,498203.7673724214,12.194494568882925
4075,5790.3377520137365,0.1417295581335544
4076,351510.26764626784,8.603884099089084
4077,709695.7956188332,17.3711579237899
4078,0,0
4079,28930.01458799615,0.7081172739757386
4080,0,0
4081,595362.3659026289,14.572629207922441
4082,73990.34349807136,1.8110536610775132
4083,46598.82796761909,1.1405944884533366
4084,0,0
4085,271362.9134870346,6.642120778423542
4086,10140.472366373695,0.24820724889132237
4087,55884.42210452933,1.367876975084566
4088,48700.42540684177,1.1920350624052243
4089,46656.72485968586,1.1420116244386456
4090,0,0
4091,0,0
4092,0,0
4093,70176.5924820083,1.717703855816501
4094,0,0
4095,1068195.7288912814,26.14609597570302
4096,108672.59536561475,2.6599658016870755
4097,20525.519232739185,0.502400619376648
4098,24700.8602710318,0.6045999303885008
4099,0,0
4100,397468.9508857912,9.72879296173163
4101,101709.71043221823,2.4895346234905373
4102,3534.5733994901393,0.08651526801038846
4103,197192.67103223744,4.826657945905095
4104,0,0
4105,0,0
4106,4011.5781266532276,0.09819084725248815
4107,0,0
4108,9163.698899794204,0.22429860033362364
4109,0,0
4110,160877.21160692594,3.9377694295284904
4111,49655.252388735455,1.2154047979746672
4112,80468.9970410004,1.969628596914375
4113,548993.6564501435,13.437642384406226
4114,46096.94197426327,1.1283078439506413
4115,396103.15000771754,9.695356612089663
4116,9127.566360987454,0.22341405482024457
4117,44594.64001213212,1.091536227108991
4118,89129.23903126024,2.1816028399557523
4119,969.6899807849945,0.02373495430848635
4120,0,0
4121,0,0
4122,0,0
4123,112717.97557092679,2.7589791010910183
4124,280822.3475512378,6.873641795716637
4125,211165.1258485649,5.168653590027607
4126,18539.674688797382,0.4537925273082325
4127,69726.151942639,1.706675399684736
4128,58289.337692536814,1.4267384034848662
4129,0,0
4130,240027.94647243997,5.875124039806421
4131,57936.64142059824,1.4181055156213351
4132,0,0
4133,83831.13716482224,2.051920772058896
4134,434890.38057397044,10.644739361149233
4135,0,0
4136,0,0
4137,0,0
4138,266656.56169264344,6.526904292543209
4139,94205.82759869196,2.305858954430055
4140,64556.21431062269,1.5801307480292535
4141,196780.00908752123,4.816548589118808
4142,0,0
4143,0,0
4144,3101224.3402570873,75.90810565501029
4145,0,0
4146,91243.75401026913,2.2333554739229373
4147,167293.39454578943,4.094807611903202
4148,226706.20357056407,5.5490432874969615
4149,268126.526731264,6.562880414935178
4150,507091.0012647563,12.41196699693327
4151,0,0
4152,0,0
4153,0,0
4154,2746701.8389038914,67.2304822800255
4155,9551.618746159551,0.2337930989682816
4156,156998.42648621372,3.8428196975631503
4157,0,0
4158,530620.3829476569,12.98788325100059
4159,746327.1656242968,18.267692696480157
4160,759577.7417982722,18.592024256082606
4161,0,0
4162,0,0
4163,1305982.0152755491,31.96622725339952
4164,1046884.7209425446,25.624361213504383
4165,0,0
4166,482795.2141220297,11.817269572599866
4167,886575.2159009879,21.700501612764345
4168,19129.10791245755,0.46821857880672707
4169,0,0
4170,0,0
4171,64128.94711839579,1.5696688323137247
4172,70576.0538327776,1.7274731145117006
4173,1539445.3435297145,37.680633838065035
4174,355462.37391445145,8.700567130217507
4175,81713.67787271577,2.0000860624407046
4176,0,0
4177,3317.8222181320834,0.08120953736141306
4178,0,0
4179,0,0
4180,1600035.6035299096,39.16366353678136
4181,1744503.4163410065,42.6997653587307
4182,275758.9468278098,6.749681436460718
4183,50825.1234058583,1.2440328399949163
4184,48747.37132083874,1.1931762625008862
4185,30038.75073188015,0.735250401351202
4186,571565.4755720879,13.990054016023013
4187,0,0
4188,2832981.407262202,69.34208028344197
4189,52672.39953755455,1.2892473448969186
4190,164591.65666192956,4.028663174766707
4191,71233.57359367835,1.7435639239802994
4192,988.5466088868533,0.024196374230216748
4193,306313.7325160786,7.497554123582605
4194,54748.979437057365,1.3400743952269474
4195,2626246.5120580187,64.28185041164099
4196,0,0
4197,0,0
4198,181784.4799635625,4.449484347537716
4199,24545.18702137419,0.6007852016898125
4200,89719.3258143922,2.1960331044914745
4201,0,0
4202,21044.30625300604,0.515095190174081
4203,3820.9099308609384,0.09352321340835631
4204,0,0
4205,3477662.0198358516,85.12159084691872
4206,1564165.7150273735,38.285570378001374
4207,1893482.7057819925,46.346154180010224
4208,1122692.2678407822,27.47976983532347
4209,0,0
4210,40798.46222991051,0.9986105576989778
4211,72512.31783184703,1.7748601832602744
4212,72484.05076692381,1.7741682995983412
4213,58736.64530636075,1.4376775721647495
4214,0,0
4215,49969.57729112527,1.223088193386293
4216,10038.799501261437,0.2457162499941702
4217,0,0
4218,6271.325246924142,0.15350098346381694
4219,3775.1836808361704,0.0924038197587102
4220,234049.6094986687,5.728748521693416
4221,0,0
4222,0,0
4223,0,0
4224,22410.617906992287,0.5485366733997614
4225,183310.3157382431,4.486820988703234
4226,0,0
4227,520056.9863122413,12.729241069085676
4228,167698.51091793404,4.104693963517931
4229,193582.49705376895,4.738246647211748
4230,0,0
4231,0,0
4232,283298.38889172266,6.93418910157961
4233,165572.54665482894,4.052655093489239
4234,2737643.675469051,67.00824387679096
4235,0,0
4236,41087.273048328905,1.0056772681283963
4237,20263.468133662253,0.49598106088705773
4238,48323.57931796246,1.1827975338618073
4239,45616.26877310198,1.1165317422741567
4240,0,0
4241,161144.90957891475,3.944281535732943
4242,0,0
4243,0,0
4244,406547.7098108527,9.950904846965013
4245,123716.71786260128,3.0281643647736685
4246,1785557.3311502254,43.70436893948756
4247,11455.955075251699,0.2804028066913902
4248,0,0
4249,0,0
4250,168486.416506452,4.123974279530501
4251,135227.84673415555,3.309917638295659
4252,163288.11428446602,3.9967375259375375
4253,123429.2359224788,3.02112778490314
4254,846.3084382038325,0.020714751396997653
4255,3262127.8784832577,79.84574462519024
4256,8764.613028809323,0.2145277805486986
4257,307008.33484678704,7.514515069649079
4258,355451.1818742387,8.700230448306122
4259,171440.313122646,4.196273098410083
4260,0,0
4261,64440.56148299436,1.577284768513621
4262,170544.29263120002,4.174341578247802
4263,0,0
4264,2465649.179415124,60.35063117612584
4265,145642.2561385335,3.564822667091804
4266,773474.1789943463,18.931993768807143
4267,3046275.5203872644,74.56237161661693
4268,264828.9324112476,6.48210351989673
4269,27315.333324249237,0.668585628753343
4270,53188.77953392219,1.3018788086964486
4271,5658.870645319972,0.13850973530226857
4272,1150747.7162192483,28.16633844688971
4273,0,0
4274,3538.7135830307884,0.08661551358428751
4275,68311.1940400459,1.6720226196622088
4276,106542.65899493355,2.607797130497454
4277,296730.2671244348,7.262934362991193
4278,0,0
4279,89264.13694347754,2.184877142544616
4280,256016.6769677621,6.266402216729258
4281,69883.7790104158,1.7105130528643158
4282,757455.2777324481,18.539872622891345
4283,571283.7009692185,13.983039472914886
4284,1407257.3134271316,34.44476803524291
4285,40381.01137086626,0.9883868120114264
4286,0,0
4287,47085.129804694894,1.1524803307523308
4288,86134.15061006982,2.108264643124731
4289,221987.84215307157,5.433490845384434
4290,308294.56742480537,7.545974983899089
4291,0,0
4292,0,0
4293,262747.8982966365,6.4311514931322975
4294,0,0
4295,1139432.5069383308,27.889314108628245
4296,783008.6810179035,19.165308100060326
4297,520512.5533066323,12.740322931160122
4298,134635.42922055736,3.295403416015049
4299,34840.58391804352,0.8527753795872598
4300,125538.37622268694,3.072737597892165
4301,244887.87957541432,5.9939933706385755
4302,173701.9506515437,4.25161238064413
4303,0,0
4304,0,0
4305,0,0
4306,24601.005472239485,0.6021456652182945
4307,201377.15303951077,4.929000967605572
4308,0,0
4309,107211.36866496937,2.624153805682833
4310,0,0
4311,66071.91095979976,1.6172049161455593
4312,26727.00520960421,0.6541818390135928
4313,0,0
4314,0,0
4315,0,0
4316,77224.85028792937,1.8901879894710767
4317,114525.20047698324,2.8031670845106276
4318,414540.04752671736,10.14645695094522
4319,65910.47105425171,1.6132524738168266
4320,71450.29926933792,1.7488465943452658
4321,113699.74833244852,2.782961298728205
4322,0,0
4323,16728.095158160428,0.40944366288725653
4324,67999.27159233644,1.6643778368784012
4325,39397.236707463795,0.9643022153227411
4326,0,0
4327,530046.3158482657,12.973621484968028
4328,0,0
4329,0,0
4330,55958.960113523564,1.3696726297071395
4331,204147.1252252481,4.996782093292042
4332,493607.8336917115,12.081731652001945
4333,115128.7961033042,2.8179341774008804
4334,116745.7654189149,2.857511704940137
4335,301420.68593325245,7.377682051889792
4336,176467.94237516102,4.319293372862812
4337,220935.97239637052,5.407709006827819
4338,189756.8938381428,4.644558569553184
4339,0,0
4340,594247.8756716452,14.545026573550063
4341,0,0
4342,1183926.38918242,28.97819438313765
4343,50052.598753673876,1.2251048285751427
4344,97681.8691942235,2.3908954298859886
4345,18334.4277016419,0.44875983396947583
4346,0,0
4347,22640.945140729535,0.554167321048502
4348,99099.17500777965,2.4255844440605276
4349,244172.96491964793,5.976458889014753
4350,0,0
4351,47384.980623903495,1.1598105824235534
4352,449083.6006415784,10.991919919749932
4353,0,0
4354,0,0
4355,334345.48399362894,8.183546613672126
4356,136034.260140913,3.329617901884928
4357,50582.71986520609,1.2380787708535754
4358,13457.080406374009,0.32937959072618106
4359,120107.75339570394,2.9397938826155916
4360,0,0
4361,17631.83610470179,0.43156218024587945
4362,1251815.696633025,30.63982151926365
4363,0,0
4364,240602.57128329188,5.889061673393487
4365,129.0394769102277,0.0031584075664747996
4366,117942.0976433888,2.886784901196382
4367,61242.70803513307,1.4989942386707416
4368,1243712.5084495805,30.44146714837549
4369,162888.88391237674,3.986913051294843
4370,201088.33853278783,4.92189339200552
4371,354437.28217568237,8.675304245632471
4372,0,0
4373,91.83742835300562,0.0022478367653263652
4374,1134520.0591518371,27.76880783463693
4375,9469.687112053583,0.23178252296864296
4376,0,0
4377,0,0
4378,220112.4650507103,5.3875266691136146
4379,0,0
4380,0,0
4381,1360998.5315968865,33.312113800836165
4382,0,0
4383,77414.9312912852,1.8948245669973263
4384,754003.5809671716,18.455154386747168
4385,181129.5237220957,4.4333653163856495
4386,0,0
4387,0,0
4388,0,0
4389,245664.00187139044,6.012921523639488
4390,136414.45727002205,3.3389076950880634
4391,141900.66156245998,3.473187050544978
4392,1455832.9405529434,35.63323850084959
4393,0,0
4394,124530.45340837308,3.0480305969958983
4395,597142.0323459639,14.615750953222864
4396,1488745.8816731428,36.43879991780648
4397,201773.14347853657,4.93863411782439
4398,188291.399593843,4.608649873271361
4399,0,0
4400,0,0
4401,451013.26032864477,11.03907140496438
4402,98793.77225831097,2.4180918883195464
4403,65107.25145654151,1.593575313697182
4404,370645.6681573126,9.07197615124866
4405,371223.4878492368,9.086118948306101
4406,0,0
4407,339424.5252916156,8.307798027944488
4408,324994.14913095284,7.9545982981757986
4409,89481.23361144474,2.1901541012584076
4410,507153.4642041647,12.413152956939044
4411,0,0
4412,0,0
4413,406761.47175165714,9.955939755385053
4414,56039.35456973866,1.3716255761007083
4415,2048363.3405029627,50.1359726312363
4416,26666.533562421224,0.6526926977686929
4417,293086.2606833851,7.173608137578685
4418,1500525.9443151436,36.72702056960034
4419,567719.9385335298,13.895560706578024
4420,2377924.1455239593,58.20227030446136
4421,183827.3385297654,4.4993706161458995
4422,0,0
4423,24791.975703923566,0.6068097431705706
4424,831427.530137763,20.35005315455321
4425,27797.61911886201,0.6803756264183498
4426,334396.99158064433,8.184714009001649
4427,341177.47723449254,8.350673444388976
4428,318182.9978619023,7.787859656622972
4429,65005.262406916816,1.5910713770654852
4430,581644.85073741,14.236362401444111
4431,20947.67564857315,0.5127161387622113
4432,69782.01334653434,1.707987322236254
4433,721403.9798058749,17.65710178780095
4434,73891.04128077986,1.808558967823522
4435,300273.07105063874,7.349491170125995
4436,1201040.7138739515,29.39670244385081
4437,74954.95984961842,1.8345994652282978
4438,1020221.1804960158,24.970944060545555
4439,267559.92607709364,6.548799490385971
4440,255337.07866080131,6.249632951865741
4441,212808.29435901376,5.208697991817656
4442,88227.187902665,2.159448259286792
4443,47437.00746216618,1.1610679839755758
4444,168014.24685696588,4.112315959916275
4445,187528.00223474263,4.589934549881596
4446,235934.0999052464,5.774721981493696
4447,1290413.4918773307,31.584135953084203
4448,69283.25037568194,1.6957755114239765
4449,27585.55854856023,0.6751836035688045
4450,266938.6682435206,6.533585739771139
4451,1897168.6450107729,46.43503562994359
4452,253677.47741628668,6.209001362804498
4453,39465.75699752512,0.9659625343075381
4454,221174.12003335374,5.413447039551243
4455,246890.05549867588,6.042869029305511
4456,64574.50654332948,1.5805224916218725
4457,12068.738232880403,0.29539385190292966
4458,66276.0095750574,1.622168397338671
4459,182031.34230446297,4.455390309474553
4460,0,0
4461,0,0
4462,154175.9823785388,3.773601607308181
4463,154656.21869267165,3.7853558410012873
4464,0,0
4465,152499.2111569792,3.732558822463238
4466,53101.81729538715,1.2997159469285475
4467,56663.39863871922,1.3868881030218967
4468,156491.35143922546,3.8302678404567603
4469,185407.1873725987,4.538009165692771
4470,41674.45069490828,1.0200193881796267
4471,123183.94292641051,3.0150369831439092
4472,1820465.1360059471,44.55748281887784
4473,167177.4396165033,4.091814639064836
4474,138095.3733811459,3.3800055299590306
4475,130664.11370895765,3.1981189238289187
4476,376948.5796472432,9.226147498807734
4477,0,0
4478,0,0
4479,113940.35898600337,2.7887903412609596
4480,91816.77825573234,2.2472949279573253
4481,0,0
4482,121818.27291513489,2.9816074148469625
4483,0,0
4484,0,0
4485,0,0
4486,0,0
4487,0,0
4488,29262.90162309478,0.7162322083267015
4489,146083.87471555194,3.575513967150913
4490,266342.02251518384,6.5189236210803765
4491,0,0
4492,314447.60286042944,7.696344296409826
4493,213307.0510377235,5.220849218475661
4494,418730.37234658515,10.248738269933646
4495,0,0
4496,265798.66533587524,6.505616742237454
4497,61918.430202424286,1.5154988670423561
4498,0,0
4499,14345.94868173182,0.35112737633256885
4500,0,0
4501,312356.59289300087,7.645142326834516
4502,39423.25822726707,0.964911344894395
4503,114165.88257558431,2.7942884543438393
4504,41030.99881086132,1.004261299037763
4505,0,0
4506,43792.468978787794,1.0718494968586356
4507,0,0
4508,3168171.7933409032,77.54308952756259
4509,0,0
4510,303215.2410390206,7.421383668210134
4511,9750.163640517421,0.23864138542692512
4512,0,0
4513,248802.7402199399,6.089603499305176
4514,172673.79897862466,4.226299797056514
4515,177008.21950934408,4.332387464772515
4516,5826.247230950625,0.1426009787360589
4517,0,0
4518,6937.9645245118345,0.1698109421748863
4519,301873.9396498898,7.388545619746124
4520,382961.33511328785,9.373208228455539
4521,0,0
4522,10903.237134301819,0.26686310451147105
4523,0,0
4524,186380.78304070391,4.561775917881972
4525,0,0
4526,219749.71258109953,5.378496269485402
4527,109473.47435796888,2.679424089005619
4528,68182.1430424432,1.668794821234238
4529,55711.18975135657,1.3635598620868412
4530,0,0
4531,0,0
4532,407072.2732834236,9.963266279643006
4533,0,0
4534,39845.90416344704,0.9752447947543317
4535,14915.547618602244,0.36506412594592164
4536,33895.311029982644,0.8296010982547077
4537,0,0
4538,131711.78469096957,3.223693987867081
4539,106357.13716791489,2.6031281800892465
4540,0,0
4541,0,0
4542,0,0
4543,0,0
4544,221498.56710795136,5.421242020451933
4545,68846.64564074969,1.6850417282061956
4546,0,0
4547,0,0
4548,226982.83178089903,5.555470997569063
4549,293414.245529473,7.181390623705439
4550,0,0
4551,0,0
4552,0,0
4553,13646.285108299548,0.33399580782729643
4554,0,0
4555,706810.3163856098,17.299336832580316
4556,636669.2524789954,15.582618977467568
4557,0,0
4558,271686.8242030891,6.649590368345135
4559,0,0
4560,785271.1040514796,19.219635737207742
4561,0,0
4562,0,0
4563,2480061.963069874,60.69987647379372
4564,685765.8800225722,16.7842093950736
4565,0,0
4566,61310.41760810655,1.5005795731731022
4567,630208.2236239754,15.424354687045916
4568,0,0
4569,0,0
4570,0,0
4571,0,0
4572,0,0
4573,220477.5703242513,5.3961043817269925
4574,238647.8119767948,5.840810621421288
4575,241422.84150547138,5.908724839431009
4576,786372.3536131276,19.24608273330154
4577,222843.41092716038,5.453981363906714
4578,0,0
4579,0,0
4580,0,0
4581,0,0
4582,753411.3643729904,18.439114289904303
4583,0,0
4584,893164.4434417883,21.859336888548967
4585,924170.8208481157,22.618188021057144
4586,0,0
4587,1099018.4243545088,26.897398158397024
4588,685763.2555173802,16.783373159608935
4589,42305.80307366178,1.035392424556756
4590,0,0
4591,605288.4784337742,14.813815415636203
4592,321882.469854791,7.877743693876715
4593,0,0
4594,0,0
4595,0,0
4596,245742.3037592658,6.014276786229682
4597,0,0
4598,37739.468049194715,0.9236320642062378
4599,262170.463447548,6.416330554601044
4600,92190.24676834511,2.2562537724400604
4601,90792.4358476224,2.2220439045459353
4602,1695052.5223072697,41.48450082245076
4603,132161.1478471771,3.234493271406211
4604,114874.66039505544,2.811426218335857
4605,105541.16521579582,2.582999575198358
4606,141411.3796643426,3.460880075659519
4607,693898.6540397705,16.982357434449774
4608,559534.7452371964,13.693949860347479
4609,1042388.8952200105,25.511202604471357
4610,43073.75345690419,1.0541778182911812
4611,50052.27255773028,1.2249686003847193
4612,69240.31433223262,1.694570605966513
4613,41309.18243711368,1.0109908799455365
4614,738.4114456444189,0.018071691286543932
4615,2214811.195787247,54.204685710569514
4616,377654.4645222153,9.242612460852545
4617,369085.2196303887,9.032891096333561
4618,382077.677167661,9.350864961894692
4619,149075.60187332545,3.6484334858118306
4620,692807.6188941323,16.955554577539093
4621,97656.9999678981,2.3900265350391083
4622,156917.9012594635,3.840356804950429
4623,93939.52380594061,2.2990420897581703
4624,194188.26853338256,4.752493781188816
4625,0,0
4626,167664.1247396114,4.103346545020577
4627,37240.25406491088,0.9114029436095022
4628,0,0
4629,0,0
4630,264344.79456628725,6.469463929132726
4631,0,0
4632,2586.745283521053,0.06330684664145596
4633,281669.20324112487,6.8934419428443015
4634,22440.336507183543,0.5491941006739895
4635,22440.336507183543,0.5491941006737803
4636,515341.09515406936,12.612212352644598
4637,1023304.1004742469,25.04384193647197
4638,351542.4344349406,8.603476872487716
4639,16197.582178082605,0.39641167042412245
4640,352137.0831436799,8.618030012909704
4641,132681.64780259406,3.247183545038375
4642,465722.38333835173,11.397854072343314
4643,557224.4898341754,13.637222229038768
4644,0,0
4645,963851.911043052,23.58879611298019
4646,1199629.071274366,29.359080216863497
4647,0,0
4648,0,0
4649,120738.23519219572,2.954879467206914
4650,47414.33855234784,1.1603910873863281
4651,298913.9056707019,7.315441617900162
4652,0,0
4653,0,0
4654,102902.57831073581,2.518375162639598
4655,124663.59684541929,3.050939288765727
4656,55208.69635902284,1.3511432773124192
4657,76375.5988285254,1.8691677631157346
4658,0,0
4659,0,0
4660,0,0
4661,0,0
4662,229726.79380331252,5.622173855831723
4663,173390.52728600957,4.243439231518926
4664,0,0
4665,0,0
4666,7698.2080149872745,0.18840047938391505
4667,0,0
4668,125072.2192245885,3.0609250837790034
4669,926873.2236499492,22.68359695742344
4670,0,0
4671,16135.595595967217,0.39489040985091317
4672,164464.83843537714,4.0249837558858514
4673,233314.78253805017,5.70996001271835
4674,1892890.885844308,46.324992475442585
4675,654654.6119828221,16.02145702159119
4676,1764521.539693947,43.183365208492255
4677,0,0
4678,664370.3135440534,16.259201776070558
4679,179516.81392412254,4.393330502874586
4680,108594.92051213323,2.657651294899835
4681,0,0
4682,0,0
4683,80621.49877274389,1.973053387215926
4684,0,0
4685,358211.9913542374,8.76651131847443
4686,656263.0400751006,16.06070569264099
4687,0,0
4688,578312.3980820472,14.153005140144067
4689,447535.17919867707,10.95249547990009
4690,410456.78776266973,10.045066793985733
4691,106.56852513723618,0.0026080359154186314
4692,125312.92739735472,3.066763105230404
4693,167050.4205310061,4.088195628005009
4694,179065.45699605186,4.382232298360186
4695,141773.34770793133,3.469590136449997
4696,0,0
4697,0,0
4698,130872.42111530738,3.202796863301388
4699,0,0
4700,0,0
4701,31.491521902150286,7.706809944788005e-4
4702,1765018.272463119,43.194648824120094
4703,96305.96739057075,2.3568594360405055
4704,0,0
4705,0,0
4706,0,0
4707,3015487.484516942,73.79675072694212
4708,0,0
4709,0,0
4710,0,0
4711,138057.00944076138,3.378606830085493
4712,0,0
4713,162352.78538572535,3.973181661518536
4714,563089.8376242642,13.780226876434249
4715,423742.13421283,10.370037525792645
4716,118006.22039461261,2.887907782490267
4717,142.580170916537,0.003489293901980212
4718,205469.0150126691,5.028341434302558
4719,128447.56523938503,3.1434317768340034
4720,217747.53154534125,5.328824323846694
4721,0,0
4722,218681.33478440772,5.351670459852382
4723,337891.2110000704,8.269014792498565
4724,163530.44818227875,4.001983029912319
4725,670678.322582015,16.413100448292937
4726,540626.3939891565,13.230419130559826
4727,191181.77708053772,4.678671940062681
4728,13814.074240541264,0.33806319050964545
4729,30520.908937791675,0.7469190966472684
4730,9937.567410178057,0.24319572142116552
4731,0,0
4732,32878.98880195494,0.8046254762862878
4733,12090.644008286097,0.29588623459121294
4734,213540.83697652002,5.225835708405015
4735,39163.92753833467,0.9584314359211427
4736,141158.91870710565,3.4544815439836203
4737,60911.56680212102,1.4906444481793362
4738,189206.49563772575,4.6303101323502185
4739,212882.00584179757,5.209703320817587
4740,222889.92837694014,5.45461654459384
4741,307439.01224586146,7.523722291364214
4742,189309.3326256681,4.632821288461338
4743,74290.28193519094,1.8180401447770782
4744,0,0
4745,0,0
4746,0,0
4747,0,0
4748,0,0
4749,139604.12208230348,3.4163996916652875
4750,140721.05074867167,3.4437311890206566
4751,546863.3914377133,13.382854879329772
4752,126114.65605889256,3.0862810833904715
4753,177298.1070419191,4.338841230392694
4754,169224.12838892837,4.141252280613056
4755,185978.81422430047,4.551270195906181
4756,304608.7815177755,7.45438062133825
4757,359264.179982059,8.791901337435082
4758,339099.7580341214,8.298438258810858
4759,54319.896099630154,1.3293147321045269
4760,53105.03806448225,1.2995839953851194
4761,178999.19702768372,4.3804599360518175
4762,0,0
4763,910341.7971280129,22.277828464772238
4764,549992.7386834207,13.459388471358988
4765,297315.61184455606,7.2758850527765455
4766,84931.05821098342,2.0784264005512263
4767,0,0
4768,764504.891526851,18.70888341506922
4769,38570.8444884437,0.9439016555064704
4770,0,0
4771,96571.62435827566,2.36328924848879
4772,89939.17957269242,2.2009808524450043
4773,105503.74156239333,2.5818749530896397
4774,592289.6682120325,14.494441966552849
4775,413125.2331828898,10.109951327299171
4776,7491.236174128006,0.18332452761513157
4777,225963.70900409593,5.52975032430893
4778,1563553.5162536385,38.26302674139583
4779,0,0
4780,9054.799278770754,0.22158757173324117
4781,27412.426641001814,0.6708324356715059
4782,0,0
4783,101854.8011087631,2.4925711333631386
4784,50381.800579571456,1.2329330183718419
4785,0,0
4786,0,0
4787,0,0
4788,91936.95796647789,2.2498609145511486
4789,78260.28030257876,1.9151682817130649
4790,2408.52426643629,0.058940803656873396
4791,75178.6792540242,1.8397538421523665
4792,141759.97364256022,3.4691125763923822
4793,0,0
4794,1138643.9788489644,27.8645777485596
4795,89733.14850007993,2.195924572957196
4796,69472.93348782796,1.7001222441353132
4797,30668.393905156707,0.7505083786222007
4798,0,0
4799,0,0
4800,0,0
4801,98253.22925328047,2.404424187679406
4802,183246.17390637827,4.4843439265906815
4803,331776.82900973805,8.119140369682805
4804,0,0
4805,48375.77272351828,1.1838370099756912
4806,98911.55315281099,2.420533063228267
4807,65505.786791744395,1.6030374380757901
4808,211383.76024836316,5.172918272955916
4809,0,0
4810,91802.60124336445,2.2465636511199887
4811,5958.890482456477,0.1458240461335616
4812,0,0
4813,51900.5862816314,1.2700944094496487
4814,225761.03149490128,5.524751154395749
4815,229992.3897445268,5.628299588861562
4816,0,0
4817,124736.02145954141,3.052496073942987
4818,43201.74210907023,1.0572178479991352
4819,0,0
4820,1830715.268877405,44.80059405459466
4821,0,0
4822,46440.33529128531,1.1364708890094393
4823,4270.309064084495,0.10450144056809132
4824,0,0
4825,9863.987816361023,0.24138775687507244
4826,2531529.2342392704,61.95058356150326
4827,917385.7805835722,22.449902489578573
4828,384553.7193058677,9.410646734604196
4829,399259.5579322706,9.770522209218104
4830,549643.4892058211,13.450658379348779
4831,57318.22327666601,1.4026672604225394
4832,38217.71689074195,0.9352477656536042
4833,282.41476555907485,0.006911134415273583
4834,404267.6579930533,9.893066740355936
4835,0,0
4836,0,0
4837,0,0
4838,0,0
4839,697291.1395870468,17.063772747889193
4840,55101.489651278454,1.3484171016950641
4841,0,0
4842,0,0
4843,47680.76750497072,1.1668200746130695
4844,0,0
4845,0,0
4846,190827.70329000946,4.6698380676500415
4847,0,0
4848,885493.763124129,21.669338176755733
4849,0,0
4850,0,0
4851,669481.6516532609,16.383203266872602
4852,0,0
4853,0,0
4854,1918.987275849923,0.04696042067889073
4855,0,0
4856,226268.35965808015,5.537110595836765
4857,0,0
4858,0,0
4859,0,0
4860,370120.8884622097,9.057387857239057
4861,0,0
4862,61198.50396631132,1.497614092984133
4863,0,0
4864,90821.53233686888,2.222531564643387
4865,1289173.9277553132,31.5478937367018
4866,141142.3595972493,3.453951454072108
4867,0,0
4868,93159.13341143364,2.2797346255554167
4869,1610561.913926723,39.41268509714479
4870,0,0
4871,0,0
4872,0,0
4873,0,0
4874,43778.84859836684,1.0713291794638726
4875,26952.528908417222,0.6595657858623821
4876,16111.179792790348,0.3942629278800679
4877,423791.33526342106,10.370755955261833
4878,0,0
4879,151383.07447848888,3.704551722837051
4880,0,0
4881,367511.11138675775,8.99349626741086
4882,797543.0808412961,19.51695133700931
4883,0,0
4884,0,0
4885,0,0
4886,450.76113679188666,0.011030724455778369
4887,1139307.5227679636,27.88035367990992
4888,19299.457195513336,0.47228310327824014
4889,182279.79814202184,4.460626423808416
4890,0,0
4891,0,0
4892,0,0
4893,1615561.2588346824,39.53488565719026
4894,21884.44236762109,0.535540773798541
4895,230705.15066556874,5.645651817023445
4896,188653.08972953758,4.6165837899419655
4897,109424.5190996964,2.677758746607773
4898,7570.0239363996525,0.18524822383958764
4899,1106137.7809628125,27.068598429000257
4900,75471.82639394184,1.8468915866729156
4901,110865.74967804649,2.71302590799548
4902,0,0
4903,0,0
4904,1565285.243544726,38.304475526979495
4905,24367.908676079656,0.5963130141143762
4906,162642.290563236,3.9800590111122656
4907,246371.42347377745,6.029011401090774
4908,149586.80680743707,3.6605729308159236
4909,0,0
4910,236972.36847503655,5.799001548737644
4911,348833.9284407535,8.536384676158045
4912,54976.140475035296,1.3453321046008748
4913,27184.071164570225,0.6652268303203163
4914,759741.9313597145,18.59178542148945
4915,0,0
4916,177297.96570029715,4.338691334395396
4917,85841.02824878704,2.100631690427904
4918,171542.59215135913,4.197850523027104
4919,18334.236345568035,0.4486604910612526
4920,5363.708927201818,0.13125631391619857
4921,562359.3314860357,13.761591148791528
4922,466616.36029167107,11.418648565327222
4923,592179.3028836203,14.491320756652632
4924,182639.90945603838,4.469412385750875
4925,547634.5419306961,13.40125038670807
4926,738530.3838540348,18.072692342102094
4927,268494.45681751886,6.570365892118149
4928,71828.9133853554,1.7577355159167651
4929,30273.740609614237,0.7408329955333847
4930,0,0
4931,1797261.2970332203,43.980983820411076
4932,1430197.5366355837,34.99850446546676
4933,2131406.1868874645,52.15785025402101
4934,1879830.6462748337,46.001520477179334
4935,54216.26202821928,1.3267314759602886
4936,102111.88730990746,2.498787074468312
4937,0,0
4938,62629.4108894778,1.5326077504023226
4939,273626.1617701053,6.695912902767341
4940,61064.605695048966,1.4943135500306859
4941,70980.8295245962,1.7369737205985034
4942,269063.2695598658,6.584250357396552
4943,22839.940898763336,0.5589164558640708
4944,971.0353393149064,0.023762216932794726
4945,0,0
4946,704147.9508133532,17.231202401416244
4947,362553.81230058405,8.87205325804166
4948,442866.1787112916,10.837364126852457
4949,0,0
4950,0,0
4951,1039302.791936879,25.432715397294043
4952,0,0
4953,34329.849845543526,0.8400831707615037
4954,0,0
4955,64801.22931998108,1.5857441296580301
4956,803320.9339516332,19.657971245001484
4957,296536.770391893,7.2565161183772595
4958,15908.82940575833,0.38930307649480067
4959,217942.46683131825,5.333237941066109
4960,0,0
4961,100608.83139410164,2.461982410406795
4962,241594.52517260588,5.912020477561639
4963,0,0
4964,14602.336725295729,0.3573312047610343
4965,89537.12645040742,2.191047218487406
4966,45969.10193462696,1.124901115638786
4967,0,0
4968,0,0
4969,289243.3746033653,7.078011027541485
4970,87562.48815194113,2.142722396281307
4971,219534.77321916874,5.37218399614615
4972,0,0
4973,146397.02477088076,3.5824451750567046
4974,68646.8366850837,1.6798386717029081
4975,0,0
4976,0,0
4977,5301.417638559901,0.1297293658058958
4978,8488.17169875121,0.20771144746657977
4979,8378.442274688343,0.20502617131059583
4980,1366198.319437561,33.43176102951961
4981,461667.2590075657,11.297291283874708
4982,1655541.209842248,40.51205008078417
4983,1101937.81683418,26.96505514698842
4984,45083.46880978866,1.1032185338422469
4985,899793.7267437618,22.018459454649854
4986,432663.2634083458,10.587513826472623
4987,50995.82605296607,1.247896595553246
4988,235397.23551497702,5.760299580595024
4989,2212445.829330955,54.139732071738436
4990,27836.683834434345,0.6811785330887875
4991,300325.02066640975,7.349109452536896
4992,0,0
4993,0,0
4994,138617.06436182684,3.39202965688778
4995,90288.38508250656,2.2094024374443055
4996,54473.09979980199,1.3329835099107081
4997,0,0
4998,969145.0173873138,23.715440636508482
4999,799956.8014335211,19.575289677931856
5000,48474.232290085034,1.1861840760234617
