object_id,haz_prox
1,2.3696825856070616
2,0.10820066382613751
3,0.5542963951182059
4,2.28672512589883
5,0.265932865676871
6,0.5859504815249174
7,0.06971697816659302
8,0.04128436812444437
9,0.16302393965983336
10,0.7391008377383311
11,0.6251778677156711
12,0.42201489078901183
13,1.8060905594511403
14,0.1777860896018343
15,1.9758633799174217
16,1.4668663368630535
17,1.7331171636935583
18,1.9357075610227654
19,2.6357543678657778
20,0.05778530598137938
21,5.993432424596141
22,12.0901666853128
23,0.07966713225361355
24,4.8269406029581
25,3.7462323242800193
26,3.2377707907273336
27,0.1355825648691181
28,0.03574447638794349
29,0.4678521522011563
30,5.43444642418077
31,7.324433113816485
32,0.6822970005414017
33,0.1926776512639056
34,7.278114142963813
35,0.13243117478150662
36,20.279856335810894
37,3.0368454327905017
38,8.841300814976188
39,0.6135462170738085
40,16.374238165757024
41,5.67211789791134
42,4.441280397710855
43,0.47034291535343303
44,3.368961952479352
45,5.183358130375679
46,1.472842456293899
47,1.8015630853473126
48,1.1379292667306349
49,2.7333110041192157
50,0.10970805868859664
51,1.962210719657532
52,1.0057140682213275
53,1.0551986493108076
54,1.423767193836195
55,0.07685772746759356
56,0.2805320894054006
57,0.07162530767924025
58,2.1018153016145638
59,9.966388917509489
60,0.053438706829395374
61,0.10356598314260405
62,4.78856318922199
63,0.3640556193427792
64,0.4768809158469262
65,0.41878233972172096
66,0.07183703159280505
67,0.13972193954432868
68,0.1447189486298688
69,0.0808851889393744
70,1.269232966139681
71,4.795169407237577
72,0.9841622214986621
73,0.6937513697177073
74,6.735810242820278
75,6.336027722553154
76,10.217859062363415
77,0.8664140551904838
78,7.512943441075608
79,0.9484642541317447
80,5.607133786413663
81,6.298472048519913
82,4.820468269821485
83,3.8026294317674347
84,3.208567769601413
85,15.513844249421567
86,1.2869329342602902
87,9.49156903210038
88,3.021160858051332
89,0.06747195972019045
90,7.2285241522517545
91,6.603378142567097
92,3.6814533253452466
93,9.52551264342158
94,6.53150742899818
95,5.040501758908427
96,6.456252746421043
97,1.9291787403095233
98,10.916796891131451
99,5.313670754880489
100,0.12059679138322722
101,5.654527826344898
102,2.1949206482431345
103,0.05374876279927294
104,0.06392027775383083
105,12.56936170929325
106,0.12712609849657178
107,7.939883460020888
108,5.644906897833404
109,0.14233157183540487
110,1.3630851313924486
111,0.9073902269135465
112,0.13752433196069727
113,0.26318491566134017
114,0.09815832660072346
115,0.16142398484463366
116,2.5499592364567873
117,0.12065402392104123
118,0.15225782638203142
119,6.566628808104198
120,0.2065913095158264
121,3.8999185608755895
122,0.8404838181645522
123,2.4265630824681037
124,2.613586320367609
125,7.217969031481604
126,2.019016215683912
127,6.409050632522903
128,3.7401525177545683
129,0.209632716378723
130,0.1741905041297855
131,3.037850802057828
132,2.759973147458024
133,13.18677699525372
134,2.600155117802572
135,9.803195925205621
136,2.59984938920562
137,2.2859328467759936
138,0.11758231965484393
139,1.4540485370395362
140,32.622214839757284
141,2.543508962207961
142,4.731291650863685
143,0.4889943529048201
144,0.20166110033120743
145,1.3145203790833677
146,1.5038944603640159
147,1.585085229669627
148,1.2241542031271648
149,0.1310697193761767
150,0.12468806819859422
151,0.2416648489879293
152,0.1828549180053036
153,0.10313317349119097
154,0.18340763544125782
155,0.23193992141082972
156,2.8775433608295313
157,1.2823331445784127
158,1.370948938504259
159,0.16994463272588953
160,14.904011643679702
161,3.7880653423450017
162,5.099129447455004
163,5.857683637949811
164,5.541159026581693
165,1.7291365969517543
166,4.184999925895714
167,1.2615076828686171
168,3.6210622483901416
169,2.897387998539708
170,2.566079110645331
171,2.650136784536727
172,1.167506052497636
173,0.45517347409782033
174,3.318692959448243
175,2.615107618824091
176,4.17613635311052
177,0.12568497392207334
178,6.394229681511109
179,2.260590936460054
180,2.3620583813457614
181,13.586817809377628
182,2.671676169321842
183,7.429390914092023
184,9.25493625250815
185,0.33804108042462055
186,0.9032598596694453
187,8.195341926617624
188,2.6765324121592
189,7.862747163944071
190,5.50309433887562
191,10.641458988100855
192,8.592347679695882
193,7.109481164846579
194,10.051233420242218
195,3.0895637623621464
196,6.753244151168749
197,7.6495288164442705
198,1.0183147774179013
199,7.478158048822213
200,4.552316041653735
201,4.013947526861258
202,15.69283241529327
203,2.392890886422735
204,2.4314958791285117
205,6.4720570230671495
206,5.9885354687483545
207,1.865246386674686
208,5.422868005365595
209,5.507846183646441
210,4.134479429067632
211,4.8636901513062964
212,5.753353795705629
213,1.2766310820409401
214,0.27858781778747965
215,1.8304879668075928
216,4.412692006228491
217,1.2476727244005688
218,2.716460847741876
219,0.1966177661320841
220,4.6274589371697
221,4.419959762391072
222,4.394309620277819
223,4.166178034801998
224,4.424222772436124
225,3.945560545586652
226,2.061975479093301
227,3.711431870163842
228,3.488784721234617
229,8.167916593253656
230,4.076253253340026
231,4.028623205149387
232,4.1198996569702215
233,1.8005119536545
234,1.3504475893448844
235,1.2971852343863899
236,2.903949311139741
237,2.3083972442215117
238,4.479301013783894
239,8.957284247144207
240,6.214102721721398
241,2.677549212212911
242,1.4853250148811659
243,1.529588283320463
244,1.014301356040848
245,1.7764232131109061
246,2.894961981009666
247,4.265009065723192
248,4.401494247845828
249,5.420816538706821
250,9.662083376290076
251,1.1843120547485682
252,1.3213957787661754
253,4.84529274914393
254,6.067650715788209
255,1.2614227908998987
256,1.6204361120736994
257,1.2683274764336254
258,4.333683788459665
259,5.2699282091099535
260,7.278317270551515
261,6.586728253559258
262,11.488662633770177
263,11.822200944744699
264,10.551610698868318
265,4.75627524876748
266,6.4114784511654195
267,7.66879503311004
268,7.737338034591076
269,6.874698391320434
270,4.350524432109682
271,0.6629801242657716
272,5.0719585146275215
273,8.861176545264998
274,4.453124930371768
275,5.523949656313683
276,7.138769865249593
277,7.548067925805841
278,8.634115359965756
279,7.733608848878493
280,8.967078962235547
281,8.799759865468221
282,2009.1710499441472
283,4.3900918798095745
284,8.242095310336643
285,5.3703368489946985
286,5.015454788916998
287,2.256101875515895
288,7.405527865404068
289,4.295804970525822
290,16.561512927399356
291,6.7184744916267265
292,6.161803526405802
293,8.51821544145265
294,2.3646460701446474
295,5.66727778855525
296,23.644463613568576
297,5.328810745958164
298,11.136323608610894
299,7.335468301719895
300,8.774261263062446
301,14.599875057768987
302,9.722493597932576
303,11.329223618985532
304,13.771194504696874
305,12.960699511346894
306,8.711517685119682
307,8.954083173031512
308,13.200084786822016
309,11.695105004944939
310,17.09075847289542
311,13.187855444641434
312,12.403068796485064
313,12.235226085180438
314,10.2967818811602
315,8.842498410239669
316,5.978061243413063
317,30.862725437403082
318,15.927168769022936
319,20.904471482802347
320,24.318598428977722
321,18.755328685475607
322,28.135036217852214
323,14.42245342035457
324,19.875352853863227
325,10.306635260600276
326,10.080497661827449
327,22.44409134591931
328,13.015350608260489
329,67.2190258016149
330,6.784203428911918
331,12.173995218910138
332,14.864385224514521
333,18.096210210579024
334,22.21742183645806
335,39.254437611794955
336,12.512067394230003
337,44.895904460573526
338,8.329268017408708
339,37.78450611097071
340,10.568842050874375
341,1.8774528269818598
342,12.15206471802974
343,12.851259128511659
344,1030.6945468347787
345,10.262362160532042
346,0.4636467213287364
347,12.842371575330516
348,11.880037119354858
349,14.740158667069242
350,12.587928007369163
351,11.701315258959482
352,1.0550805683313973
353,36.643772996138324
354,7.404187223467807
355,1308.1717016930452
356,361.77833999521306
357,23.859703820411994
358,40.13771337139652
359,11.416119542886305
360,25.89035373921977
361,5.79032534909054
362,7.40868481885345
363,7.457400740640272
364,8.046501939032336
365,8.659634584055873
366,17.077784256346675
367,19.330933166888432
368,10.991459641189413
369,12.689582478080576
370,8.960444980517089
371,11.137885631074473
372,17.230160003692365
373,11.953249583081455
374,9.407562267812054
375,15.936890610253943
376,16.0531398759692
377,68.20939085988131
378,14.190197890859206
379,15.215028760147257
380,16.320864219128186
381,14.168418167064674
382,2.924282582139635
383,18.7196523620915
384,0.5635430120054876
385,2.5895227249669097
386,13.502077687852184
387,13.73893057840337
388,1.2762190875671178
389,11.143549616467466
390,0.09467487119656029
391,2.0890287958075446
392,16.865708239288313
393,90.25847612991326
394,2.1834072463000678
395,13.38083631854653
396,16.826501950832995
397,2.728661052959235
398,3.670266296468616
399,10.650094453086066
400,6.042115673556718
401,9.445434425047194
402,9.642460150652013
403,15.555213395451013
404,0.11226257739064864
405,4.651069297317131
406,9.258213784583717
407,13.595302515442071
408,8.452688070782795
409,8.77411016329689
410,0.11711992767018502
411,14.472290281024428
412,5.744977517733444
413,11.258491961579573
414,6.9229081473936445
415,14.54178436578765
416,6.342391645422602
417,13.742215454601832
418,14.637544734715556
419,5.642270135148409
420,7.619768992188758
421,0.15373007511285566
422,2.2151715073492833
423,1.4202258031745107
424,13.590638774948333
425,23.904117922001387
426,8.034467978868863
427,6.7187715124162715
428,2.421321055930253
429,8.061480107611729
430,0.8639384272616527
431,0.5698071079919104
432,11.825187890940285
433,0.2220726438045098
434,3.5812063455711165
435,4.748425701135975
436,8.224302635938194
437,11.49730135735882
438,8.220536378149022
439,9.831795600523701
440,8.172221169255089
441,7.602403685679974
442,12.739341593363145
443,2.3884328840252733
444,1.3170601937619988
445,6.550335846262765
446,13.203817989043438
447,22.89192952443806
448,8.86843717969938
449,16.01080046106794
450,0.2184494374939544
451,4.532345717077109
452,1.5102235741789019
453,17.412983803784048
454,11.813164584412677
455,9.05511754521143
456,8.624619581284252
457,1432.231360879186
458,5.752179160925934
459,7.3891402150073056
460,4.5277682939988555
461,6.127693481560265
462,7.066736003041913
463,7.02658098320127
464,2.910797318318664
465,23.26068067489142
466,11.960747342063181
467,11.809519181255283
468,4.824088770859373
469,14.160986342265478
470,13.985212482881733
471,15.030007423839985
472,2.1478033772770484
473,14.243461633767103
474,0.26205108480721784
475,0.48189585242592137
476,5.546271405836896
477,3.166731967631554
478,8.678755072223344
479,2.374524373856072
480,0.08685532160903804
481,9.893239453911097
482,2.601004475561913
483,3.076840449135588
484,3.9616391950665726
485,0.1462768634097317
486,4.933328566909379
487,2.3195095255916485
488,6.740605318632295
489,0.10988841294265567
490,1.5722103218659202
491,0.4142486465244247
492,1.6986503261003545
493,4.443598600148104
494,0.16813150620050668
495,3.4654637193667295
496,0.17387099958503607
497,5.65188642746204
498,5.542629050969485
499,2.4877286616837835
500,6.428442607752323
501,0.964455632734414
502,9.25783637113057
503,1.6405660197296608
504,0.20817827637171965
505,0.1681886041870528
506,0.18402421863762358
507,4.5752703799112115
508,0.17935418606382778
509,1.3887005120020623
510,2.7775782986681836
511,2.7789288114544584
512,3.972234441368793
513,3.5911529601538295
514,4.6368748412141985
515,1.9726372523976548
516,3.728094980730071
517,1.4669838957807997
518,4.752498402651369
519,2.665874454975349
520,1.228532718244035
521,1.702842705778946
522,1.5874189293890737
523,3.091452304763813
524,0.13624825340161525
525,8.485626376363488
526,1.5176722770653588
527,9.52862375870882
528,2.5201830990050365
529,7.545210047753656
530,8.433676488341513
531,8.338295713306536
532,8.433013179012798
533,6.983583202152799
534,0.9293109064387426
535,1.1485506082650172
536,4.893911588342918
537,6.353055297914397
538,6.451187513581957
539,0.17801402315379933
540,6.568620408038427
541,4.659375688755925
542,7.521904173276088
543,13.633418399904338
544,1.5463857943145016
545,7.679873974738962
546,7.3623875662385805
547,11.860859579196878
548,3.179093413257021
549,0.0969451278062427
550,0.07077175851827064
551,6.718913992589532
552,9.70162292760899
553,0.17214933647855019
554,4.774616729144645
555,3.2967064999329367
556,0.10995842804437753
557,5.237832368285837
558,7.657375393023057
559,10.624794521078385
560,6.329055956004545
561,10.798640554528625
562,0.20737224625219486
563,1.087619393159136
564,8.878068384586676
565,10.426294265439175
566,8.377329312276986
567,1.584980103082667
568,8.355151346320891
569,17.089087426608163
570,87.36268423067025
571,5.101195252302713
572,9.9736735255504545
573,13.190215567279303
574,13.638588283269653
575,2.0012058540957853
576,9.343129514364994
577,5.683552365489429
578,1.617851987736438
579,4.8427581608386125
580,16.645172213343884
581,12.902100526505533
582,1.112791969092668
583,7.13960140291539
584,12.364219991079873
585,6.982043540911957
586,2.836624692893555
587,0.10302128803778413
588,5.588177101648485
589,5.212530131791888
590,3.8038337132166524
591,5.738508707754726
592,7.067842960285619
593,21.668066925544917
594,3.349006110431181
595,105.2306842765717
596,8.843230554891337
597,7.864964263773
598,5.130488026670069
599,4.931654584254596
600,5.004104803359331
601,0.2618971219023497
602,6.765731337946767
603,10.531868061999042
604,1.3138400161617876
605,0.06008826141947842
606,6.3895443326356025
607,2.4002956491396277
608,1.8457218774848831
609,8.82853723703287
610,4.253858211983558
611,3.2671250528116382
612,9.47399424732249
613,5.703413607694263
614,0.06339381141818008
615,4.061276651347159
616,3.9960791013474686
617,4.388309492068804
618,10.23996416955514
619,5.775388924245737
620,9.899969426497933
621,12.744529097317116
622,15.528913320303067
623,21.174718974695622
624,3.830931770034406
625,7.821279746201628
626,6.287203217694106
627,3.226907719829034
628,8.629509901838578
629,0.5977967568759814
630,9.409716349174277
631,9.268708920287633
632,9.100073408978774
633,13.011033897602442
634,16.660441641175613
635,24.811057637972038
636,14.284667251537762
637,6.330065630538164
638,4.963741682059404
639,12.6893924033099
640,9.778173470192868
641,1445.6940070244445
642,4.2331193664414615
643,7.54867446083158
644,11.503828448112431
645,9.536546148645511
646,10.983666385471352
647,17.373546154427288
648,8.826473457412222
649,0.11489579441498372
650,8.409833614795303
651,13.238373604062087
652,12.478139006177656
653,12.220700283123191
654,10.37330636152017
655,7.454056193282651
656,13.71810541099989
657,4.689781621450701
658,0.1911993633703276
659,2.237959633281609
660,10.74716012201942
661,7.555838156625189
662,10.714725310938187
663,8.539498230879012
664,5.5459220067059745
665,0.8052129943934214
666,0.4701567992150625
667,11.072873602889114
668,5.120709996450946
669,5.188088939252309
670,5.065473981690347
671,11.09126990375788
672,0.9954907750059453
673,9.966451321684728
674,5.239805731546638
675,2.0892703759208393
676,2.41701534736415
677,5.1070001764522726
678,2.43952999509937
679,14.07347728675337
680,7.362901270565943
681,15.891710051525282
682,4.833772593208185
683,5.34403089409572
684,4.532386232976657
685,2.138436946512782
686,2.4730061323483548
687,4.499898761924079
688,3.749379025842817
689,9.45476590990258
690,10.314138913910705
691,4.735366844556696
692,4.688007620094594
693,4.676704307310468
694,2.4946203956986963
695,3.1875925804637517
696,15.632267370700655
697,16.321782847376774
698,3.7544606638263316
699,24.1382057283639
700,4.54213774140956
701,8.568375640068822
702,16.998784350620745
703,15.802686629917238
704,1.2607633930922455
705,4.310094584134029
706,4.260285868392375
707,2.317829931234932
708,1017.8267931078442
709,4.091274654424271
710,3.5077428922633094
711,3.549516119588268
712,13.129763250960838
713,12.618993888335515
714,15.505779673540406
715,10.623074226252744
716,19.0026198113958
717,18.89103116092937
718,10.701750961462887
719,23.733018232769073
720,19.57833256394894
721,5.522217508024579
722,9.787601726192346
723,20.3841960372254
724,22.83773117520125
725,1.7715993249867614
726,4.442430743314003
727,3.445398074672481
728,3.744005699441201
729,13.13395237716556
730,11.800631896157226
731,14.355116618243896
732,4.597195544744599
733,6.63882498226947
734,3.608501496981303
735,2.976946672382202
736,10.497502093644968
737,8.2369255279183
738,1042.8374440532514
739,26.012473650209248
740,7.704308940455813
741,3.5052399641333176
742,1.9532496310797418
743,2.562949666653736
744,14.024289311112943
745,8.27172115895516
746,6.226982368798588
747,1.622311814764273
748,24.472563833643303
749,14.20487026299435
750,16.944417479603565
751,10.157180597796405
752,6.463841651573816
753,4.0267909863912195
754,24.935101314630987
755,3.662211752228508
756,9.354029868470247
757,69.98342973901815
758,29.182059959530847
759,27.62124939727145
760,25.58631788776291
761,28.006635152051054
762,3.7071263912131838
763,0.6364155494512209
764,1024.5077537519062
765,2.199140666214756
766,13.844669590005102
767,19.277041075848445
768,18.154746986098715
769,16.61549246459353
770,1014.7494816714068
771,15.845108904014362
772,2.2965476082431184
773,4.898422434563436
774,9.022968738615575
775,10.059725024282837
776,18.772475200614494
777,6.51224260324414
778,14.049655162164
779,10.888584178747118
780,13.220365691369091
781,15.457270088239447
782,9.110968318755832
783,23.826340836084395
784,10.357330731527949
785,1.039893150270889
786,10.606674293121612
787,15.4984625948198
788,14.70125967695473
789,0.9708155090003674
790,0.3799618337404321
791,11.146518473461086
792,8.36125787021051
793,4.926008400140348
794,8.32415108296259
795,3.807086412331436
796,6.43162254330482
797,26.787996580843412
798,5.659564774263493
799,3.907607002712278
800,14.74806911798056
801,24.412358067909267
802,5.634281574813295
803,39.36854215279082
804,27.829498278121555
805,2.5338228505895994
806,4.267170732287311
807,25.23879206240164
808,27.101584436595868
809,3.169447006961374
810,42.76218638099176
811,3.1472348566823425
812,0.814985839636458
813,4.450473687827835
814,86.49598458869197
815,22.374348169982614
816,43.86399769921403
817,39.92238139749691
818,36.18849022682073
819,49.782636582959725
820,52.716093647872746
821,9.440965994246898
822,43.93260012191121
823,36.10016980789966
824,3.778104174747455
825,11.569588555304867
826,3.0177742172502553
827,54.07599698891482
828,50.30600917619922
829,1.0869359272062815
830,2.4342188954879758
831,2.6759029993577155
832,0.10749061453455304
833,50.278142381081295
834,4.690522995415605
835,46.994682187737006
836,3.18171825594228
837,2.1868428537280256
838,0.6591220518956611
839,64.31366630867389
840,6.8471155207115135
841,53.066677920495664
842,65.9518237391039
843,1.8003282407935706
844,7.099535753651713
845,6.1989927975244035
846,45.49797225930809
847,7.734676544708017
848,23.897237669869654
849,58.27407677621828
850,44.625995960801426
851,2.945044728100681
852,2.2044606607901422
853,58.26215865717736
854,47.507429107089855
855,38.33721907067799
856,0.5293028301500756
857,12.322474432002368
858,14.81973023309924
859,2.1384416876888426
860,58.2595992155878
861,9.462534823054225
862,1069.07199567722
863,39.86079008322523
864,7.3688072583623745
865,7.924514780542744
866,1048.8740430132796
867,64.1350137586423
868,74.73494387082324
869,68.50477650901261
870,61.40895881386522
871,56.653350130724334
872,51.36675000451501
873,31.64632533309409
874,14.505985812506923
875,0.23011159839285925
876,55.39008751381953
877,37.81852938811426
878,3.117511483779454
879,90.13705187892116
880,84.55600790110037
881,27.487781063548848
882,2.7484280879677088
883,0.38242736441658726
884,9.692920650529969
885,1128.8475311394116
886,64.08503016714745
887,1047.2929247742566
888,31.704345066955543
889,30.72487760665388
890,26.501246365267157
891,25.79997747856343
892,10.491261460477887
893,3.5241569374224007
894,3.1770171704682695
895,58.05242681183952
896,76.34916899516415
897,126.90896629331716
898,1115.1524959526607
899,44.73759387624607
900,29.41280599742032
901,15.820149837577368
902,58.1156630773695
903,1075.2473860659331
904,113.3371313055758
905,137.3895214832033
906,6.3159073829015435
907,20.10476362670733
908,30.569363425984708
909,96.7947683968444
910,92.33747817848754
911,113.44774561160807
912,36.036669772511146
913,2.2874336578132777
914,148.65478966146566
915,27.875656711060476
916,123.05532844592722
917,46.356679010638324
918,1056.0552012993803
919,92.13071605254561
920,107.7454534303604
921,1110.7603343017424
922,32.9210073711762
923,21.816998599960804
924,20.385989843361322
925,0.3430448554492052
926,5.132495072737423
927,28.716409937725565
928,66.79988660021748
929,78.44866382997739
930,1158.6700156541756
931,115.20486931268277
932,72.26386002796586
933,19.6773175834404
934,2.4176031454593785
935,2.1842059444483457
936,3.740408605299787
937,21.8832317009079
938,26.754747898185098
939,43.77613138156713
940,4.448159620820622
941,2.249897289159714
942,147.73820079703907
943,23.12088258182336
944,21.526036395123
945,5.505906897059387
946,16.716521716162553
947,57.296878261069374
948,156.75703956341195
949,37.84419879682485
950,54.38750685777267
951,34.42141966893276
952,22.799803793393295
953,57.92274523633916
954,1090.038778907995
955,3.3933909958676423
956,11.90572045957575
957,1038.9312901673213
958,37.74083997557162
959,27.596817172388658
960,34.485127170247196
961,23.21169752662032
962,25.84654746849585
963,32.10523631370001
964,43.678437531485066
965,86.40563919395476
966,22.22497486811753
967,12.337685342647923
968,54.119382381121625
969,78.09080761012251
970,87.28512605493053
971,86.2228712816493
972,27.555748409575116
973,19.80647343413654
974,9.871030740736868
975,10.263139045222573
976,10.450845470909723
977,28.863207540880513
978,69.01196828651982
979,125.33689380990107
980,10.03806901717495
981,16.09381389896084
982,49.28154108767528
983,81.43001853319154
984,1070.1418047340692
985,1.3682403380908386
986,66.93389731581841
987,44.41637315233999
988,1165.2866564970195
989,7.094260060957833
990,18.37318809169327
991,7.6195932792976535
992,20.535930916911138
993,50.3784457694259
994,32.0381960052918
995,25.611086647725134
996,21.626863799019443
997,11.71918988429821
998,13.251200578553224
999,48.95949794641811
1000,54.757570798082
1001,13.01909664981813
1002,28.008011137702752
1003,7.90347579663596
1004,14.786891019321278
1005,63.73192713046316
1006,17.1470277465842
1007,23.314719301142425
1008,2.546117100154041
1009,7.041141343936438
1010,14.854946955895324
1011,48.29873700081394
1012,52.46097209803692
1013,60.44809031401162
1014,30.999318746334154
1015,10.45037066391089
1016,19.19581971876556
1017,0.1563183232714845
1018,83.57761645764872
1019,21.45504741902187
1020,4.062414674324897
1021,3.213998125154015
1022,13.154895624959794
1023,21.03710723637258
1024,9.827908946908888
1025,1014.5990166539373
1026,21.440703438756625
1027,29.015013197004084
1028,29.101209857183573
1029,37.1438628044932
1030,41.6053404265412
1031,35.82584317521504
1032,29.02537798946142
1033,31.99840077831004
1034,30.989277788038212
1035,20.9533689209853
1036,28.10117500167276
1037,7.481097082045986
1038,8.133718140263275
1039,22.048540448418695
1040,35.650646838533206
1041,27.844177475893144
1042,32.075114024108125
1043,9.807681803324158
1044,18.737616167683306
1045,33.42139456883243
1046,37.23134227416406
1047,3.9161138039181376
1048,11.214734279309166
1049,12.342566003133802
1050,7.167318687545696
1051,9.172561763065852
1052,6.092293537129652
1053,21.232245808012607
1054,34.72978618030826
1055,29.36736103983355
1056,16.40262479794874
1057,14.485393261445417
1058,7.761634981054636
1059,6.961268313647858
1060,28.015938470213243
1061,36.56610660592709
1062,9.577616376760849
1063,13.576809667167169
1064,9.915372061335663
1065,15.14504854528049
1066,14.275027699882525
1067,5.77663310728868
1068,7.042313938384305
1069,27.118747820024215
1070,19.149236089315792
1071,16.060895331332766
1072,7.048610703752682
1073,14.33715764843123
1074,12.310598320885976
1075,11.218334943124454
1076,12.088618278475378
1077,6.42169533959942
1078,8.085471675921953
1079,9.509154282161266
1080,9.975870552893383
1081,9.790369352891027
1082,7.562157267447493
1083,11.60172317768455
1084,8.19296605010375
1085,7.970381717834612
1086,17.371448100783518
1087,7.3581883991783785
1088,321.3050069623599
1089,27.860348434707547
1090,16.550284061320752
1091,22.78199537775427
1092,14.4528133278668
1093,11.651195483016844
1094,8.24883041222255
1095,7.034495561536142
1096,3.8369347668196037
1097,26.511862845916752
1098,8.172727740255333
1099,4.927753496385676
1100,8.259624088010495
1101,71.74721212273062
1102,2.172439552040651
1103,20.855306457648453
1104,22.3877390925013
1105,14.509441541256955
1106,15.585841550697884
1107,12.627766800596326
1108,8.131694227858354
1109,34.36551082659186
1110,17.111766089703732
1111,9.772912586538043
1112,17.067262324757447
1113,20.80953016065775
1114,7.66145598383283
1115,10.883732315601598
1116,9.561800824748259
1117,8.908335882088693
1118,8.086661214521452
1119,8.965113534801311
1120,10.482184967093293
1121,12.266785756977931
1122,8.084534186268813
1123,6.575730926918332
1124,20.286677610641917
1125,9.810564479313804
1126,12.456794909098202
1127,6.821026501862521
1128,18.891288853065547
1129,6.289681295400541
1130,11.059312108368726
1131,11.325628647339661
1132,23.329726288286327
1133,7.395702877290287
1134,5.5974867802438135
1135,5.861065659452736
1136,11.834079593937073
1137,24.43843782029589
1138,1014.1470978623433
1139,25.8397052324266
1140,4.837553737027896
1141,6.218864508857287
1142,2.8639992882622494
1143,9.245389203546083
1144,10.453848332527397
1145,19.46270473233879
1146,36.43964302689269
1147,12.672962181067888
1148,13.290653118090741
1149,7.5111500531063164
1150,10.793669061360001
1151,53.5656916205515
1152,8.434662593417709
1153,55.06538925287187
1154,23.034199525987393
1155,3.227451136752556
1156,8.738717438391078
1157,19.85290563576171
1158,24.616607956027465
1159,12.70542330355951
1160,22.083346494147783
1161,12.948802131782703
1162,9.819767767738792
1163,7.722344110005245
1164,2.0104051660444817
1165,9.154593266166609
1166,44.46969123116547
1167,14.1876335356562
1168,19.830321635683024
1169,2.12778065439787
1170,14.154006385023576
1171,1.093617645291597
1172,28.66273837848873
1173,9.666339074698596
1174,4.383059184956294
1175,4.6561905919242514
1176,15.328113566135995
1177,39.42723281739524
1178,31.116211778663274
1179,6.422772536890134
1180,12.20253008227249
1181,26.77345499531974
1182,14.312018783886804
1183,5.0282858319831405
1184,5.204671383059553
1185,0.8579425230134745
1186,38.157870278619086
1187,6.382873475659543
1188,11.615680941249744
1189,12.593783343570124
1190,13.178619022252672
1191,11.135048418548353
1192,9.089794962239996
1193,7.0223718297286375
1194,5.508115523569478
1195,5.492340825203822
1196,1.9504790089194142
1197,9.139829782033884
1198,16.269348007546867
1199,0.15877208644910257
1200,9.349209029982836
1201,16.230765199361727
1202,16.752661461839455
1203,9.361255380176575
1204,20.104089468816603
1205,12.353464209481926
1206,14.077525977444802
1207,15.165431302689004
1208,13.772794529313392
1209,8.486036180254835
1210,9.673125967196539
1211,6.794510064123071
1212,9.554489655788442
1213,12.919044832619466
1214,13.649695164330785
1215,11.777969967235205
1216,9.047337951945288
1217,12.447849862177916
1218,13.880298802643392
1219,11.578901134324264
1220,7.261025732135225
1221,7.797081711853044
1222,8.643116043068396
1223,16.524570316623677
1224,14.554131168517086
1225,2.743235228729403
1226,0.11703869713110786
1227,1029.5171491453598
1228,13.773701625294487
1229,18.796874950086053
1230,19.13386399812178
1231,22.054963633152227
1232,9.98798034986392
1233,13.00056394591301
1234,11.581298860875235
1235,20.35097546866717
1236,13.338606672846902
1237,22.21615684653982
1238,23.40249967747344
1239,12.52824077286188
1240,2.9760887845090664
1241,13.643653874564432
1242,24.679889497211246
1243,22.712993928870095
1244,3.7308582106784316
1245,1012.8191556846591
1246,13.425493153060776
1247,20.00638396505446
1248,3.570642283700514
1249,24.921900770698688
1250,14.057719930108602
1251,0.4382850321247995
1252,0.194918697531828
1253,9.911681839269757
1254,14.265032930917625
1255,42.78881319976457
1256,43.69658684602434
1257,13.309365886363501
1258,35.945992986762484
1259,8.807564743798203
1260,6.765655895936779
1261,12.099373406153862
1262,14.056083712566865
1263,29.80423744158183
1264,29.933090982057212
1265,9.090497717515543
1266,9.142368308655344
1267,2.0746346986935733
1268,39.7514150178035
1269,13.765603537738212
1270,12.359517544204424
1271,9.337067547366786
1272,9.729517056879441
1273,25.10062287721229
1274,28.599311642927034
1275,13.116506867909658
1276,26.089020730339
1277,1.8825218868624445
1278,1023.9129690012467
1279,21.644318193462695
1280,2.339010248297166
1281,35.64416637413312
1282,45.36107100969039
1283,68.38212845399494
1284,2.1994117256834858
1285,2.5662190280018393
1286,40.622428772291435
1287,28.300826271963544
1288,37.28703200965736
1289,40.49730659823601
1290,33.267549267774136
1291,29.841554761221104
1292,2.50963051631783
1293,3.406784556209667
1294,17.19666958825639
1295,22.675496489179494
1296,14.666889402759963
1297,32.7889453381992
1298,25.40823699719129
1299,14.605122456633309
1300,15.986106073707925
1301,18.402333728993717
1302,25.081657961954374
1303,49.806469631512556
1304,15.749444532846791
1305,4.421178710273654
1306,30.810121211634815
1307,38.85156685100484
1308,30.65314812152743
1309,19.713990152214276
1310,18.573337454024998
1311,0.1465169545111714
1312,16.994290097604715
1313,0.4156413948754712
1314,59.25225073296424
1315,53.45206585280062
1316,59.03890959432718
1317,64.73893558879291
1318,46.08391654237094
1319,40.75393174225247
1320,39.028014474234105
1321,44.0168899549929
1322,0.3176237812417503
1323,54.350068285961186
1324,55.321717862666084
1325,26.608174796031495
1326,10.12059880266509
1327,1.1926561083249099
1328,1.1718974186903028
1329,15.862455592085901
1330,64.46233285670243
1331,34.34890022611638
1332,1061.7789866659991
1333,47.852044089912546
1334,60.03479913628693
1335,96.4859879007208
1336,37.10432873484758
1337,46.42993236876517
1338,20.241091267183982
1339,32.1218279947244
1340,70.34227205570532
1341,49.84789101273955
1342,28.337426649837077
1343,52.759881484518566
1344,5.352418658613963
1345,0.8833181043845706
1346,53.836975899815684
1347,81.61630941634203
1348,56.4970977571907
1349,2.529278839385706
1350,1.4690014460146632
1351,23.52190989395096
1352,84.7412129112331
1353,3.166531472444581
1354,1.2543134877991786
1355,1.886108611811598
1356,48.800538433029594
1357,56.99150617366128
1358,142.09454936739368
1359,17.91525951325242
1360,13.756138925898663
1361,44.85454526454505
1362,71.65379157369631
1363,2.1501400268666613
1364,30.30278748589972
1365,4.378411406311839
1366,37.98950096296899
1367,14.271338533806793
1368,10.824714256782185
1369,9.372488906063982
1370,34.68783164478704
1371,1.713129198465769
1372,1.932875961702868
1373,35.17542103000855
1374,14.18854133044355
1375,11.072252642654426
1376,16.500169180429268
1377,9.305054749476609
1378,8.542387660753977
1379,5.45764868931677
1380,10.443574142490393
1381,25.287740133421632
1382,7.58592397096966
1383,12.83040557162619
1384,1021.5778808572005
1385,2.0883002348102915
1386,9.749765599128132
1387,13.613313907810022
1388,41.57094944662977
1389,71.59373820456567
1390,113.0283763294355
1391,26.088351596781774
1392,11.850648444617235
1393,31.409466529435136
1394,58.53054983096865
1395,22.23708330731958
1396,11.331345044244115
1397,21.84534410091411
1398,42.147415706601315
1399,59.36676224111109
1400,60.33539662548675
1401,65.61038717632495
1402,67.0620043642487
1403,6.3885169766877095
1404,4.707820736611179
1405,4.156913094005363
1406,13.787019133114246
1407,51.61918881987905
1408,22.27563082073277
1409,8.951602227633568
1410,3.393654931312117
1411,16.924474257411102
1412,5.774124362862686
1413,5.311947592749314
1414,22.855025837056196
1415,50.50286046787361
1416,15.798674159947227
1417,3.0216136651479624
1418,24.595247878313273
1419,45.072966633712745
1420,46.37639502503675
1421,32.16179794237323
1422,4.56300969135021
1423,38.17882348562857
1424,40.43388956941759
1425,44.16256330938595
1426,3.811063342411963
1427,1.6130618338315466
1428,1010.4382514048037
1429,38.354352960642004
1430,21.358152884453567
1431,5.813168267204371
1432,2.609519274567341
1433,1.6518965241956791
1434,36.935092252574
1435,23.102188479762983
1436,22.65091337075614
1437,5.484019543469742
1438,0.511319652915311
1439,20.069752717655177
1440,22.15665874646367
1441,31.004741557828307
1442,18.404338868006878
1443,23.36320980562405
1444,30.40918411173429
1445,30.06374999330163
1446,12.632107098522306
1447,11.094155287680719
1448,3.939428595573536
1449,393.15678464450383
1450,33.763652027121545
1451,20.071833266822125
1452,49.79409532088456
1453,28.871954368658663
1454,4.224060273163573
1455,6.504482575759771
1456,25.184046432212014
1457,12.642535793699546
1458,6.5988804461726005
1459,0.16736550009695023
1460,10.82767480537602
1461,7.445466341107623
1462,0.1054763965463281
1463,23.513992841679006
1464,10.576324022187684
1465,11.126190276531142
1466,1.0344344306728261
1467,21.907011280687406
1468,20.187031653445416
1469,22.18291947238331
1470,0.17446987285862933
1471,12.00305347300927
1472,18.49143789741861
1473,1019.8998871568855
1474,22.205151673269125
1475,19.992373789745738
1476,19.79659015247872
1477,26.32758150828907
1478,12.041906337173469
1479,19.267543577680463
1480,20.42237537200237
1481,18.438618863750985
1482,18.72957470188382
1483,12.452567220780187
1484,16.357861688621615
1485,21.150227870520304
1486,14.470018146559816
1487,11.371011535768634
1488,10.799972093541633
1489,22.039670954887416
1490,29.08414924678384
1491,8.314254166740827
1492,15.633662565476643
1493,13.122507948524413
1494,18.055442145818557
1495,16.374103708866834
1496,13.7214763297944
1497,22.140581918018164
1498,17.498650089045498
1499,23.574871158094474
1500,24.50515647669829
1501,8.434867883996702
1502,15.991296881933414
1503,17.57653040646715
1504,17.423759360449996
1505,17.42190860945397
1506,3.376644048882143
1507,11.261826335410635
1508,11.901631242106669
1509,8.022138869403722
1510,15.87828453527203
1511,6.926268478447776
1512,20.938312131420254
1513,11.432092545039465
1514,6.479347867162804
1515,12.15062920469807
1516,15.444227747812306
1517,8.204416188775118
1518,5.914786994996624
1519,11.775901340891611
1520,10.328014753010208
1521,24.641632391443505
1522,24.262931121961966
1523,4.095554568932031
1524,3.021750759061794
1525,30.712104195537904
1526,29.368142153603774
1527,26.310460390954756
1528,3.4166121270990093
1529,12.418864814992883
1530,29.705150240154044
1531,2.1753073803462923
1532,0.23869902035904553
1533,11.163229427329963
1534,9.283685775995444
1535,9.795903526342705
1536,54.48693486732454
1537,31.730368065715275
1538,34.1423104943243
1539,40.83868748652545
1540,1.5092839568838183
1541,11.079806232932475
1542,12.863826291843818
1543,25.595837760439718
1544,18.732546119066292
1545,40.027193600043944
1546,4.660409289065812
1547,11.55755450818309
1548,13.215451811603224
1549,12.674726684019497
1550,12.875475018369565
1551,20.25640663421234
1552,16.683989606826685
1553,11.746398985366369
1554,2.071449907393459
1555,20.854220572441132
1556,12.13351842107138
1557,2.6015764766417337
1558,22.10559164208929
1559,14.239734146541345
1560,22.94397842600037
1561,15.113938119063768
1562,49.58835453525168
1563,15.50164061776095
1564,13.834051024130437
1565,12.446913685715215
1566,16.10375426158292
1567,22.929722140921037
1568,11.023509088833467
1569,12.74723024834402
1570,10.712806865167053
1571,11.970197593212685
1572,7.477182560970541
1573,10.298910291489241
1574,5.209748300910738
1575,8.831446028059478
1576,10.604192319179065
1577,3.606728306389513
1578,6.473394954417024
1579,1000
1580,8.902689715945318
1581,10.456308851404334
1582,7.301536245076018
1583,4.195351932399971
1584,6.303329916833149
1585,5.581322550037731
1586,4.090905810070811
1587,2.8651490920410265
1588,0.09744450092725707
1589,0.16348752016225263
1590,0.19539316441179838
1591,0.07078353913432342
1592,0.07791448906128612
1593,0.043670101252858036
1594,0.3003421826589387
1595,0.15413704459404298
1596,4.988927967063219
1597,0.060583719620850296
1598,4.398586262461588
1599,12.105405039528796
1600,3.3072983922112025
1601,0.080080791161215
1602,0.1637339768503698
1603,3.444989779871122
1604,0.16320941650725013
1605,0.3767183507172391
1606,1.3473708673127835
1607,1.8725685825730394
1608,1.1685604170384205
1609,0.18584515213763345
1610,2.181017725527381
1611,0.1168973460814831
1612,2.8982291916033445
1613,5.72366847222334
1614,6.386755468219282
1615,5.584962469792028
1616,1.212237710439975
1617,1.5639212298200669
1618,0.21896395604035565
1619,1.846563041604125
1620,3.9058702785616246
1621,4.800121714835931
1622,8.173539339667702
1623,9.123332270290938
1624,0.20933777536545742
1625,0.14295751979175794
1626,4.560481486765469
1627,5.180028159090489
1628,0.26392675423518136
1629,4.243541506859458
1630,9.184792213468798
1631,8.5127803207050885
1632,12.846536149871383
1633,0.206094672567295
1634,11.9112920847217
1635,9.063274087126672
1636,9.252583556769777
1637,3.2488688114107607
1638,0.13687186931210382
1639,1.8433820002861514
1640,4.106312170569756
1641,17.028518035600516
1642,0.23715297669034327
1643,16.450410164718857
1644,13.166523478371738
1645,2.328722263104707
1646,4.800768895025738
1647,12.97715278031276
1648,0.5269636747206572
1649,6.041908891642003
1650,1.0896185970918089
1651,4.322653860463174
1652,0.6719450283790908
1653,3.5804332570734627
1654,5.910074712308329
1655,6.894567043904619
1656,11.235323222625663
1657,3.468003293938376
1658,7.759011288633476
1659,0.4368664185117863
1660,5.4384363917726715
1661,0.3819918773496389
1662,1004.8230588744153
1663,1.2601263876963993
1664,1.8663227030063636
1665,2.2834277122143996
1666,5.357619473770337
1667,0.6881439617543271
1668,7.312375855935513
1669,2.9027220832909895
1670,0.2005357764190093
1671,6.5797237295980455
1672,0.04183936494449834
1673,0.16277553931217045
1674,3.540640515616256
1675,6.033181884846931
1676,10.772357610086157
1677,0.1073273620877788
1678,4.443602906609584
1679,3.169194672895122
1680,3.748825691391368
1681,8.1581800619994
1682,6.432730226631566
1683,0.4237912915632165
1684,2.5105391715506316
1685,5.160711075218593
1686,1.7352165259059078
1687,7.124904544154468
1688,9.317261100659579
1689,9.582080007158313
1690,2.6798212793778426
1691,3.3382258477586544
1692,3.028122084822501
1693,18.46320117744701
1694,3.8005008392219253
1695,2.7256146003798194
1696,4.196792793172259
1697,10.100552899026711
1698,11.772508827527862
1699,14.998311604023678
1700,3.7708418335520903
1701,9.913697065258399
1702,3.43201819205739
1703,14.762234614793545
1704,0.25646925111406965
1705,1.8425752831310407
1706,8.153672208491034
1707,9.417014202288676
1708,9.682506699026641
1709,36.86968295930209
1710,0.4581868842370748
1711,11.29639683066163
1712,4.203570324119991
1713,0.7804850111224815
1714,15.026889582998761
1715,10.184931306941488
1716,0.1388163612044355
1717,7.752924968051404
1718,7.232225949227029
1719,9.787467651081414
1720,6.394821262427874
1721,4.6883295981147475
1722,8.445937334683894
1723,13.813088698156582
1724,8.114301820177928
1725,0.7996231764043173
1726,8.747462711439418
1727,7.300189449942575
1728,10.170458802577004
1729,7.755937170492177
1730,8.11151302959778
1731,9.823336276996157
1732,7.72735818936951
1733,6.849809423645158
1734,11.18669783693141
1735,6.31221095378427
1736,8.162116099532398
1737,11.271197170528277
1738,3.9758627607879697
1739,0.7115595634011326
1740,5.71208472250584
1741,10.516678021696059
1742,10.466778361371134
1743,7.47321024102762
1744,11.817345752526952
1745,7.187009934167188
1746,8.265074949573357
1747,11.01099502006941
1748,8.995658607691764
1749,11.152412419074999
1750,9.13816716238411
1751,9.730397184880843
1752,3.4952463950811765
1753,8.932294166146223
1754,13.436759112902928
1755,22.467771507136195
1756,11.66883705270187
1757,12.809874563056354
1758,5.160555154858683
1759,12.443539212260916
1760,10.014855656821462
1761,19.333409792689423
1762,4.888806752686448
1763,14.477568375117507
1764,4.800932432885099
1765,9.691021895436728
1766,23.52940292592534
1767,16.75682374738514
1768,1.4308146253387226
1769,9.19119328496777
1770,9.387430817570277
1771,23.127805488709907
1772,8.304038855209585
1773,21.57112182224769
1774,18.213150868421724
1775,5.977694675248773
1776,14.709367045906253
1777,10.19862311963693
1778,7.433108201477775
1779,6.38866592904913
1780,3.927714034141354
1781,11.473746721499886
1782,7.895769110633332
1783,62.238136346057495
1784,9.459301646208372
1785,2.781489175384657
1786,1.893986844997035
1787,1.3597860055921296
1788,1.702532685874182
1789,10.968521744607331
1790,5.410424725232053
1791,3.7292570743821325
1792,5.6651793098063115
1793,5.718277488285902
1794,7.925819773851905
1795,12.545898714706842
1796,8.342779802161926
1797,5.923224588179542
1798,17.983185027731537
1799,17.69271668887177
1800,26.29474075354635
1801,4.590807850534914
1802,15.493816166829527
1803,6.152048753234634
1804,25.231481485122035
1805,15.729686228205487
1806,12.36730169551062
1807,8.412136210955554
1808,23.49961475000083
1809,9.291292541775107
1810,4.769106605871222
1811,1.321253550225541
1812,2.4243371830005263
1813,0.2612038155726417
1814,1.3732169505787417
1815,15.997225663406356
1816,13.03398241932384
1817,4.3217311841014165
1818,5.146962994310786
1819,0.8898396247294327
1820,1000
1821,1.6570329012857994
1822,5.37774555755993
1823,5.1977300157015325
1824,8.85355027840599
1825,3.5945449851009457
1826,0.11392698586689805
1827,2.0072367777437945
1828,4.209843614242356
1829,3.7030842017247267
1830,0.2520447671178737
1831,2.9280873040449333
1832,3.1638483439484926
1833,15.08978039212607
1834,4.206127252626971
1835,5.7899712647185915
1836,0.8251818823330737
1837,0.4144524871541491
1838,3.222136304592404
1839,1.1636901672795565
1840,3.5134949171607253
1841,0.17958084476083971
1842,0.9591575221037563
1843,0.12650387794497595
1844,0.18883333806680047
1845,0.4075255886221428
1846,0.4513038566301443
1847,2.925713786154374
1848,0.4800911776699631
1849,0.0944403431862076
1850,0.06238457560412062
1851,0.6991673158740033
1852,0.3479231731039921
1853,4.364038038302813
1854,2.3561927246898504
1855,3.78102020115825
1856,3.187292240927991
1857,3.5545799460885052
1858,4.290799676692363
1859,7.313052577275184
1860,9.009733706953208
1861,3.0426711422586186
1862,2.501386287767951
1863,3.712094497886352
1864,4.784938662094773
1865,4.193985431404807
1866,6.142180689994719
1867,3.8488946246541085
1868,7.162827353786572
1869,3.746497177557148
1870,5.459952327959675
1871,4.9202753352506905
1872,1.0517288168571381
1873,5.047904491671612
1874,4.78619745894408
1875,3.7604559987441553
1876,6.684931340580721
1877,2.9367716181076635
1878,4.373762509212522
1879,4.063628144439473
1880,3.445655739434515
1881,4.290835999598929
1882,4.488183477560716
1883,2.8911512273691073
1884,1.0765287016240201
1885,6.562062234161277
1886,4.610583610645914
1887,0.3861823760762022
1888,0.30832468843011196
1889,2.077993919693528
1890,1.1918095112069622
1891,0.521875954449873
1892,3.1793502373889932
1893,0.21257203584243844
1894,0.33799607937921994
1895,2.9648218821759373
1896,3.8696901388280756
1897,0.2447095458729625
1898,15.031325743130823
1899,0.20202566801097163
1900,0.21105852579730175
1901,8.138258244783291
1902,0.1948198058960078
1903,0.16482175709730282
1904,7.080013535896582
1905,1.8236622035504106
1906,0.17445044353415856
1907,0.1642358029360407
1908,6.177532519092669
1909,5.375459389862815
1910,5.045687528557983
1911,4.206892114800576
1912,1.4120615739976723
1913,0.2935337084428279
1914,13.532833080518206
1915,2.0784016843972406
1916,1.7652167144187578
1917,0.45930013274078696
1918,4.1187717478976165
1919,10.241147687853811
1920,2.9033370021294025
1921,4.154243452131879
1922,6.104582260258709
1923,1.9629541477194687
1924,0.14361270565377957
1925,3.350482626854607
1926,4.50742174115904
1927,0.47886648179612007
1928,0.3686705892621886
1929,2.221711609841875
1930,2.687363085921631
1931,3.958001911893156
1932,1.104232155688818
1933,0.13447421508378618
1934,0.15126954429981163
1935,2.843737954195097
1936,2.6819100869474135
1937,0.19635671612165745
1938,0.2229419321982587
1939,0.06856508452178317
1940,0.1946621629713576
1941,3.057701034975903
1942,3.215771283584629
1943,0.1905818605951616
1944,3.277322914789881
1945,3.3198862117251515
1946,4.40289805196167
1947,4.40570039239655
1948,0.04478943239526662
1949,3.566494244583918
1950,1.527813517908899
1951,0.0877830305486205
1952,0.09188312651850195
1953,0.23256900129956587
1954,5.329772737303771
1955,0.7343906089840644
1956,1.7635673610394416
1957,2.086742259803342
1958,3.1059949761158823
1959,1.7532800330501341
1960,1.607915464998531
1961,0.6084434017018625
1962,8.415308553371808
1963,7.187254376908851
1964,7.494953628093825
1965,7.781809291525391
1966,12.344104860625409
1967,19.459961547423916
1968,12.433165573684535
1969,2.005808787624694
1970,2.1749583887938084
1971,12.727080775060255
1972,0.2142358610297852
1973,7.705342227345059
1974,21.152541535633972
1975,5.669426696323269
1976,0.4869606662831857
1977,2.34921975273673
1978,4.056465265105587
1979,17.113511755094127
1980,3.5160113897830985
1981,10.044884845140015
1982,10.075293465829601
1983,8.24574619637601
1984,5.008781436994403
1985,1.601048547840556
1986,0.5724312125503465
1987,10.043645108740588
1988,16.032563436123585
1989,0.6085193332103982
1990,1010.6972142820495
1991,0.5397989740464056
1992,5.29377822989214
1993,12.301716307408345
1994,1.5809027533268485
1995,10.015725315876608
1996,12.178003244450094
1997,10.652943121807128
1998,4.164251048599055
1999,17.477917039192718
2000,0.38909184736404806
2001,6.024447296399577
2002,12.330665062807293
2003,6.355287444085099
2004,8.024682429849674
2005,12.428352966112568
2006,12.92151376135594
2007,9.279979496861472
2008,1.748382624189927
2009,7.174766585916322
2010,12.369943447191284
2011,14.391551957266747
2012,12.051396560512904
2013,26.456185873998823
2014,11.009501052572146
2015,8.568100984078178
2016,11.431784860047093
2017,6.9300584788223745
2018,10.610692697398234
2019,8.168829131042088
2020,5.070745150037992
2021,1008.044523229286
2022,12.663381111204332
2023,6.328473892610839
2024,9.023042992652776
2025,6.981519999579417
2026,6.923472942263812
2027,8.072412936841653
2028,8.205557210181311
2029,4.062439579200304
2030,5.045646996864423
2031,8.634069560799453
2032,3.446818705408469
2033,7.536284910395501
2034,8.173155988030802
2035,6.851308154460034
2036,6.1577022981013805
2037,6.059899487193841
2038,6.434253644381487
2039,4.315854717057895
2040,5.688912797427139
2041,9.17620588360541
2042,7.344117441259641
2043,9.259587119731885
2044,4.0275411988660785
2045,26.216483369088323
2046,3.758553882149701
2047,1.7934028942265425
2048,11.05207986146813
2049,1.4210814627498156
2050,17.582908019286787
2051,11.896074583896212
2052,5.50539491174464
2053,2.8658162762534958
2054,12.158743645349876
2055,2.303208010271854
2056,5.371451238930623
2057,2.6123088189493706
2058,0.14346478250432923
2059,2.2289626912311578
2060,0.11380279507901073
2061,1.525296388273586
2062,0.4245349614647715
2063,4.670071255052971
2064,2.2444079800651338
2065,19.28508863864657
2066,9.354136907129089
2067,4.709203044025513
2068,0.2225947980295045
2069,1.5086421676009656
2070,0.54433443595209
2071,1.210877865279413
2072,16.046080259912312
2073,1.277438376253748
2074,1.37615204904426
2075,2.2635902612626158
2076,2.9455941818513383
2077,4.272193431631354
2078,0.1033716242828287
2079,2.051172913863022
2080,1.9921817906853176
2081,0.10371270085864996
2082,0.23440833927242843
2083,0.9732763469436263
2084,2.5103099317136657
2085,0.28377692053266623
2086,0.7578909837941422
2087,1.6423502640346548
2088,8.410089166838379
2089,0.4163140506819293
2090,0.3796954560247781
2091,2.758144694884822
2092,4.072741112859449
2093,5.144620106060496
2094,14.624023281755068
2095,4.498239045674812
2096,6.44629777129804
2097,9.298119656878974
2098,7.964236783295629
2099,11.910995234939135
2100,12.562758007847513
2101,13.874611555390866
2102,16.883713084540425
2103,0.6401068035665856
2104,14.993527545618305
2105,1.6479563545954339
2106,1.65325586186909
2107,1.8369454431854324
2108,1.3534561762936472
2109,3.0365957431767256
2110,0.2513999674758209
2111,4.185875537601048
2112,2.9876280971975917
2113,4.281230476402845
2114,0.039004431669011644
2115,1.9071937834814179
2116,2.606723054813354
2117,0.10199556522834809
2118,0.16749393911851757
2119,0.16930027348675664
2120,0.08469465288623068
2121,0.07473173440103159
2122,0.4624421499488328
2123,1.5965543878757553
2124,5.555829569038929
2125,8.157711977823725
2126,9.758899491179331
2127,1.7857844993160874
2128,9.0434591324243
2129,5.3260368681523165
2130,0.6677491129963546
2131,1.353127444236378
2132,6.937032266732097
2133,9.130938895577762
2134,9.108587798270058
2135,0.22762711949529998
2136,10.374878513037842
2137,3.2892115861175473
2138,6.466774446055445
2139,42.49793294292879
2140,6.076475263303696
2141,4.905653309290107
2142,0.47978400814590655
2143,4.4382396464998495
2144,3.2451398241844798
2145,1004.0208230567187
2146,1.2164621163570393
2147,1.3701284293311085
2148,11.777670095995946
2149,4.0945604308647825
2150,4.22566236417634
2151,4.224493923773709
2152,6.12316563024928
2153,6.297416033291296
2154,5.527470208067698
2155,0.11535190117243531
2156,4.851752093970252
2157,5.133692876384432
2158,8.330859688066685
2159,2.325128287081448
2160,1.8827918550113885
2161,0.5602670929938024
2162,6.444889108684916
2163,5.413754785158484
2164,4.274210678648469
2165,4.640846242041102
2166,5.835409922027823
2167,0.16057147899344482
2168,5.6201951983206655
2169,2.893366466592046
2170,3.974345790265743
2171,1.99754648864686
2172,0.3135862415651827
2173,3.1193738134373685
2174,3.1766181753746574
2175,1.7564122716229056
2176,0.6376359929975799
2177,2.1279743094046513
2178,2.4594470334494183
2179,0.179125233697613
2180,3.688627886862223
2181,5.2148319032462664
2182,1.651039039651778
2183,0.18971363811192365
2184,5.457608724246721
2185,0.1080603937033776
2186,1.9940875766846646
2187,1.4283974844557794
2188,2.0603707951306687
2189,1.92962262949881
2190,1.6912593807513683
2191,2.69141400488023
2192,4.757421072242597
2193,2.2409427408806373
2194,1.2866271414712416
2195,4.266145482764816
2196,1.6037478454672611
2197,1.5846170454920347
2198,1.1186170979498262
2199,4.183579763150829
2200,1.0661368538218572
2201,0.3161492845583671
2202,5.876684434870089
2203,1.687100555118419
2204,9.100758234534982
2205,4.463300110357392
2206,7.815769854996501
2207,0.8947843954614815
2208,2.7029609460247705
2209,30.555912232908376
2210,17.006819754666953
2211,6.367948837149604
2212,4.1047255224868415
2213,46.80446836670961
2214,12.335306236331672
2215,4.444732688528412
2216,0.23033847753782682
2217,1.0681224807608312
2218,4.641278314226717
2219,3.4593564029101818
2220,17.854691717045057
2221,13.891541006401473
2222,16.65340317563463
2223,11.443432955407637
2224,7.877156481251191
2225,2.0545600836324858
2226,0.36373747934414863
2227,0.05064992894339164
2228,19.767675561583683
2229,6.167094198292903
2230,1008.263600119965
2231,8.120120209971047
2232,3.672907696283481
2233,8.24248447879297
2234,4.579930973628998
2235,4.025673369491292
2236,14.292980601225867
2237,11.119241535101306
2238,3.5589180202001853
2239,8.976982991940163
2240,4.345455355560508
2241,7.406154915475918
2242,10.024491578533413
2243,10.767997320568174
2244,7.767749467851493
2245,3.0787143302811852
2246,1.0203505678496065
2247,1016.7556492390095
2248,2.0928776168209526
2249,2.064979335512653
2250,10.723960859316902
2251,27.917676317926915
2252,2.861808610718096
2253,10.159864672190801
2254,10.70324813441056
2255,10.635032762270383
2256,7.696761819775203
2257,0.1827236291212516
2258,2.3777517184037507
2259,4.451235717904527
2260,2.2111908491116457
2261,30.503348076788768
2262,1.9988840283813203
2263,2.2495046672160997
2264,0.06483332527998575
2265,5.4230124098621
2266,8.046032322970463
2267,6.364183669857567
2268,1.2773302764834082
2269,1.234856779287213
2270,1.124809654521513
2271,3.1511770116424724
2272,0.6615544780369158
2273,0.9743572356702311
2274,1.1291699356680471
2275,5.88580507271331
2276,9.689543095800987
2277,7.508563174013084
2278,4.410066584575396
2279,3.707845968593922
2280,8.997847213675474
2281,0.1994543498954947
2282,3.695249954691586
2283,0.19715346131143036
2284,28.553698786327875
2285,9.303852274393657
2286,1.0457215790833791
2287,1.2217157431724168
2288,0.16637587901079906
2289,6.174932424054405
2290,6.699762324582119
2291,6.214858904728791
2292,1001.766469878291
2293,67.75955351381084
2294,26.905086028206295
2295,2.812532880219656
2296,155.49018565174
2297,29.106488312161524
2298,16.228901145269514
2299,32.35454750656893
2300,27.07523646049247
2301,3.5145298725879597
2302,29.264586496419017
2303,57.693879350428084
2304,4.642533936537082
2305,4.203974762658036
2306,29.083668298962333
2307,6.751136909892606
2308,29.261114224145512
2309,11.469268338120976
2310,9.484258366047445
2311,18.799760253356794
2312,8.852454666789177
2313,9.412813592176269
2314,8.598689927519947
2315,9.341285338007356
2316,11.700990775378585
2317,34.373868453080405
2318,15.934402625993508
2319,12.375525881458962
2320,1009.514212515743
2321,7.7339870339026175
2322,12.421725092317908
2323,15.331075980421216
2324,10.858290481237864
2325,9.413790462398303
2326,17.87551935467293
2327,10.402651177777114
2328,44.52072737201281
2329,10.96253546631165
2330,32.267455829136914
2331,44.86412205754039
2332,23.715069957921315
2333,12.686428703723298
2334,10.16128127016943
2335,5.819116923509043
2336,14.767124702427127
2337,1006.6472546138411
2338,23.71208438324525
2339,5.326218476562801
2340,11.219956350000341
2341,8.34154954382141
2342,8.336894921254032
2343,11.478223929145269
2344,15.619663116135019
2345,35.84791720228879
2346,9.957918483640809
2347,2.978963418951477
2348,3.757427036566927
2349,15.936165786688747
2350,18.801096598326893
2351,21.3877954743868
2352,36.246054351140835
2353,5.9468677405745645
2354,12.027517051782171
2355,19.36480129275113
2356,26.076161749576876
2357,33.285976502721894
2358,6.874564035097134
2359,4.506368064365806
2360,12.352482284541578
2361,9.661168816987809
2362,7.466270392255807
2363,5.881956557987893
2364,26.923430035211815
2365,21.197640232401643
2366,9.97116854472137
2367,9.397179851531618
2368,25.367690863805482
2369,6.237583347678549
2370,5.606673020835112
2371,25.16823875411267
2372,28.472520306864467
2373,7.288926904486518
2374,6.015269591881873
2375,34.15423774463202
2376,31.40262897777453
2377,41.54121447160264
2378,6.714903248254595
2379,6.112856583713105
2380,25.577356830378363
2381,30.70302801363752
2382,28.28404917007649
2383,40.290119219933125
2384,8.487731756308005
2385,1065.5338687857006
2386,1051.4894049176166
2387,2.762314186792259
2388,6.144879512013656
2389,3.5213628937187202
2390,57.56632298632089
2391,55.21878444199503
2392,37.79704214777746
2393,0.7752845815567553
2394,0.1135708235913447
2395,1.4315100211921523
2396,12.197412628729833
2397,10.404800193020266
2398,10.59051640100727
2399,43.23455097369037
2400,4.37622146731443
2401,4.1269864848708195
2402,15.009438949630672
2403,2.7677700615415723
2404,45.27081108433888
2405,50.006844304337434
2406,3.902445497886098
2407,43.745258316550796
2408,69.4056487239695
2409,48.09176942701362
2410,49.53005108529682
2411,7.413559219370921
2412,10.260514437421547
2413,11.099076135591938
2414,13.451181876356959
2415,42.38208423142624
2416,52.30260466391523
2417,48.58500427277366
2418,55.54567835527523
2419,16.3605079172591
2420,5.801431857235376
2421,6.739322022024637
2422,1036.711338631033
2423,43.938690690626906
2424,48.92753332292961
2425,7.371194306688457
2426,10.232954563367548
2427,8.70470059178758
2428,2.76550221229994
2429,35.1704119044775
2430,67.1102811974184
2431,43.83304454889502
2432,10.823954103753541
2433,10.16855250912081
2434,5.054618624016753
2435,1031.313680694074
2436,67.25585095826881
2437,59.17413723053076
2438,0.19791944088840938
2439,0.10239192312716516
2440,9.303384683544175
2441,29.642944656108998
2442,5.896190428525095
2443,1058.5781969770412
2444,5.217137646720894
2445,12.601284997743965
2446,15.703121345516877
2447,6.300021570547124
2448,47.83900049485616
2449,80.2874302680963
2450,60.77450655539119
2451,6.311654157773015
2452,35.54445665966386
2453,35.33801563702011
2454,66.95482570743529
2455,13.676403407071465
2456,6.837440038818857
2457,31.909275970809038
2458,36.1784324495206
2459,39.60684162170699
2460,73.00044389547634
2461,80.79721544488862
2462,62.45524530457524
2463,9.937296357460017
2464,16.272874456571756
2465,10.881452417956792
2466,12.728363933245367
2467,42.568344224784965
2468,46.54671674263701
2469,61.62311834998324
2470,1.547888309647854
2471,17.775863712283726
2472,33.48399900920827
2473,37.335809543505334
2474,48.99999264732767
2475,52.07767631489281
2476,6.583558713087428
2477,1.320402349169367
2478,21.806349501406274
2479,1034.9621241003501
2480,51.58862850113093
2481,1004.8796834718158
2482,24.45578059282111
2483,20.695229169980003
2484,9.10629254912475
2485,35.66613525090117
2486,125.76633519806332
2487,41.294583235126105
2488,48.15315097431884
2489,33.82591552314137
2490,6.8442115389438145
2491,14.58158190129233
2492,1.7510807358378895
2493,8.38537856813685
2494,115.82152255987131
2495,37.43926179436186
2496,45.19952889648612
2497,47.31337800159611
2498,44.00410386036772
2499,45.87389587107976
2500,62.20536319281662
2501,7.636629795442238
2502,8.861094195204497
2503,12.375343562001651
2504,33.476920438514206
2505,31.49723863909029
2506,36.73761034661648
2507,46.858982910251235
2508,76.18904229362506
2509,50.811626959344686
2510,44.18327439119716
2511,1039.6227919237833
2512,27.723006091931474
2513,31.365541366640354
2514,32.66469340617709
2515,36.869074904170745
2516,49.01215079689225
2517,53.50785479097802
2518,8.656619032591111
2519,8.85350492368044
2520,10.176708991800707
2521,10.6859994147494
2522,4.558607085930382
2523,1029.246768626121
2524,35.4473071562842
2525,46.11332064541606
2526,29.80429134354963
2527,18.770130385659343
2528,9.639690340554825
2529,12.485080679912395
2530,10.783419446947253
2531,1008.6153805392694
2532,1.7870825412044056
2533,2.808178828888628
2534,0.15376288820892667
2535,11.83321878619868
2536,10.811248716159056
2537,25.621129357640704
2538,26.22011490510938
2539,39.76004576112158
2540,2.8692713149355713
2541,22.488052343573823
2542,8.319671748120443
2543,17.585942827053724
2544,6.469509360864648
2545,23.574074662050162
2546,24.91087304515696
2547,25.845842522847512
2548,34.2970509522942
2549,42.88960822193717
2550,13.033903946966067
2551,1005.7605055339144
2552,9.727180998068437
2553,23.760957481507567
2554,74.54107390263685
2555,13.442719106755423
2556,12.625489129110997
2557,20.714125592467376
2558,13.080915550280501
2559,36.54140055706926
2560,35.11095533266852
2561,30.407761283278173
2562,45.02411450968713
2563,42.59101110367958
2564,15.89211685769914
2565,11.119065898209767
2566,15.562388970120203
2567,15.755298822180322
2568,4.013479881011244
2569,1023.3682712233748
2570,40.58369940358626
2571,4.884304720742805
2572,19.7457757735826
2573,1052.117585177443
2574,25.728402572151516
2575,43.910681419072276
2576,26.36009585754755
2577,23.757734925767938
2578,16.98565481441925
2579,3.394250899058368
2580,4.374949362136447
2581,8.15089164277265
2582,4.144186425541129
2583,10.13779205927606
2584,9.743093095115677
2585,7.960536852890415
2586,43.6026742057551
2587,23.559263256987716
2588,24.51823879184968
2589,20.617834762612315
2590,25.609488319559983
2591,28.673316577188764
2592,38.467267111858654
2593,34.92998467048884
2594,27.18247101609486
2595,22.642837308002868
2596,15.14607659578933
2597,20.081097523424667
2598,7.198640657187108
2599,7.05747760677156
2600,4.835433062209579
2601,12.210509068014549
2602,24.87160834603333
2603,25.03345131173389
2604,28.80711367163025
2605,10.636221466372316
2606,13.144390902123737
2607,15.70763098263488
2608,9.321471939817489
2609,5.54130052767951
2610,1019.9111826645625
2611,20.689955260203092
2612,30.450351279976697
2613,33.638833506150434
2614,1.893830695089469
2615,2.95659651609109
2616,3.784217988111424
2617,9.53047998385824
2618,7.986123899393881
2619,17.43510615702334
2620,27.313383860188935
2621,19.8744164460952
2622,8.28982111695756
2623,8.361249746112845
2624,8.377611199217364
2625,7.678782346789871
2626,7.218786363716867
2627,1026.8979356335262
2628,43.52463721592537
2629,25.258918547025786
2630,12.702494503792739
2631,22.17342050000639
2632,20.28618381110102
2633,21.50892401451035
2634,17.521228035858154
2635,2.0706174161868804
2636,3.2900862210792114
2637,6.349668484164155
2638,7.194266430194398
2639,19.87089432797771
2640,20.435433803215965
2641,15.941819080433204
2642,18.5333483022818
2643,3.4158843327002537
2644,6.8246991158274914
2645,1011.8091494962962
2646,20.664352924749807
2647,14.680896072122685
2648,1014.6051409962281
2649,27.736993759286225
2650,1.3796098486650996
2651,3.2299321356938666
2652,6.447111486862339
2653,18.543436012742674
2654,23.388953628501838
2655,32.1198809719795
2656,11.832855523405453
2657,2.8835968532260683
2658,12.915545148805048
2659,8.885731971123258
2660,5.807386465447778
2661,32.08687248839844
2662,8.234202215660646
2663,6.4282457701316345
2664,7.587027994852104
2665,4.941263289578507
2666,6.956054455471804
2667,7.143030551145185
2668,6.2470942567567365
2669,7.994821116175027
2670,7.91512172352938
2671,37.359174866621764
2672,1030.8563690145213
2673,33.900819290676765
2674,29.0089409893784
2675,28.79317216447975
2676,28.09635485548457
2677,36.81288451412669
2678,24.021256138813953
2679,23.48054094882098
2680,28.42534026587708
2681,23.349364612629817
2682,8.906983600709683
2683,6.204684373436417
2684,9.403732913532739
2685,5.9135700272595875
2686,6.390075711303824
2687,5.77149982991669
2688,4.522309917859634
2689,1.4820834967442433
2690,37.26565910541117
2691,36.52641206478178
2692,86.60028246860902
2693,31.589249943936274
2694,24.78575209617226
2695,25.05347792629768
2696,47.44162664046636
2697,27.488574747325096
2698,5.4157426419547186
2699,8.47461230685208
2700,8.703387574684609
2701,5.107012332160991
2702,7.252832604675364
2703,12.403853821511836
2704,36.02950096964576
2705,14.196616194807081
2706,6.753992205382747
2707,6.7035512434139255
2708,6.197994872862932
2709,6.206551510906828
2710,5.71478628237512
2711,38.861666512946314
2712,17.714924080597992
2713,5.923745131233442
2714,6.515665245602307
2715,9.366749928722312
2716,9.389058032395363
2717,5.620513500154077
2718,6.388567227227742
2719,6.2870510380778555
2720,9.937280974030422
2721,11.032855523641267
2722,6.3585219389648495
2723,6.099953814095263
2724,17.380791239908362
2725,30.969196625837096
2726,15.619161029945216
2727,18.821141868987226
2728,5.064950838178318
2729,10.170465241589424
2730,10.69269056106755
2731,8.811893160848879
2732,10.845008570042586
2733,9.826122583290926
2734,2.709233372073008
2735,34.64580548855215
2736,15.386548645160213
2737,15.298857801998185
2738,24.42211041142884
2739,14.875564790319208
2740,13.832676384480214
2741,7.010682500862108
2742,8.401550072176201
2743,12.737345662047122
2744,6.5575076999282045
2745,8.603854230392852
2746,0.9101836393179898
2747,8.38998094301312
2748,5.790517928994757
2749,40.18912255614585
2750,16.36893740573201
2751,16.728357488934062
2752,24.041561458369745
2753,14.665649806687746
2754,8.809509352147286
2755,6.792547248511485
2756,9.42885716956011
2757,25.41258225145979
2758,18.26621614410205
2759,26.444832941940085
2760,17.270322021242954
2761,13.626490139358618
2762,9.419952330469819
2763,9.01200686481421
2764,6.994437932345817
2765,10.504562674323699
2766,13.88560687178841
2767,1009.7082742473011
2768,28.35480291063003
2769,31.98748244648404
2770,24.126300696761625
2771,8.62971965966956
2772,10.881969742554135
2773,12.91077668799372
2774,10.23983060488728
2775,14.452960912952932
2776,4.062655274370502
2777,1.2800146500520042
2778,33.0890497417714
2779,19.14770336334349
2780,25.411666750291946
2781,11.949089984198473
2782,11.462224741369281
2783,11.732947114786171
2784,14.64812763465501
2785,11.917958898424853
2786,12.233414116516562
2787,4.2237677723696665
2788,2.2551273916236725
2789,29.414883517228905
2790,26.44406590687862
2791,22.098313594033666
2792,9.962926353698272
2793,19.086066398649418
2794,10.862147952271654
2795,16.49572883506229
2796,10.03749445163451
2797,40.7938201703924
2798,37.17103251340116
2799,18.772974108034752
2800,18.37855523409995
2801,18.164521500785174
2802,12.6369080504792
2803,15.318782282228673
2804,12.062776088815957
2805,15.134922724569778
2806,12.22246542923221
2807,13.175609989089715
2808,8.609825134889784
2809,8.66595449738587
2810,33.32369231355887
2811,17.83260315003545
2812,36.3451274660275
2813,25.80823181198307
2814,17.64551126650473
2815,15.101559401539276
2816,12.994062190816786
2817,12.934844500554197
2818,11.049900312812017
2819,12.098661401482198
2820,17.527777226563874
2821,13.639267106632488
2822,51.07456833004989
2823,43.253030065985094
2824,64.0088363429269
2825,40.19833074364698
2826,11.278570398767034
2827,19.932772755375925
2828,15.387144684503147
2829,22.598352816171676
2830,19.57257476158206
2831,11.196380087426302
2832,10.76090656856953
2833,16.606798545268774
2834,11.624603011038277
2835,17.868776602607262
2836,37.16636021420632
2837,1026.3694921614522
2838,27.313557503914637
2839,26.779659832003997
2840,15.891267733396262
2841,20.191015257733756
2842,21.82994358257928
2843,16.734932632524398
2844,11.93331819424945
2845,12.977341085985797
2846,9.831599988603678
2847,19.84066965839046
2848,19.555048753520165
2849,20.42067324031177
2850,26.33953058613897
2851,5.534190620749527
2852,42.16883353550383
2853,14.619496617662678
2854,14.891215729805696
2855,20.286578355767887
2856,10.305072366189323
2857,14.459324446646775
2858,11.172699520172861
2859,0.9374340663459821
2860,46.3440904134733
2861,107.22618379437972
2862,46.53303046038719
2863,27.45363724811552
2864,35.20367134801509
2865,38.07029265435421
2866,19.486527381821173
2867,26.723886020679952
2868,18.10526393107161
2869,21.454949688801346
2870,11.178195403048111
2871,14.61205843533707
2872,0.0981978479867677
2873,36.097675907176274
2874,175.6371639350852
2875,67.95417456375746
2876,53.32622980906236
2877,49.18338900569565
2878,2029.6969825053488
2879,15.641423919550652
2880,16.983725682037655
2881,18.471798226162722
2882,21.368063564630873
2883,18.57595811860139
2884,1067.5663328419212
2885,67.50878530351103
2886,57.04649695673487
2887,46.96441557066443
2888,51.988606453324124
2889,21.122443293140137
2890,21.623301954957636
2891,13.708621965242157
2892,15.335060239568177
2893,13.843449034956704
2894,18.994306288877397
2895,47.786818895222815
2896,49.36269918930437
2897,71.36371793481447
2898,50.3579337186676
2899,20.376886066171213
2900,17.451798030800862
2901,19.53288364506447
2902,24.8861077853343
2903,18.94228954463103
2904,11.61560207077623
2905,16.28106913517863
2906,14.498727715283083
2907,23.891511154249027
2908,24.684069193055482
2909,19.662551362030175
2910,14.03129291957771
2911,46.838340678395134
2912,49.603629708547224
2913,48.03904953081216
2914,36.15608020086726
2915,42.07888237702419
2916,25.289733906459883
2917,19.65682048906615
2918,20.70106806403421
2919,34.904507897865024
2920,19.41446792567468
2921,17.09713699071476
2922,16.751133579109347
2923,15.35632406660913
2924,33.872749752742195
2925,51.33707768212505
2926,55.59604752047296
2927,60.461448853246814
2928,96.92701240538553
2929,67.70663307354211
2930,65.65388123841517
2931,91.71165591230626
2932,1810.2770507531418
2933,14.332270169877402
2934,19.26642773353284
2935,23.08273991524113
2936,17.749644905873936
2937,13.41976824444817
2938,49.59548402337667
2939,80.34566979066074
2940,70.06275175729425
2941,70.6367752821797
2942,62.638448569830885
2943,57.29257095363742
2944,26.750139775685778
2945,21.911394648657595
2946,29.774695996920038
2947,25.56031479305564
2948,17.07982084063356
2949,13.28181576481898
2950,15.70293093336818
2951,18.17782092148129
2952,23.497881790290478
2953,21.660571823387738
2954,21.45671565445431
2955,14.894489477366141
2956,15.893574831320029
2957,18.803629446629763
2958,30.15099718966361
2959,55.42314462667184
2960,48.15196302805356
2961,1059.0630130745285
2962,22.83596035938266
2963,21.429504014549547
2964,25.5655861502662
2965,32.086623515658964
2966,28.116194973246124
2967,31.92298133841019
2968,25.61028896439155
2969,14.244676002702949
2970,8.640458750832357
2971,17.095306431530467
2972,16.859177540260006
2973,15.721983144325874
2974,24.148494630112026
2975,22.52644980703282
2976,1019.0935037616035
2977,21.70611870296075
2978,49.23675156336923
2979,52.131378856252546
2980,65.69670713596379
2981,111.45880138821576
2982,72.24654862498302
2983,40.887285878273396
2984,39.47982833247626
2985,11.330586665652746
2986,21.498765107119752
2987,22.71058507788703
2988,18.36244595067036
2989,70.86741075874498
2990,82.53645561635496
2991,82.6478464207339
2992,82.93206092852765
2993,62.28238741090239
2994,1093.3975162261008
2995,29.52981838721721
2996,23.761593129241973
2997,23.01748609266541
2998,28.36086218331461
2999,33.16360020240376
3000,32.16573856734078
3001,19.3973336214514
3002,12.98781712296808
3003,18.3062411349654
3004,20.101254965564486
3005,16.703070579936977
3006,7.4409333581413675
3007,1003.1745747340162
3008,1029.8582653003882
3009,29.982661780767074
3010,55.322416002611476
3011,51.5755627100296
3012,74.61807067114489
3013,70.49430838510011
3014,96.5925259382817
3015,68.35846215749774
3016,57.50862707845817
3017,24.77336778074416
3018,151.1520224039436
3019,25.26176308425861
3020,20.543540056777875
3021,17.7797413518854
3022,18.30109514172499
3023,25.239519726626767
3024,24.93605265127603
3025,24.123028205747012
3026,10.443455716139681
3027,39.80822061475625
3028,28.859086361244078
3029,1036.1486824409974
3030,84.4622063639726
3031,82.4414736439365
3032,98.37851956332571
3033,1114.8240042264904
3034,127.25573492330282
3035,100.85390172556292
3036,56.599941207305825
3037,53.13521177640469
3038,26.82517642022132
3039,1137.0362681031338
3040,14.089342306483172
3041,23.40991329391684
3042,19.30452913004776
3043,2.782300181481768
3044,1.2366567625902256
3045,29.739473221651906
3046,41.449375348753534
3047,48.11226674258878
3048,51.44014938062072
3049,75.1624177191149
3050,215.80982548680066
3051,119.14246564164579
3052,100.0161593189236
3053,107.01661943636114
3054,23.048533313903242
3055,33.37153923636608
3056,1035.462171562553
3057,74.80687381958037
3058,19.623329782552883
3059,65.12512804172678
3060,15.204398362886248
3061,12.905972318792838
3062,1.6481739923652168
3063,2.2464006448631952
3064,24.92210952507362
3065,39.69384545671905
3066,73.95047833851264
3067,1084.3142554446981
3068,105.22956359777217
3069,103.92851325051919
3070,74.87910065181285
3071,54.72686355094621
3072,29.846088189915847
3073,5.315516269913606
3074,15.026208329001998
3075,34.61542136608767
3076,1039.3107472917964
3077,61.54855471158952
3078,79.44426689529996
3079,91.46840291203151
3080,44.78446842537574
3081,53.481925529667464
3082,37.86486369778317
3083,6.301873410886673
3084,15.361478765094718
3085,18.68795652892884
3086,19.906260692326743
3087,23.033816164003355
3088,16.89727441487365
3089,12.660526824969867
3090,1072.3245424090462
3091,39.493741439961404
3092,44.281255222868595
3093,77.56224097352825
3094,74.12923849022796
3095,91.0012442806933
3096,20.653872331122912
3097,35.523217479744936
3098,32.139609646576154
3099,35.442355455230576
3100,11.226964623992336
3101,7.685096657252137
3102,15.4229152619799
3103,17.791806248439247
3104,12.113394274973446
3105,16.536362815013053
3106,10.81492851640707
3107,1036.074240884652
3108,44.093096306395566
3109,35.49677756284707
3110,1037.497814683553
3111,44.89163436353112
3112,61.46340849256568
3113,65.7032285578646
3114,81.41771365063782
3115,80.54847064914416
3116,121.36857329554836
3117,21.793724004687856
3118,7.98228824961786
3119,6.897364392420647
3120,13.961614496402007
3121,27.63262943544063
3122,9.50994088316024
3123,2.9011043164505947
3124,10.921111728444512
3125,36.9807202415998
3126,1047.2507545560447
3127,1047.584549132495
3128,58.1341310751073
3129,1122.532402706748
3130,73.43467184577099
3131,25.17705513521745
3132,29.468947099801724
3133,23.634837773198992
3134,21.537243992132836
3135,16.6079621716554
3136,11.488254427501802
3137,1.8911533693768994
3138,80.7625888795374
3139,103.91459999409085
3140,21.68922491756627
3141,28.199518723098265
3142,23.26878477671441
3143,18.76931988083135
3144,4.984316866527168
3145,15.313090165475703
3146,19.716650014378427
3147,9.471445925303797
3148,2.6402436702333554
3149,40.508334352340114
3150,42.069717071186716
3151,35.817479045740704
3152,45.483805175826895
3153,42.4107514639614
3154,41.49217083301018
3155,42.42127575357247
3156,88.0682164651345
3157,99.3599825658711
3158,82.30671599025638
3159,33.18786265047143
3160,31.872582530610543
3161,25.64355631573306
3162,20.49552205610603
3163,10.719940847972719
3164,2.7536898209115543
3165,40.5598088669681
3166,41.49323462968288
3167,77.0570638733247
3168,38.12671599938312
3169,64.48051061786714
3170,81.29817768739423
3171,1074.403013041988
3172,33.52838405557566
3173,23.394689492928997
3174,40.84431750052829
3175,42.220143444977104
3176,40.43993548660806
3177,42.54001541085391
3178,91.83376856656875
3179,77.0868244917922
3180,14.275451569753166
3181,16.091835897342996
3182,44.80897086794767
3183,37.95035908217697
3184,41.82518429563972
3185,45.40144415972999
3186,97.29374605167637
3187,93.39540649472305
3188,32.68606000562372
3189,13.975356424877393
3190,17.081563577317997
3191,19.820245002131777
3192,22.189988728330025
3193,4.776658373559426
3194,6.321820347565957
3195,21.499872545265035
3196,40.68802113606387
3197,83.66801582510568
3198,68.90968332932972
3199,66.84366954792705
3200,55.38677444974234
3201,25.14783461634234
3202,8.07950201097326
3203,9.277278163725438
3204,14.100385389960575
3205,14.187104282470498
3206,2.156292716879742
3207,3.3612183646045404
3208,3.5371825649934587
3209,4.4775385716839775
3210,0.10822527824878585
3211,42.019166885882264
3212,2070.866908572086
3213,78.84342261153958
3214,79.80692020971213
3215,16.958895382977552
3216,42.000479421933406
3217,106.98354565394045
3218,28.732405227027364
3219,11.841303044191044
3220,5.748147130683097
3221,17.43840203507953
3222,30.74394087790675
3223,104.33234126829103
3224,1109.9029916215652
3225,66.19727698810468
3226,72.3631638823053
3227,141.84396132278647
3228,75.01897336190524
3229,40.04828381040596
3230,1020.2232255299486
3231,17.567454108572097
3232,26.873030626848767
3233,18.886905097521346
3234,41.12449042360554
3235,43.93456245344624
3236,46.55981987705594
3237,59.053112211645335
3238,69.4296652772754
3239,81.08953340783268
3240,105.94643041598916
3241,19.265951377506525
3242,11.265670794067164
3243,22.33969228740628
3244,16.646198172478528
3245,9.104767980698155
3246,29.34351037812515
3247,40.312496915906564
3248,43.47052148931052
3249,41.876045544224766
3250,52.66075633873513
3251,62.557275950033386
3252,69.2609330917222
3253,1093.2176017693755
3254,19.136843296457254
3255,7.938912482724954
3256,25.500968766172758
3257,31.477206904552528
3258,39.21073892894802
3259,40.63399479363175
3260,64.37920586802063
3261,95.35349267023715
3262,15.65074662164518
3263,24.77757271397187
3264,19.14700344432233
3265,37.59818590320376
3266,19.093817932165766
3267,17.80746196590856
3268,15.07483056663024
3269,18.633669459582478
3270,20.392445971005092
3271,2.6887270544776904
3272,38.442805079917214
3273,38.00825952779282
3274,62.40951025750418
3275,1105.5332022594903
3276,1122.9142745044032
3277,24.834805204211545
3278,14.241853815529403
3279,3.586280573252399
3280,18.619355378153497
3281,1.549305003529015
3282,18.952447477438774
3283,39.81475535693059
3284,35.14355422518901
3285,43.95332050154138
3286,78.6819784261564
3287,86.6288273592067
3288,110.26449866974835
3289,113.41159121847632
3290,18.422220628233752
3291,40.87197947407651
3292,5.568173833025099
3293,34.32271326541803
3294,35.87723277191151
3295,57.7246542567648
3296,76.51784143933128
3297,83.22523854021259
3298,19.2490245188545
3299,18.033030184408
3300,1.7456968510585427
3301,40.22793677437082
3302,86.17259979904473
3303,95.53856975535933
3304,16.137287362569452
3305,21.841882657092782
3306,3.922468738468993
3307,5.7078173846297675
3308,17.522041487566963
3309,18.333687253933455
3310,27.84342339721068
3311,27.744458247284065
3312,33.42453905577581
3313,36.085530565698846
3314,21.016801937917148
3315,3.805961757960916
3316,7.554542063294794
3317,4.728605878109468
3318,6.038811198853975
3319,46.36613283235487
3320,54.34657413155656
3321,82.15398914831248
3322,110.78055421140851
3323,26.043490165382156
3324,24.006335069107493
3325,3.6506386980476515
3326,5.057641385468224
3327,60.02743199610032
3328,60.60161901175434
3329,63.50458430307202
3330,112.47911199710938
3331,115.68193739964453
3332,97.93644386034005
3333,3.558186225643526
3334,8.841400785890002
3335,28.72482781119876
3336,67.63908364246396
3337,104.99917179087882
3338,88.84153644151954
3339,25.17331111738085
3340,17.5880279326942
3341,14.10679753190725
3342,9.412298679138399
3343,4.560041010615768
3344,4.760818086088204
3345,8.070019472542134
3346,27.511687181553768
3347,39.05161050850549
3348,1120.2681814972318
3349,92.46563711918456
3350,14.18067995221464
3351,12.154652605316038
3352,7.8621559330551385
3353,34.290865173772715
3354,34.20445868803866
3355,97.0505428144236
3356,11.197527684022345
3357,12.275934232508448
3358,2.795400706677633
3359,8.18003346518943
3360,5.28342027001696
3361,7.332414278478289
3362,10.183192022684322
3363,64.46841135764998
3364,108.52580997809171
3365,95.15163196759008
3366,31.44603558763641
3367,1018.8265702540257
3368,16.110701982740277
3369,64.31553023135635
3370,27.35705137877842
3371,27.98079463651597
3372,41.85424815207382
3373,48.22529242773875
3374,94.65698018372093
3375,100.83548050784471
3376,94.77176406424861
3377,97.30299118304903
3378,35.4955656740409
3379,3.2274565867990304
3380,22.209995665557162
3381,5.553750271732269
3382,14.811518108899714
3383,0.8804618902156344
3384,31.01520164072009
3385,38.234680417333365
3386,43.638400007172415
3387,221.5216426545583
3388,94.04938255252577
3389,95.91327035969385
3390,97.14239027778042
3391,113.03688057649684
3392,1102.8377341153998
3393,94.28194597287697
3394,92.02692765253664
3395,87.91163120795878
3396,83.04897609216238
3397,74.9121230032972
3398,37.94128257276642
3399,5.545609023972372
3400,10.860279591565345
3401,7.7337905714864394
3402,17.258096591603763
3403,17.432760144749388
3404,7.983677584981853
3405,14.239515495629508
3406,39.682765211011784
3407,39.23564071907102
3408,49.88093563504624
3409,46.19131171603729
3410,68.21629344363161
3411,94.64782578111218
3412,92.41042177241619
3413,94.21210323256882
3414,1077.487438538917
3415,67.28954890815616
3416,8.168993193710762
3417,6.225939145246412
3418,0.8744287593512858
3419,34.84366380035566
3420,32.283889981257616
3421,33.107975077342154
3422,57.41198862219768
3423,93.05487583566152
3424,100.67788026014506
3425,110.35320760462139
3426,87.18333376673036
3427,94.01490322660614
3428,85.45610946907085
3429,69.42737031716406
3430,109.87196634496831
3431,33.105695908795674
3432,6.265713692775126
3433,5.857235469850425
3434,0.9913691411560047
3435,50.64490563228071
3436,36.986771847124785
3437,79.22158832253166
3438,1089.7896320641698
3439,105.08655530004688
3440,87.71996017770165
3441,85.10728179056218
3442,89.28928378301956
3443,94.52300030966774
3444,68.34759830182531
3445,65.31369676362416
3446,54.45374922433542
3447,51.28903411284124
3448,45.813850251984164
3449,4.574151958147214
3450,5.509068387592368
3451,7.672731327746941
3452,8.73838819033874
3453,2.9337847886833663
3454,41.07137773778765
3455,1037.6333071011436
3456,28.71743244650319
3457,64.87947966555154
3458,86.984287286191
3459,1090.3749763694727
3460,65.77484244544425
3461,54.52094047725267
3462,24.62537570148992
3463,2.8623265069726735
3464,4.602019335577552
3465,6.402329991367811
3466,9.775312400644575
3467,2.5089041655577704
3468,74.60865015048003
3469,70.06290530107407
3470,6.051312860421814
3471,9.901983175443586
3472,1.714947556123793
3473,21.132432128211807
3474,36.338336774784494
3475,72.80967207109573
3476,88.95869571172821
3477,89.86524039710424
3478,255.85762382506073
3479,53.124760555472285
3480,50.71704844033265
3481,4.99405921537529
3482,5.836930331088196
3483,4.93510530025271
3484,1.822137422966987
3485,107.20661860217444
3486,68.5989887939433
3487,76.61788293361579
3488,82.32540350712259
3489,55.896501118734434
3490,5.649453495427834
3491,13.030365755498467
3492,0.528103774529897
3493,2.3850733986844554
3494,27.604117359046768
3495,36.20838546613418
3496,82.93926200716665
3497,71.69493681991825
3498,10.77123683476008
3499,7.112365596939781
3500,4.372301840164142
3501,1.2039605447567145
3502,35.56009959667922
3503,40.12427747396016
3504,43.41400056015476
3505,50.78042178497469
3506,73.70623920940007
3507,63.97296247586859
3508,69.38620490966935
3509,87.45178573778531
3510,57.36790239632849
3511,67.63334324116697
3512,31.50342000104448
3513,31.958108936281892
3514,44.41524432785205
3515,5.230371787906956
3516,4.5296271046363374
3517,8.473521345897527
3518,12.419082655601137
3519,10.7087202392106
3520,6.624775746630863
3521,2.626960886067903
3522,63.30819842565077
3523,73.23494313553613
3524,121.75898498931308
3525,57.260874563059474
3526,46.22635374816112
3527,4.413422553545369
3528,4.420183221710194
3529,13.469141080778915
3530,8.45764572665037
3531,3.334728498490536
3532,70.1333899327268
3533,42.587564822323806
3534,86.95061731066303
3535,45.627408357197076
3536,12.722231448893233
3537,13.184904117506244
3538,4.643024826408239
3539,38.7241835760597
3540,42.504673279938544
3541,1145.1410408938264
3542,18.901365866824936
3543,14.190148659314026
3544,6.623936276365052
3545,13.924169166413764
3546,13.570975304884126
3547,10.720613675048867
3548,2.605784892540409
3549,84.65723418557786
3550,53.12474741791386
3551,1032.6271229760466
3552,17.279686279435527
3553,20.24865311610912
3554,5.571948139930307
3555,5.288672778916745
3556,7.96742827212714
3557,4.949127069434754
3558,39.161232035552814
3559,37.3134342605415
3560,40.6032332071278
3561,45.630374488033134
3562,47.46379529712658
3563,53.129352122433566
3564,64.95364422611779
3565,72.15103112892368
3566,52.70337366508467
3567,1.7049916455927383
3568,39.63466335600974
3569,37.30036988966841
3570,65.90981378298291
3571,73.25328654726508
3572,1071.177328182279
3573,32.82254350647564
3574,45.01479440798371
3575,20.018265572547516
3576,12.601319944270678
3577,19.48676494005502
3578,19.094187866108502
3579,8.393353899139903
3580,7.724396503888731
3581,8.518316218183774
3582,7.4362396703137925
3583,1.8169487393918025
3584,1.2278872151469622
3585,41.069264280983305
3586,59.955941719255264
3587,34.84561429298188
3588,42.76472829730672
3589,75.50277236310338
3590,22.376387181212035
3591,26.637448284926567
3592,9.588911068622497
3593,12.933300294133257
3594,14.46717304748483
3595,15.445826782069737
3596,10.67878075291905
3597,7.369755129063342
3598,60.82012148039999
3599,85.14917375546929
3600,40.97971778042913
3601,416.34884884066616
3602,44.30017445595006
3603,45.7281475575982
3604,48.40877684310303
3605,11.091014846733454
3606,7.9028103627950905
3607,7.847846677028471
3608,16.816679955382206
3609,9.732615460860934
3610,10.391206627879301
3611,10.468632192371736
3612,2.015900590091814
3613,6.95161402466343
3614,8.490649856764465
3615,48.46224328709828
3616,104.68613928585542
3617,39.79234754287253
3618,39.22869431553885
3619,39.87291369691459
3620,10.990875114442725
3621,10.304300313758453
3622,14.347284693079466
3623,16.54320438351786
3624,10.039930979914706
3625,1.257100014936774
3626,47.27426924521123
3627,57.74509548055452
3628,69.40090112692873
3629,32.015266480089686
3630,62.75594953769879
3631,53.65421232823723
3632,14.196532644268219
3633,10.4379602901929
3634,10.548137972100669
3635,10.483595978891142
3636,8.793810145831827
3637,62.71486773561152
3638,37.346884031235476
3639,42.615788680282115
3640,38.197883005306466
3641,45.10413467791191
3642,32.894322296321455
3643,17.897389714886202
3644,17.522422759573086
3645,16.809849236920694
3646,9.590526812129914
3647,5.479810494693346
3648,8.438806158130516
3649,21.79125928768531
3650,9.036416016892074
3651,3.1060315453681526
3652,29.985250373330025
3653,48.15832147796152
3654,80.16405842617287
3655,36.497708434185206
3656,43.61431957081567
3657,53.98006814540087
3658,40.06456405795188
3659,23.536089167460386
3660,8.67498373774088
3661,7.643464555478777
3662,56.56204557489146
3663,39.81002281861398
3664,26.85555693164323
3665,7.338909742719688
3666,11.526299026206866
3667,13.031869856740675
3668,4.5198850788367615
3669,68.65123220116615
3670,39.71295054121503
3671,53.43612726244565
3672,26.59156122878804
3673,23.143176683142862
3674,24.10399094906555
3675,15.128394761104039
3676,45.85506068723863
3677,45.12022744288164
3678,57.421532516119285
3679,65.74759684072683
3680,59.41793593386653
3681,52.53076228840202
3682,1040.0290419397734
3683,17.14112915043247
3684,10.102026765804581
3685,0.14040236897304048
3686,172.6471413953875
3687,1077.0812789864235
3688,69.53677048162757
3689,61.42122561676189
3690,32.25285084874453
3691,28.23012285492022
3692,24.09454873966451
3693,17.66416860170032
3694,10.58148751794626
3695,7.35758835142688
3696,18.304931470778595
3697,9.35787789677657
3698,2.4251023168167656
3699,49.6981930689086
3700,58.31124167775404
3701,51.71329256589724
3702,23.007905861974443
3703,41.07009352434918
3704,20.430841593317965
3705,13.673634498047035
3706,13.789989201002431
3707,8.36901644037086
3708,44.29906403911034
3709,48.6640447265404
3710,53.13878557859035
3711,56.85061218557141
3712,44.84634938144895
3713,6.830889124064593
3714,0.11958937588296414
3715,45.25890154797311
3716,50.59021933744347
3717,51.12509965508146
3718,56.24567419422823
3719,28.51188952844673
3720,22.338582183753957
3721,34.911434703915305
3722,17.651906844135215
3723,14.40426621802637
3724,23.822761486149478
3725,19.466188904286042
3726,71.29704432134646
3727,16.980812139913983
3728,11.619136000047268
3729,12.381937693167313
3730,49.65088966011663
3731,38.68987888433426
3732,25.978740288610382
3733,21.94441440518591
3734,28.014927662529406
3735,31.442618869624216
3736,24.546272982080477
3737,9.4140793704821
3738,3.737523602661928
3739,10.749041614289498
3740,13.300961981503685
3741,10.272509144106063
3742,54.45008899258665
3743,47.97110788670191
3744,50.76348271693418
3745,23.715975692938105
3746,26.564518937655752
3747,37.98508732522258
3748,33.8740551463938
3749,19.60257280530728
3750,8.885200491618406
3751,10.182607499145309
3752,12.42340961764689
3753,12.13001701290438
3754,46.23183678570897
3755,57.370633154010676
3756,66.53775901956556
3757,47.58176044871792
3758,48.77532084278159
3759,42.176002849512756
3760,30.722596702733988
3761,24.81361940709258
3762,14.610254598704653
3763,8.422255808711125
3764,17.950493505305595
3765,26.987511124694016
3766,85.3759572349127
3767,59.16498310836082
3768,40.83032559542475
3769,30.057118964369028
3770,30.50738480785363
3771,31.68701776906904
3772,31.298947676465342
3773,11.739400790635099
3774,5.45240669726524
3775,15.79219427638638
3776,11.71350044035465
3777,63.99950672432859
3778,102.94382413204426
3779,43.93817853497796
3780,33.28752345401497
3781,4.6207132815453384
3782,19.595821545753743
3783,61.67246920874849
3784,60.11208642365297
3785,2068.278263622197
3786,72.83075947448843
3787,65.94780451185332
3788,6.777413900249523
3789,31.037598436381334
3790,26.10436307551799
3791,6.960985522738917
3792,46.51592656275671
3793,44.01126320843524
3794,48.80062513734441
3795,71.20955653649213
3796,47.16418035093715
3797,37.79969129750659
3798,21.00868232566308
3799,39.93100939701601
3800,4.558992529136754
3801,7.49023802231243
3802,2.865950613573676
3803,20.54728071528834
3804,31.741227161339427
3805,28.418574039733926
3806,33.993270439667874
3807,29.029824840973287
3808,40.61277011976291
3809,37.47733325938522
3810,1.163594227447305
3811,11.035745853177168
3812,19.2013663572374
3813,28.1368699695445
3814,9.674627456497412
3815,4.709820888563396
3816,2.0382757629894575
3817,0.8059010445376367
3818,13.951790046490617
3819,29.65636252621432
3820,43.96043537072824
3821,42.057007682808795
3822,41.80188222494946
3823,61.59855830389087
3824,31.333826311797225
3825,39.29859967237037
3826,53.14016461750473
3827,21.310827409969082
3828,24.225204972427008
3829,22.634738235052627
3830,3.8939547064351263
3831,31.405198460367277
3832,48.29378429687268
3833,48.13599035680401
3834,45.5764054718679
3835,40.35521253436379
3836,34.139652430679845
3837,28.29756546961963
3838,14.66589429805116
3839,16.822748934453877
3840,3.5605634172594813
3841,0.6731303871195544
3842,5.8577920055280055
3843,45.251235330603826
3844,61.10008689894691
3845,26.00831744776274
3846,49.74247366134386
3847,49.30150054936108
3848,40.57932437288126
3849,13.997816395641749
3850,0.6397983034462749
3851,35.252792955229296
3852,52.78352376682622
3853,30.86034404394083
3854,23.865171951519194
3855,24.76458689930304
3856,32.635800773244256
3857,36.64774533451077
3858,17.28382268973581
3859,34.29838348010481
3860,53.58708948202155
3861,25.79723903606533
3862,42.47759070447709
3863,17.878053215256475
3864,15.053443261564215
3865,2.1766055519581884
3866,2.315230335028564
3867,56.89646943935579
3868,51.326163289877435
3869,45.73095737922031
3870,46.38422069935184
3871,397.91747997436494
3872,37.30101944267824
3873,24.84504509320287
3874,30.48828906879875
3875,51.876031773649366
3876,16.050563498263337
3877,16.240032640437292
3878,0.5389463888188675
3879,4.135155346840647
3880,51.946403518464294
3881,1053.587751040279
3882,48.875929891428456
3883,30.875553852696736
3884,26.873380474482737
3885,5.533912274956613
3886,9.46773426468226
3887,34.020897024654346
3888,45.17492246277566
3889,34.20184892885264
3890,28.967462326063565
3891,31.643300779752536
3892,26.16316876472183
3893,36.94093864483176
3894,12.676077167191044
3895,14.947215272448965
3896,5.7459159388706595
3897,51.94102886020579
3898,41.28084202099111
3899,29.8922879443119
3900,24.61684668957216
3901,3.1939707311774743
3902,63.34877027661229
3903,41.90945749208598
3904,26.53345296343447
3905,35.72035138745909
3906,55.89178306392718
3907,7.346454444385739
3908,15.821953858091414
3909,0.7382398222767665
3910,3.9870113050483376
3911,52.55253909778296
3912,30.445295222189777
3913,1027.188570387095
3914,31.727414882556104
3915,32.422780158044255
3916,43.05720318735369
3917,1048.0073250351652
3918,54.25780191093203
3919,7.848497195961441
3920,9.427848159411006
3921,3.546828621453623
3922,34.74846633966516
3923,44.19487396152646
3924,36.62495101232016
3925,34.37721630930486
3926,28.700440187436307
3927,15.098080893940946
3928,6.11663808990844
3929,9.672090976215713
3930,58.60730233975664
3931,56.215044736728636
3932,53.85286882418315
3933,44.92699435340339
3934,29.401849745084718
3935,20.0774485019005
3936,20.69974165190023
3937,27.67235405468026
3938,32.86120354950829
3939,8.48443837501376
3940,5.230859575837458
3941,150.6177752369169
3942,40.894850896189695
3943,48.4244358045195
3944,20.498378150925294
3945,58.62443120333902
3946,25.41396595891259
3947,47.663478299712885
3948,10.761448806634347
3949,1.1798436832931705
3950,3.8350598511521063
3951,56.76216313574847
3952,48.067908317565305
3953,59.682187835380084
3954,20.78110477551759
3955,24.744239875339485
3956,62.60523226964514
3957,4.97816377829227
3958,5.457927145780115
3959,1.3988175760469583
3960,6.544301995381174
3961,16.892840428485506
3962,24.29545478142623
3963,44.064875493612995
3964,20.5542151816054
3965,29.265341006132186
3966,24.49716662768463
3967,22.113958050001965
3968,29.612867317537678
3969,48.7371491291723
3970,46.30956343248761
3971,3.6951570856495723
3972,5.227398637118435
3973,15.021296655021542
3974,50.86127144762568
3975,53.35887190775345
3976,39.47887961438671
3977,18.188102066636283
3978,19.767273401011018
3979,29.172583268924264
3980,49.18454350944788
3981,49.97773164758443
3982,34.752174192599995
3983,3.8582938400361133
3984,14.456128532074642
3985,51.201548427990936
3986,21.1816501038969
3987,22.69510496456324
3988,25.94975648040733
3989,6.033170409918072
3990,4.661107213555394
3991,24.255669555100667
3992,17.375779170990242
3993,22.83710171701412
3994,10.781609969241456
3995,56.64250049854647
3996,34.10416445530734
3997,26.387503350924433
3998,19.308521316977956
3999,51.2998199730692
4000,5.363732752991245
4001,28.253854488653044
4002,50.39816499677174
4003,86.52077568757687
4004,27.439143431173843
4005,23.894426712752512
4006,20.024452176913467
4007,9.194544742027656
4008,11.057443354071284
4009,6.60216028043831
4010,0.20146666389927378
4011,17.960741947676212
4012,55.1894654541621
4013,67.16498243040967
4014,1069.4871891835394
4015,40.812116045165496
4016,10.86792181084995
4017,47.56190603023443
4018,54.27059558999768
4019,71.45033244694474
4020,23.106548150299716
4021,22.205262382676906
4022,40.197051522664594
4023,11.137602945938772
4024,1.7931635065774618
4025,10.84386338562767
4026,7.672322476643757
4027,3.339014692621887
4028,1.285156654909301
4029,13.629653010935007
4030,65.76855533371682
4031,17.671088819486744
4032,25.106983224201397
4033,33.14777789780388
4034,0.17862070082579118
4035,5.637469001306321
4036,1027.1454968451967
4037,67.34845645600497
4038,8.722149176669818
4039,6.401430510498426
4040,36.154939942855194
4041,40.72202383954566
4042,60.21723118672008
4043,30.700967063233893
4044,19.641362960339656
4045,15.997687939074515
4046,0.23293815051332575
4047,27.015886386764343
4048,41.68604268872434
4049,3.835069353131079
4050,5.71960443765077
4051,1072.2803685761428
4052,73.68909539816302
4053,46.79198361985689
4054,21.920171977327932
4055,22.203344836069444
4056,9.084946791277742
4057,21.11938083997685
4058,37.00605266079071
4059,43.64781862972101
4060,65.50431484212244
4061,78.04250219211448
4062,57.42749822164435
4063,35.481078303724196
4064,13.344111935613043
4065,6.841168655230012
4066,6.55098222224744
4067,5.713986550429757
4068,4.827692387348368
4069,62.18372091185518
4070,16.593096083349675
4071,6.783470857552739
4072,6.504985952752956
4073,5.367903082989391
4074,5.563977539823787
4075,34.78516934911014
4076,50.215925217625994
4077,77.07797884006429
4078,37.56640676251769
4079,17.846418048721947
4080,18.728125388167467
4081,28.32886207649537
4082,41.73392891799474
4083,67.53007815797169
4084,41.82012482470775
4085,18.81648830258301
4086,19.366547329405467
4087,32.67429976780975
4088,33.569547413112595
4089,1007.0917623019094
4090,25.83368845691433
4091,35.04751190268561
4092,149.54808457819107
4093,18.186081627874213
4094,25.112978313254928
4095,28.192235213679865
4096,23.459104655555656
4097,5.160414027271468
4098,3.8064069417669444
4099,3.7714914698782622
4100,45.135356562870214
4101,49.77097160813249
4102,54.52465150968867
4103,65.3082950150686
4104,46.63871956788067
4105,44.734299703313084
4106,26.755913194428896
4107,27.33924406167197
4108,17.413628373717764
4109,13.981263533387168
4110,23.285005124084158
4111,7.855299967011134
4112,3.6213082051727024
4113,3.9879713886476664
4114,51.18200232015598
4115,68.68619806957425
4116,38.627738381031506
4117,3.6195284072165306
4118,6.554489565898164
4119,4.062935776119428
4120,35.99262919912201
4121,43.45584558441498
4122,1039.7945882018466
4123,33.7237304934893
4124,14.450509113540724
4125,15.434275575751558
4126,23.508649860831696
4127,31.31698576216113
4128,27.294296559066375
4129,18.28476266076083
4130,23.584871844308676
4131,13.148584204374314
4132,5.568450073333831
4133,8.455907522833575
4134,6.187325808765379
4135,1.9663005176056123
4136,2.4744293096900183
4137,31.81625342043053
4138,1044.5206198912379
4139,60.70685147119994
4140,1080.7156127110402
4141,56.79602102155118
4142,47.631723191179354
4143,18.74307363300315
4144,47.65731867275701
4145,6.311202621331587
4146,50.07642865789889
4147,46.414963706490056
4148,49.786380699501
4149,45.632040972658565
4150,27.579678082584394
4151,21.026766839772844
4152,16.99393584042561
4153,17.658232189985007
4154,23.46426693957016
4155,6.335891007677109
4156,0.9723051170975188
4157,3.310765955862375
4158,42.695852829840966
4159,40.654837451745564
4160,27.353674809776155
4161,4.891524779934473
4162,0.1908543126214101
4163,51.72519167382248
4164,25.09203208979751
4165,24.988894369265548
4166,15.983384396830946
4167,22.71286548520911
4168,0.8657800662399366
4169,13.241542864541271
4170,17.07707775707672
4171,21.219920236060332
4172,14.798961234649262
4173,16.941071282392937
4174,24.89637743523014
4175,0.9948773934403058
4176,3.595216772690475
4177,4.289704869677872
4178,3.5286107841470327
4179,2.425315610660066
4180,24.333189723192323
4181,1020.0129019068243
4182,15.029051378309473
4183,23.08516686804995
4184,22.825754077922717
4185,22.906440867629094
4186,2.2512983898500294
4187,22.640272553304108
4188,18.1835742975007
4189,61.30388505734531
4190,17.37757892420049
4191,3.770884527345142
4192,8.709694705972808
4193,5.884950727421812
4194,24.779081072019878
4195,28.48614537197871
4196,17.492574399752417
4197,3.6734853099633487
4198,10.68786656387438
4199,11.997247153388878
4200,2.8465172657799
4201,3.6852559279161867
4202,6.3430148029228945
4203,6.355709237342415
4204,4.096881976629588
4205,10.660214179887461
4206,11.666408588798276
4207,1026.428503849388
4208,33.116397835621434
4209,28.066019699035557
4210,16.609144932157633
4211,3.3024551117284844
4212,6.047797251709945
4213,7.509547332422715
4214,44.12003841446926
4215,6.605368374360778
4216,4.759463014613832
4217,6.590842110353848
4218,1035.2393877030183
4219,1020.579992855688
4220,40.95321309716831
4221,43.361285226795225
4222,47.92911256513051
4223,31.040487017861047
4224,2.9687548727086877
4225,1.9985836789581528
4226,58.655880911559834
4227,34.70926946755917
4228,40.634237799401554
4229,2.1809584204237082
4230,5.721429932011436
4231,5.453505114400586
4232,4.56113398768519
4233,29.750586988213943
4234,24.20634677219657
4235,46.718195015408
4236,58.061528572719325
4237,36.01461106618489
4238,18.505973379747676
4239,16.955502648072194
4240,1.8592892890056705
4241,0.493752675930326
4242,5.347869003821945
4243,5.246832712621774
4244,38.99300663550175
4245,27.622236066568004
4246,16.837258069428295
4247,45.38694891694171
4248,41.8614065016735
4249,39.78920461164384
4250,0.43294660307973865
4251,4.443216180983896
4252,2.7248454489211653
4253,0.06887792744074787
4254,5.680704654995467
4255,18.28250655710305
4256,48.16762764868478
4257,40.32920542165708
4258,32.415447565679344
4259,5.362252114056526
4260,5.610589155937911
4261,8.54167390667756
4262,7.166657367800316
4263,17.694175872537933
4264,21.528152811842777
4265,28.309768982995188
4266,29.032590899954734
4267,21.39198801577796
4268,40.84567353632302
4269,47.32156140058379
4270,16.501672982582377
4271,3.450523988549124
4272,11.481827175772324
4273,60.384010732533234
4274,0.3038882999146597
4275,4.250756526903184
4276,6.258085713056647
4277,7.664318473326443
4278,7.337982766646929
4279,45.36531243081471
4280,9.47391147218046
4281,7.601289325606988
4282,22.17260932942591
4283,28.720306288067388
4284,25.89301878326405
4285,55.35286302119977
4286,10.940343027321852
4287,4.5158376196589005
4288,3.7783610218162207
4289,4.164877347892485
4290,24.850277627690822
4291,79.64247737769978
4292,84.20356895405239
4293,3.2257431061756536
4294,8.269965806222238
4295,33.535986631611195
4296,19.954441067293587
4297,35.02288478024234
4298,46.978865185798156
4299,77.64851504471446
4300,34.13593243198806
4301,55.390255788714235
4302,30.933788700745815
4303,16.460120685733116
4304,8.330559260707137
4305,16.716150596287534
4306,3.682919656822122
4307,0.17304382058699147
4308,22.905399595297663
4309,10.930660298828396
4310,1.136868938160776
4311,87.22106283546677
4312,11.005229945515534
4313,1.300349007529886
4314,10.811349405786585
4315,7.112057840202679
4316,66.23199316418997
4317,9.59988813482728
4318,2.7421620506522086
4319,5.127447437027934
4320,47.3978649430522
4321,58.76567733295403
4322,15.790607315839265
4323,14.092674950239038
4324,0.3607441690217835
4325,45.69512278914142
4326,14.21962273470214
4327,1.762387014519803
4328,6.749976877424517
4329,28.730930760757666
4330,43.08121358006212
4331,41.26527479397371
4332,2.773012708962814
4333,24.78411085481608
4334,26.24863820613196
4335,33.050268845033585
4336,77.519934256293
4337,43.36614759813161
4338,43.022754673408684
4339,1.1879623606903067
4340,4.072950740255502
4341,4.504415555675356
4342,10.392606325105653
4343,43.106781287375966
4344,44.8283451116773
4345,5.909465197907129
4346,33.05692441882331
4347,1049.9606524843223
4348,42.637892935516355
4349,36.11775835686879
4350,1.7099195465407795
4351,2.823336816769598
4352,2.4749752991338525
4353,5.110623288171254
4354,41.86152908970828
4355,44.95448530768084
4356,20.303425337942844
4357,2.66796957372334
4358,17.881414842942196
4359,22.639693594637414
4360,1052.6396308502144
4361,40.276416550826106
4362,1.9371822488110713
4363,4.787044038849144
4364,3.302706019145021
4365,39.69938270101666
4366,38.2095731169951
4367,12.907845146675818
4368,1.631193332992153
4369,18.89723568839268
4370,4.328303671911197
4371,0.9254317917288805
4372,3.48747700410796
4373,11.456622059688893
4374,1036.9667549651379
4375,2.4293654556848527
4376,3.300680296491659
4377,4.283924199688909
4378,25.89488797870026
4379,2.3743146449754167
4380,28.69153581215461
4381,5.321448704452217
4382,2.0779636608035914
4383,12.072855474782534
4384,22.241988195308586
4385,0.22477089637590292
4386,2.1637444230978584
4387,2.3534017331740045
4388,24.224609833613822
4389,10.377828402208774
4390,0.2065748481085601
4391,22.1892338897498
4392,0.9526205424675322
4393,1.317625371905228
4394,0.20647758397498878
4395,23.734292284226683
4396,19.088009382342946
4397,20.962122310185244
4398,22.49421825713869
4399,26.08363923686355
4400,26.463186036254367
4401,48.24692549945224
4402,8.354629490437047
4403,8.46291257500983
4404,21.251845754279934
4405,9.284607957229717
4406,22.713386474233964
4407,19.48412613247688
4408,5.822611780210089
4409,7.4916360944550116
4410,4.8555052143260085
4411,44.59107566267207
4412,33.05670023049055
4413,13.624024775330678
4414,1.470227992092506
4415,0.3275651179871812
4416,5.096144067769773
4417,12.564717208501776
4418,0.9695865953929601
4419,6.617384779242615
4420,0.2281026533013123
4421,9.972225063825043
4422,4.363714483878633
4423,2.174622701455243
4424,13.468583537559978
4425,4.735648534216285
4426,30.042767398591987
4427,19.203051135128277
4428,15.553641871537504
4429,9.423974186542992
4430,1.5196402118004901
4431,1001.2295790797737
4432,1.9666133765353206
4433,1009.6119003190544
4434,22.80419570662861
4435,22.87735086795233
4436,2.185088239362085
4437,4.296432372693575
4438,12.800945410518464
4439,18.61098385723589
4440,22.3686536141684
4441,8.094700979322964
4442,5.428503049947281
4443,10.02808587340288
4444,3.9448204103311175
4445,0.8017256012607819
4446,0.7389129234371672
4447,22.6333751192449
4448,8.697445106613172
4449,1.6721268604872181
4450,0.7683952554253327
4451,11.856161796089053
4452,18.74930366884833
4453,7.141812639643229
4454,2.308375951627911
4455,9.30350179784985
4456,17.870785956762262
4457,6.634489231087139
4458,3.23773979572416
4459,1.1132180937662084
4460,0.6466884158786558
4461,0.40232523452875846
4462,21.507227272063698
4463,18.236666519109306
4464,3.1024340639357755
4465,16.99337319314124
4466,4.853225429574924
4467,10.707813788960422
4468,1.582086549007016
4469,1.1923783221509054
4470,10.41768230102549
4471,2.620271789928438
4472,5.180375652593946
4473,12.8994950069366
4474,12.556561765748206
4475,3.481990602043428
4476,2.339167085165761
4477,4.6968995034326495
4478,4.551830326927932
4479,1.4389667754641928
4480,8.204542883165303
4481,4.625004710569859
4482,1.8707192782581896
4483,4.251687891421169
4484,10.196036910925882
4485,10.971927281785105
4486,0.09595604324507818
4487,6.5194722717900175
4488,2.539734587640809
4489,8.26763038768622
4490,8.126670251998322
4491,8.261395913617783
4492,0.07878249781423835
4493,3.893330861245465
4494,53.43693302162428
4495,15.899502189584998
4496,5.723287213015976
4497,2.6227731489613886
4498,0.11507350059688708
4499,11.429596675430965
4500,3.64829868945136
4501,6.789016400260936
4502,8.021109074125324
4503,6.291377469772204
4504,4.71358721000716
4505,0.18010943097407228
4506,3.3824745232536717
4507,0.13701504707175338
4508,0.07674077996934928
4509,0.26993999891610937
4510,7.349224174213452
4511,4.164521945916869
4512,3.3426854248525624
4513,9.279932621489824
4514,11.411581741241699
4515,3.1045990567645503
4516,7.998646883757589
4517,3.1515915708935025
4518,7.510472925503843
4519,6.2932659411852825
4520,7.271097862078437
4521,0.16906834450759722
4522,3.047240476302586
4523,15.81861500828144
4524,4.664695478171879
4525,0.1464293343584226
4526,7.204512547038049
4527,8.26393440358496
4528,7.587953056618648
4529,10.008412321367597
4530,0.20342401654530387
4531,11.866762454514875
4532,10.252237439005375
4533,7.41171678902619
4534,47.95527961220111
4535,1019.5216192782514
4536,2.852318586942834
4537,3.1489870520198373
4538,2.711188940634405
4539,6.168025611867633
4540,5.006170666149246
4541,5.8501767350526706
4542,10.259486821065389
4543,6.619566901323428
4544,4.9920125483785975
4545,5.102516458979267
4546,9.274754757676348
4547,11.563355317081095
4548,5.90580418991553
4549,3.6207455535100297
4550,6.184570880577069
4551,6.88381610986687
4552,6.449560229007745
4553,6.13722121143279
4554,0.12821267777191364
4555,7.04653837039355
4556,6.537418955676627
4557,2.8249068836908235
4558,4.518727651686291
4559,6.713694917952703
4560,5.38328141090902
4561,7.958512257597639
4562,4.470700379391784
4563,0.042206608819894256
4564,6.087467658584509
4565,16.21883401993747
4566,3.3876799545389162
4567,6.413818271755906
4568,6.450410642943506
4569,1.0901547717437485
4570,0.20604918816884618
4571,2.1128730916127427
4572,8.344596897879569
4573,1.0427114921153846
4574,1.041953882250636
4575,0.9172691010101292
4576,4.484378465127601
4577,0.08073001177488597
4578,0.18136590662552865
4579,0.17636953798796262
4580,0.8525672178718671
4581,0.10604402519826917
4582,0.6674526370757741
4583,0.07483295515393544
4584,6.434965098763162
4585,5.574903945948362
4586,0.09125719071530478
4587,7.3372573010441995
4588,10.851424042930686
4589,0.08968575542046207
4590,0.13169853916435037
4591,10.506919464091377
4592,14.644163229562553
4593,7.308094150514964
4594,3.0125471425769086
4595,9.704401974210068
4596,4.675894176924735
4597,0.19050598515155884
4598,5.193458745192174
4599,10.019111395097086
4600,12.745640568433425
4601,7.619036208595078
4602,8.446942123865501
4603,13.162983129186612
4604,13.05226134349786
4605,7.3909477053868295
4606,12.234624649708094
4607,7.313869351950667
4608,6.878954414946704
4609,7.922110963954552
4610,12.75085700440722
4611,10.041779905070891
4612,15.956851972714851
4613,4.093586574280636
4614,14.460574929931152
4615,6.5128091582063785
4616,11.689106085833503
4617,11.279559539050659
4618,0.20578016973023833
4619,16.603037165906684
4620,8.110294208204367
4621,14.186854508199941
4622,17.13006198056355
4623,10.527852585630004
4624,11.28967551194883
4625,18.668396791481058
4626,17.209572692654493
4627,12.789437328062935
4628,0.13407284826546226
4629,7.0167087823448995
4630,6.726447516920512
4631,9.165216156234369
4632,9.368274660531828
4633,8.585158759364262
4634,13.39006314913126
4635,12.537758718905724
4636,6.870038898737488
4637,10.32631212121913
4638,13.962322925018661
4639,10.978597221391055
4640,8.044272716038696
4641,29.859517610322367
4642,13.336975921129394
4643,18.005446837440655
4644,17.28905208428182
4645,15.046579826126743
4646,17.37247877372816
4647,24.692646739972442
4648,25.17587729132492
4649,16.619779223444034
4650,18.61697902379225
4651,15.229583047999814
4652,0.13795575847976932
4653,14.563285833931843
4654,14.406525685480231
4655,13.074206180932904
4656,15.642929952355045
4657,27.296841088477624
4658,22.314106157458507
4659,15.727412289683883
4660,20.532163065744832
4661,14.540053495056265
4662,16.101562327007933
4663,24.22237489568821
4664,12.337753687527073
4665,1021.6453388388813
4666,16.461102481464373
4667,3.3087268206982947
4668,9.98544132118094
4669,11.489417142620695
4670,1.85363714625327
4671,15.453702728135394
4672,5.3085976382823015
4673,7.900210553228195
4674,3.4507066153297212
4675,4.979541942561036
4676,2.996237776359311
4677,0.15094434310884347
4678,3.6079376200132325
4679,4.322760636413399
4680,33.82576224624277
4681,0.36194190366140866
4682,6.705895216777861
4683,4.497682343521939
4684,0.44437882280827623
4685,5.238549489977703
4686,21.696119069142856
4687,6.165581302347664
4688,4.86705568380091
4689,5.111407927232938
4690,5.245491803656304
4691,12.202667338087782
4692,2.783290336918479
4693,2.397026138174745
4694,3.3293974536013953
4695,2.4778468256536343
4696,0.18353154376543374
4697,9.871568935308344
4698,2.2219457593295098
4699,45.56644831381901
4700,13.729496916581963
4701,1.4854083815151937
4702,5.4424321545057195
4703,2.301405462452761
4704,0.8836278330212128
4705,1.067190713738302
4706,0.8098030951501324
4707,3.5061592442720437
4708,11.080247536070525
4709,4.199607305103133
4710,5.2824905172969165
4711,2.0296675838095943
4712,6.858795880107111
4713,15.732053189325525
4714,6.858625755697071
4715,2.770065852645709
4716,7.026981174982206
4717,3.2052573864369025
4718,16.91675746828759
4719,2.4338168841440306
4720,19.045445309978675
4721,17.25198252635795
4722,4.284429165059369
4723,25.7796692894447
4724,12.979081426640896
4725,10.465749548719387
4726,9.600897940856303
4727,9.778351507245478
4728,8.936581655830647
4729,10.607704899904702
4730,10.056053344573069
4731,10.717041648453533
4732,8.67803057256797
4733,9.279751069579993
4734,27.403635040946444
4735,7.762769032868165
4736,27.89211267670608
4737,22.100431013366663
4738,48.24711101839813
4739,21.958366425276765
4740,18.082319664100456
4741,8.636487574101569
4742,33.09188920433605
4743,75.06022879713156
4744,46.34946327391349
4745,55.69657872014457
4746,50.042185225171785
4747,36.944337400186264
4748,81.83696217583335
4749,1045.3233363419172
4750,0.19443753558225801
4751,22.820956746663157
4752,33.476433332807
4753,29.981876893615993
4754,30.032863268523563
4755,34.305884746324416
4756,13.135033369834717
4757,15.264407091109886
4758,14.773104177378439
4759,4.684475037325261
4760,3.3282683879960904
4761,0.7276837426319284
4762,0.42584589426604275
4763,9.521338166286828
4764,14.8505350797225
4765,10.18072172352595
4766,4.780031731630062
4767,2.7999429790583275
4768,30.811209301793497
4769,24.860550635385515
4770,1.947497712584557
4771,15.792378750335272
4772,15.223485971656139
4773,17.104074306233063
4774,5.833752974800029
4775,1020.7602551287906
4776,1022.2815870551269
4777,5.236760304954777
4778,4.2583294937522
4779,59.852963526253426
4780,6.62733737130912
4781,3.5194884941184523
4782,11.104681023528695
4783,24.41794839425899
4784,10.118052805678412
4785,11.754711839380871
4786,26.3790396049796
4787,8.759380887576752
4788,10.22152580419689
4789,13.475524399950915
4790,31.094554878765315
4791,19.107282083981264
4792,17.817207379823778
4793,28.533128180178664
4794,10.493613823101084
4795,20.525420914263147
4796,38.25444731413931
4797,28.033666037672667
4798,19.974871725736932
4799,5.789807516889087
4800,22.502603967379148
4801,17.897138354618292
4802,479.7849357964574
4803,22.534413206547892
4804,5.097565745988199
4805,5.368389019652493
4806,18.17096565248049
4807,21.944061576204366
4808,11.960655630788247
4809,6.172261142646437
4810,28.233159550395076
4811,8.216964831382947
4812,18.76620439617762
4813,17.877285637760416
4814,0.05348014947121559
4815,0.6581209227626563
4816,17.400889099878434
4817,16.295644259156106
4818,17.15755537516398
4819,14.876495956427089
4820,1008.109804261168
4821,10.533462493907242
4822,16.88542099388227
4823,14.537931542453379
4824,14.156672265849418
4825,18.089091805968913
4826,10.34251541505424
4827,12.831668100404476
4828,23.871413688261374
4829,22.446063120622878
4830,8.230844282573026
4831,14.862309301840947
4832,14.92840424906176
4833,15.332368676135205
4834,9.146394371328954
4835,13.299521697349288
4836,1.7363692560740382
4837,1.745713891812422
4838,4.807119220064702
4839,23.467996499420348
4840,11.126582260062131
4841,12.6531875168349
4842,16.084459556267518
4843,11.410452672620195
4844,4.822248936411664
4845,5.249695402231006
4846,23.726658363047914
4847,4.817034119900244
4848,19.372438463926283
4849,18.95939835173115
4850,11.086471011577427
4851,1.0526352374802026
4852,21.658656691222937
4853,1018.8379696110808
4854,14.823545378951122
4855,23.910657868858472
4856,19.90193543726072
4857,25.861756799230808
4858,40.13722394229672
4859,19.207193533062316
4860,3.1820604405943915
4861,19.194489656695566
4862,22.310753393561818
4863,36.96589251481865
4864,1007.1547633274553
4865,18.67994122845856
4866,28.262929948278284
4867,15.461271154965306
4868,22.949076905605146
4869,10.073998555138182
4870,27.90885253900086
4871,26.618667042907678
4872,14.666651197005459
4873,13.863609743705693
4874,12.187680352362667
4875,12.868785701172722
4876,21.569752280411578
4877,11.600025121307779
4878,24.03541921816831
4879,19.554245571201722
4880,1.2340924569921232
4881,9.790696201467103
4882,8.379952627334427
4883,0.8689989412082189
4884,10.204099772597807
4885,9.269628599908568
4886,4.879754832933661
4887,17.45195762056081
4888,107.48192327614814
4889,10.624067990360027
4890,10.274172014151807
4891,5.639845499144643
4892,0.19263904839239682
4893,18.069244391454216
4894,47.34540610134834
4895,8.358991346684443
4896,64.14707205057609
4897,10.62877303125581
4898,6.909276233980966
4899,1050.5048379383034
4900,45.751158334015926
4901,39.1681038383991
4902,6.113358457748287
4903,4.142054018615123
4904,62.44758984220759
4905,55.955011794575135
4906,47.590484455809154
4907,14.6796410077328
4908,6.172795873036459
4909,6.814106148337767
4910,19.271451479281232
4911,95.58880888394883
4912,71.60070028946997
4913,9.36470046453962
4914,1086.624291058662
4915,73.7338265724862
4916,74.41548626402341
4917,8.65587439411299
4918,4.691642003427861
4919,4.300372644500309
4920,4.471217884668448
4921,27.588209456823265
4922,111.24798904647962
4923,44.64642277597639
4924,69.0138640713749
4925,38.63004950728449
4926,35.481093405158056
4927,57.798620476795996
4928,22.253978934219667
4929,2.766937043824149
4930,1.182464177927308
4931,10.591114929986173
4932,21.357212547565027
4933,127.58043281833085
4934,3602.0660817561234
4935,2.5288583824768267
4936,46.68187288182438
4937,2.1510106800044047
4938,4.482375340199978
4939,61.61665368797001
4940,17.735618226940346
4941,6.550975540286831
4942,52.10275879542734
4943,12.026434541822345
4944,6.988747744601221
4945,8.651650136423065
4946,72.84364589289548
4947,58.21137377045059
4948,46.01499045355261
4949,8.652980820820304
4950,3.298880219198978
4951,14.933428503470791
4952,4.25880299968049
4953,6.628363289499716
4954,4.794083530376329
4955,4.679213070592246
4956,20.91730970240894
4957,21.288440642222373
4958,23.549240229340445
4959,14.4064546122777
4960,5.3220748588973175
4961,3.9351112672650226
4962,3.2247385045410493
4963,1019.6795995481235
4964,29.92223849885166
4965,6.598620926289365
4966,6.509205329112007
4967,3.6386661374394866
4968,3.2671294720096546
4969,16.842524631001222
4970,19.538383981935205
4971,5.556160310529645
4972,2.64403446428435
4973,2.0974626977227793
4974,15.949869556380081
4975,20.762538586286247
4976,15.401302588283192
4977,12.169054222901643
4978,12.187042412517144
4979,12.939396735736038
4980,13.368518968175445
4981,26.56122914325401
4982,8.089064145025118
4983,12.87360632747058
4984,4.308267420597508
4985,12.663998217307375
4986,16.49909435912798
4987,4.371180005823908
4988,6.611162837566655
4989,3.1323941405468747
4990,15.78488193012137
4991,10.746434846087666
4992,11.133730826035768
4993,10.87065303253675
4994,8.454591420228505
4995,14.17384939165557
4996,12.497175898380359
4997,11.082742756355048
4998,8.665271812657489
4999,11.939122824634588
5000,10.253166672221212
