object_id,npl_prox
1,0.018138628335345547
2,0.08258555494917365
3,0.01274020975589724
4,0.01268633416967201
5,0.013267708128149813
6,0.030786451698857697
7,0.04294651833802014
8,0.015889907204524437
9,0.01355117901045819
10,0.08965921440492962
11,0.02721513985507937
12,0.08161627628419417
13,0.025951552669561413
14,0.0307719847308012
15,0.025279940592553354
16,0.024682724062522195
17,0.026199127625485184
18,0.02497730963974355
19,0.024101684130547422
20,0.019339439878145754
21,0.019830390201656937
22,0.019401075291495904
23,0.02652259468994821
24,0.019417849755401815
25,0.019210524602407172
26,0.01926418599210836
27,0.021178925482312694
28,0.05374524159086594
29,0.06295077422403256
30,0.12560080046293734
31,0.14405467841585554
32,0.069273372696238
33,0.06196090728731171
34,0.014955466613520138
35,0.013630798775807673
36,0.24323637679482493
37,0.014961081559352532
38,0.3919046261687525
39,0.06195281496027224
40,0.13487190799978438
41,0.1006864904330345
42,0.09348182507212309
43,0.014585247749941316
44,0.19925308607626455
45,0.15840720687660503
46,0.12099465586050971
47,0.11067588956540478
48,0.05699248620453992
49,0.05046081592732587
50,0.05812148759391014
51,0.008045005442464694
52,0.04081854675647921
53,0.03957074257161671
54,0.03143633228201937
55,0.03470660406176266
56,0.0116323285180377
57,0.007815696492000718
58,0.011660084193991973
59,0.011643590795471049
60,0.009777584180176413
61,0.02585582502490868
62,0.02047270872273716
63,0.013627984217826223
64,0.013675256449958447
65,0.01373997568288424
66,0.020634070475645215
67,0.023887658377586576
68,0.024022883730987387
69,0.012896273207857837
70,0.028841316300372018
71,0.02378896955125795
72,0.016010381344594034
73,0.02968644914476721
74,0.023634102390895317
75,0.025390555668881737
76,0.023938388051476703
77,0.030479505323085365
78,0.025987722727369073
79,0.031008950109249693
80,0.024320129915272295
81,0.026523427532952334
82,0.024508294369902973
83,0.027747357310371992
84,0.020397227608716508
85,0.02803835368934519
86,0.01656464844259311
87,0.026976675077333666
88,0.017727418196118477
89,0.040873448011036644
90,0.018252610583576894
91,0.16743638324272905
92,0.17126186610154642
93,0.20593682285985404
94,0.22922810732674537
95,0.23037861138849075
96,0.2312602491360839
97,0.4383445117670809
98,0.015800191310444984
99,0.01594895058385361
100,0.028701072993300835
101,0.028034132424234238
102,0.02943021131689895
103,0.044990918937903177
104,0.03783271325838196
105,0.06570172049488149
106,0.023247850201017176
107,0.060213011952797456
108,0.05883577053030123
109,0.034784031206124444
110,0.021717837200466827
111,0.04189929297499176
112,0.08883590558458064
113,0.04722318922607137
114,0.05640460237727948
115,0.15560782391438027
116,0.14993289632589465
117,0.03345715528901828
118,0.07182027453427224
119,0.16868312965565802
120,0.04909627555959326
121,0.1281436124541102
122,0.0979199358798024
123,0.26606723452126446
124,0.1385642358223409
125,0.026244778602493166
126,0.16277375916763556
127,0.029396211377640938
128,0.18123665460542115
129,0.09228481507035938
130,0.09059114232309153
131,0.38207111589814097
132,0.42328717240021935
133,0.026549309790463355
134,0.02675388026868213
135,0.026218277193226187
136,0.026319323431049996
137,0.7458486199362249
138,0.07084305151456605
139,0.025681816034005624
140,0.025313988006824224
141,0.024450024232092388
142,0.02530176697835742
143,0.07978477142907826
144,0.06421484832191562
145,0.0694197817650429
146,0.06850552283036239
147,0.023890299588284227
148,0.02380921902771457
149,0.024231503954610926
150,0.024347784391171266
151,0.037181785755182696
152,0.03978108340122121
153,0.01919708412327761
154,0.1281708371289961
155,0.029914619770737956
156,0.035328687977875306
157,0.02969210566425548
158,0.029026067389461646
159,0.09320062697799654
160,0.03438478162586976
161,0.03498094763437349
162,0.03904754816820498
163,0.03895386505680939
164,0.040077369965486394
165,0.03680547176328965
166,0.04126090305900061
167,0.028526699929997505
168,0.04285348396202206
169,0.044465924736294286
170,0.043658951815143475
171,0.04702068959697536
172,0.046230861200187594
173,0.04743538342067409
174,0.04879896600965119
175,0.04712418952043688
176,0.04922196417216358
177,0.028276038868491015
178,0.05688087056277889
179,0.06932842121612717
180,0.06903606664571132
181,0.058800129181301584
182,0.07319513740311596
183,0.06786674051357247
184,0.0633418977416692
185,0.0803460317161686
186,0.0800731652336444
187,0.06495260627140122
188,0.08095374564166377
189,0.0666473385676256
190,0.08298949188574715
191,0.06470524589156146
192,0.06753845266939222
193,0.07524934184211492
194,0.08057168419461841
195,0.08762726539177054
196,0.07499803723665001
197,0.07254806566103371
198,0.0210604881020297
199,0.07579450403390424
200,0.08026775834093969
201,0.08679002597195956
202,0.07330680714200306
203,0.08925167606390282
204,0.091566901394588
205,0.08104689156519976
206,0.08343378437179737
207,0.0945754025223008
208,0.07816064776493199
209,0.08557896965193845
210,0.0303509522048671
211,0.08656095313771131
212,0.09326332075712794
213,0.10184870665336551
214,0.060031412952983906
215,0.144714388146575
216,0.030601061040676454
217,0.1577502325419769
218,0.13906636687323898
219,0.023478900013987867
220,0.16035008270987197
221,0.12143703699970493
222,0.08767467843725163
223,0.09940375922456393
224,0.08938717332729625
225,0.09360814798405151
226,0.11813049679430054
227,0.131796902411147
228,0.22433016201088685
229,0.09336769647443874
230,0.13521061218579364
231,0.2370269230472726
232,0.21207183289561232
233,0.14281698107723703
234,0.12965190696623038
235,0.12710364212217226
236,0.03406565007510119
237,0.067085408523022
238,0.2633901093980701
239,0.06174947169161834
240,0.2042851098106636
241,0.1709231585752832
242,0.05691700714421368
243,0.05208231525979846
244,0.03035548618813073
245,0.08191275483741875
246,0.08521696203849081
247,0.20178655518049166
248,0.15351225734747162
249,0.16743136789406898
250,0.23911999507232456
251,0.08588457099860038
252,0.03502074045757231
253,0.09369497111056532
254,0.14209928347556883
255,0.0637072114831954
256,0.060117311573754245
257,0.03339258334887216
258,0.08632265478515151
259,0.09004551426190323
260,0.6306350198500592
261,0.12633915122695433
262,0.23402028964608862
263,0.06707365901629617
264,0.06757034862713167
265,0.0865784887336628
266,0.10131898425310619
267,0.5354702687479578
268,0.295176258328024
269,0.167782419051426
270,0.23007997563291102
271,0.06955241542283196
272,0.07505619942053914
273,0.384168204710896
274,0.23342940145077481
275,0.07333270286979603
276,0.09071358529014746
277,0.09941193567215519
278,0.5493882769251058
279,0.11029828725332766
280,1.2383749775467618
281,0.7805017764695716
282,0.36855827248769957
283,0.18375696255204083
284,0.2393084730611563
285,0.1907249959619333
286,0.5938070485158353
287,0.08808778106767316
288,0.2215604441699709
289,0.13256632078443037
290,0.1772929559406299
291,0.15462496701699485
292,1.124989917979147
293,0.26985782653021845
294,0.09074752825638287
295,0.07371960647850857
296,0.15448997784169838
297,0.1890944344717634
298,0.08715797706244179
299,0.07544519583448843
300,0.07969489564853696
301,0.08975831285662887
302,0.20713855589501662
303,0.2123964027904234
304,0.3292530844781605
305,0.326667151022449
306,0.19894296198643485
307,0.0781917423381914
308,0.1307142382661392
309,0.20129142951076143
310,0.0983031587455272
311,0.17045849685729697
312,0.24632734986206029
313,0.2427701505245459
314,0.20606431355976437
315,0.18310944656721767
316,0.17015462314262195
317,0.15863485354579082
318,0.21357747011701467
319,0.2185697000283162
320,0.0848167562375773
321,0.18525739474421735
322,0.08852775800877831
323,0.1245174165938702
324,0.16218062338299455
325,0.1616484127266893
326,0.2440117953397153
327,0.10730069371909597
328,0.1436438884616889
329,0.15161979358356453
330,0.18563664826723433
331,0.14814195027671023
332,0.29093611153213045
333,0.06911380140642845
334,0.07431153135314832
335,0.09375276620830676
336,0.3324355605783491
337,0.0943992829020116
338,0.14415325293862644
339,0.09622743731675168
340,0.48064917401855717
341,0.02154322677658799
342,0.15670060141609207
343,0.4920889772245615
344,0.11019738035074926
345,0.1656686433691859
346,0.019904190384495472
347,0.3217985916537545
348,1.0878846592960272
349,0.9176982361814191
350,0.0880980187252471
351,0.7073421526052842
352,0.020814356377567567
353,0.11525674093122285
354,0.17551219333886206
355,0.10744559447064783
356,0.10987112889005725
357,0.13603865457906683
358,0.10683308206056365
359,0.36295553991277235
360,0.12172270679815939
361,0.019774051720999417
362,0.19496875765607047
363,0.28792940171630294
364,0.3090011412212974
365,0.4487943483867792
366,0.08537821913668724
367,0.10641010679065253
368,0.07691290759689014
369,0.38006252763819476
370,0.406734516333092
371,0.7528648780263181
372,0.1603338337193572
373,0.7430805537838595
374,0.2153700909268252
375,0.21458792575457697
376,0.15600774427500258
377,0.4182887300422219
378,0.1937223903222582
379,0.22426440164474207
380,0.11501091638802781
381,0.2056966818535673
382,0.090240802836508
383,0.10379996166530703
384,0.14463917802588477
385,0.08782475379585936
386,0.1301104117569647
387,0.20892377914943
388,0.05162677190471275
389,0.16678994006938214
390,0.05455718811634993
391,0.05305470594922718
392,0.10644242107688752
393,0.1339615706756143
394,0.018422254736494073
395,0.18505234223481146
396,0.44848490973932603
397,0.018331483692156626
398,0.018733499707771967
399,0.1358621599797057
400,0.08910919520936386
401,0.1265753772356485
402,0.12911707730626695
403,0.25305552620835314
404,0.06107766029604858
405,0.018817714003150927
406,0.1276210736458198
407,0.18624591974811136
408,0.11914750131260253
409,0.12598757279241418
410,0.059638235974211674
411,0.3037490338019193
412,0.0824402649760739
413,0.26163278775375354
414,0.0901690949817306
415,0.2547629990075406
416,0.10588046550592128
417,0.20560318111284395
418,0.21549655747570987
419,0.09004370815732088
420,0.13948041015284957
421,0.06812492518131104
422,0.01645215236748951
423,0.017439235921976673
424,0.19529994499725595
425,0.20735049584256415
426,0.1517952833200945
427,0.1810354238328107
428,0.017250573476857028
429,0.18039870811694278
430,0.12191026795889066
431,0.11420208577317555
432,0.017121672950235662
433,0.017156597728496484
434,0.14543371205866865
435,0.016773476197684836
436,0.15727789419210642
437,0.016779761514708717
438,0.13139714884573114
439,0.016660780141175474
440,0.1433854794287381
441,0.14074968293905762
442,0.01660103235667704
443,0.12036833029506301
444,0.10313539412510603
445,0.11553153486767774
446,0.016533502820868427
447,0.11073930093462227
448,0.12153764651796747
449,0.016284091377624186
450,0.01635131234533171
451,0.09250016036076822
452,0.01562280554317928
453,0.016267799494299708
454,0.10874120035025966
455,0.016052828173076916
456,0.10103163895447835
457,0.0974123623529212
458,0.1025314934112168
459,0.09258787159192552
460,0.09900860937194256
461,0.01599248497859817
462,0.08947307593650852
463,0.09377628096085286
464,0.014634907320223541
465,0.015756758877267865
466,0.015792686404253752
467,0.015771755106775896
468,0.07808902292619654
469,0.015582857686652872
470,0.01558883984116717
471,0.015693892355094646
472,0.015069412735052048
473,0.015827316276302097
474,0.060414720912656455
475,0.01667946842010857
476,0.069514620853938
477,0.07364763502059937
478,0.015780850614188716
479,0.025585908342262632
480,0.08089326089948956
481,0.01626522650878052
482,0.06767283383425031
483,0.07227589120393005
484,0.07306614282553886
485,0.017660945926951808
486,0.07380897113259086
487,0.06727520240091575
488,0.06703984055846225
489,0.04987870376121204
490,0.07570968929883158
491,0.01762717715882896
492,0.07797006165848189
493,0.08503157654200645
494,0.014395617388090436
495,0.016556384845620352
496,0.01817776717947654
497,0.09368863614060878
498,0.09374907617234826
499,0.08694296631872164
500,0.01754419885728171
501,0.08561198465973606
502,0.09645407528371326
503,0.07965404838453613
504,0.016553564811031634
505,0.040856972989070796
506,0.01656773265773825
507,0.10887046172404444
508,0.015820889586492085
509,0.9709946187972277
510,0.11730653296369796
511,0.1181812862356776
512,0.01816898126352218
513,0.018294608723840707
514,0.018128094018760515
515,0.1342659481621928
516,0.018654743731897152
517,0.1551769730739351
518,0.030014239794678793
519,0.01883809362445242
520,0.16378141169434804
521,0.022070968498327605
522,0.022277927818399153
523,0.02896133618795403
524,0.05716646505458635
525,0.03267865622284005
526,0.023077767272213053
527,0.03224059057088601
528,0.09783047823849196
529,0.02399270113564256
530,0.03208894007369229
531,0.0350891168958383
532,0.03514256408389118
533,0.17670471536457774
534,0.7857872903309123
535,0.020076011007684608
536,0.021535008698462314
537,0.02189717794198894
538,0.16832340899265846
539,0.029348349144378876
540,0.022480932078136794
541,0.023286397174412547
542,0.10074306533547321
543,0.03234690741077939
544,0.03110323435931209
545,0.09941864818695308
546,0.022798051683356996
547,0.0821340603246334
548,0.16283687109481296
549,0.045674081642447975
550,0.025227897606264624
551,0.023315997137640543
552,0.02407586582420181
553,0.03263439813530663
554,0.024846181533097797
555,0.052536295491069786
556,0.01574486529522983
557,0.03548321438780186
558,0.03710020651680296
559,0.03846338551690189
560,0.03982914256528972
561,0.04532910492018634
562,0.041718888751056345
563,0.026505867604249018
564,0.04653488783340212
565,0.04639792314280669
566,0.047461192782836614
567,0.027023664969358208
568,0.04190573364599827
569,0.04757853304470475
570,0.04727525316248853
571,0.04899893952356752
572,0.049544304179818505
573,0.04878260240690166
574,0.048666121104860155
575,0.0326957823657969
576,0.04262896030658805
577,0.04758354857047192
578,0.0325726356540655
579,0.033934078966805066
580,0.05280519243347085
581,0.05380020225356957
582,0.032331375229306195
583,0.034062302745908386
584,0.036503685072322024
585,0.05655642058536615
586,0.03396394043958803
587,0.03481001509507138
588,0.03613030628639639
589,0.04991360652030988
590,0.05141331148766084
591,0.057995656692347804
592,0.03718176325479978
593,0.04842162627553427
594,0.05702076375239745
595,0.039134636469139804
596,0.04785966578231261
597,0.04823103841019543
598,0.05367493371140356
599,0.059513385643628215
600,0.041378434339863365
601,0.016096484666085445
602,0.04990873402619653
603,0.08650135339357629
604,0.08943150688294295
605,0.04153864599519461
606,0.05089799112362286
607,0.09709586905069312
608,0.09352376370407658
609,0.06912092439161027
610,0.16323154497338999
611,0.11131546000011165
612,0.09119555347833663
613,0.11136927210776285
614,0.03929465593850002
615,0.049493010691999184
616,0.16615136161476715
617,0.12348154451178275
618,0.13035571683528738
619,0.12905930479416622
620,0.11232464696446746
621,0.0829096546826063
622,0.07408327545042802
623,0.07153867256969176
624,0.059227111455979586
625,0.08162995423882663
626,0.04946181784495308
627,0.13228799941758676
628,0.13338443529011443
629,0.01749830023891173
630,0.08432915365101962
631,0.09095473182649656
632,0.0515522999705765
633,0.08564678842199659
634,0.07346207630574948
635,0.07217724672367505
636,0.06745617797107772
637,0.04899883502110875
638,0.06044956683366973
639,0.9890364992804869
640,0.05494166203365357
641,0.05282442557313585
642,0.04954518052749506
643,0.10456923000936402
644,1.398721520539665
645,0.0879139272277558
646,0.07942750844691453
647,0.06251865805360614
648,0.16868704288090672
649,0.06324164278076107
650,0.1021174918805972
651,1.0851724824756737
652,0.09292205570588179
653,2.8714442326200107
654,2.395226588936984
655,0.08811824187258674
656,0.06356036255319948
657,0.03712087432868352
658,0.0850474914193481
659,0.07473224890823638
660,6.084175955952865
661,0.0827917461333822
662,0.07128903546323845
663,0.05899429955320632
664,0.0515810501494307
665,0.01901033924288824
666,0.01630896130448617
667,0.11583824613522574
668,0.0496960740778392
669,0.03962346002782871
670,0.03815054003340943
671,0.1756637300927415
672,0.07450014000763057
673,1.0829365064873138
674,0.04907971412774489
675,0.15244239592597084
676,0.15671407023062955
677,0.1847420822330388
678,0.017866879669551302
679,0.1407495645591694
680,0.1034128333653261
681,0.24419089819348128
682,0.3334043124582009
683,0.05494717365740356
684,0.04681176608128439
685,0.15730740629984893
686,0.16201140703628675
687,0.04677317000861947
688,0.03810292406159686
689,0.05825591852390939
690,0.13017850469209627
691,0.05270504914508229
692,0.04568787505449041
693,0.04469557916197135
694,0.036391734217397255
695,0.018116354035911077
696,0.1582253131186093
697,0.1549477545046065
698,0.10261935930610747
699,0.5129879881813785
700,0.045633966611608276
701,0.2698207061753636
702,0.1690092755145556
703,0.16430219911987215
704,0.033936467753059925
705,0.04652418790384817
706,0.045499849567362714
707,0.016952588696065755
708,0.3345916724797411
709,0.21065737999883372
710,0.04350970471566503
711,0.042613128552685266
712,0.4421125343219322
713,0.06458985563804848
714,0.07449410462532635
715,0.07708663231700477
716,0.3184431171229287
717,0.32284411160577786
718,0.07917432381496253
719,0.21251844631571354
720,0.20683501715130576
721,0.14139304120873997
722,0.17720813741449154
723,0.29381234869463574
724,0.29577705607627014
725,0.051375324420341095
726,0.044747918451567135
727,0.0407899322842778
728,0.04039251948688033
729,0.2232960708615199
730,0.1470311618819082
731,0.2688582253860111
732,0.18100543175816905
733,0.13907340985269817
734,0.159285514691417
735,0.04143878304868957
736,0.3815026330454135
737,0.06409181945642292
738,0.26992593537590853
739,0.26269870825089187
740,0.207048098451343
741,0.15006371659207662
742,0.1076060241167918
743,0.0356769086392475
744,0.20235033762782204
745,0.15872239220293227
746,0.157462354856997
747,0.09507608567167873
748,0.650446706851065
749,0.2357963052414333
750,0.1831802337976873
751,0.19714883539702804
752,0.178488330802969
753,0.1344473670005017
754,0.29219749287562385
755,0.05615606116245173
756,0.06593626711339227
757,0.01955330012489677
758,0.4459654357153797
759,0.46422446841621445
760,0.4568043744534744
761,0.7037801614990254
762,0.11409334712497958
763,0.01728642425860737
764,0.6654716874614303
765,0.038681125973918554
766,0.24625461529381776
767,0.4243502015610412
768,0.4907997842839309
769,0.1900131360144075
770,0.27263142600138696
771,0.2410809092096791
772,0.03763401581017329
773,0.03738671571823242
774,0.11630605269379465
775,0.12411230995166067
776,0.419634398770087
777,0.1220816210009624
778,0.3347601926644512
779,0.11646555366333315
780,0.30513164650114094
781,0.27497861095235243
782,0.10078441984357007
783,0.5048122262689245
784,0.14568162341188637
785,0.0413465752673682
786,0.22087609383446183
787,0.22529383217424376
788,0.1591257929554238
789,0.06991078187463075
790,0.046594028460160475
791,0.11675624983779351
792,0.08823016348591634
793,0.1904542816423532
794,0.15155124200656866
795,0.06306476895943049
796,0.06713303774390543
797,0.16855490967170667
798,0.0900594865902999
799,0.02579867087853057
800,0.10117915522537269
801,0.12471579992346471
802,0.07880896729966212
803,0.1523320239470439
804,0.11930332168259833
805,0.08038551937579796
806,0.10342038493128983
807,0.11098769165570506
808,0.1135943732643535
809,0.09241543471515386
810,0.12951581249660307
811,0.07543527124391484
812,0.07461007015112796
813,0.06780806918699829
814,0.13606721641854583
815,0.11932173904357019
816,0.13217289513390015
817,0.13049445101337445
818,0.12875407150665436
819,0.14963322873611573
820,0.1354500109443936
821,0.07778020211074098
822,0.15032395597427828
823,0.13634914016619626
824,0.3275427232230017
825,0.11428300534605486
826,0.07948908890079784
827,0.1777197826312593
828,0.17322379571989655
829,0.07958274422398857
830,0.06345586534535073
831,0.07724689185492932
832,0.015104022180508927
833,0.18149309787826481
834,0.10696387697060433
835,0.19035579127130128
836,0.06482091069078709
837,0.17695587551884492
838,0.055707055567107824
839,0.2454072662697325
840,0.46112361211620123
841,0.20451757653283217
842,0.28231155400487107
843,0.05454811389243607
844,0.32088585837217143
845,0.11937588988309938
846,0.21149777892921454
847,0.2582442568404708
848,0.1791468687664064
849,0.2916784940334616
850,0.24389804960284758
851,0.04956254994622508
852,0.04871507367022949
853,0.5107842550103305
854,0.47219732300484163
855,0.42450123308859394
856,0.07723999736814113
857,0.21393735538783207
858,0.14924235501608105
859,0.046558666605923955
860,0.8110030529899539
861,0.17043732426636324
862,0.10982674589860233
863,0.5138330474296753
864,0.13334112519915903
865,0.15892760619383314
866,0.09497112379930019
867,0.10048517403789217
868,0.11227733668512051
869,1.3875416328560701
870,0.8858469711821781
871,0.7042949831521699
872,0.666248422955622
873,0.458784000500476
874,0.16903903821344526
875,0.05966477468401792
876,0.7265659894002618
877,0.5814811463066447
878,0.045561990901674156
879,0.11387932983429312
880,0.1251476273214686
881,0.21839240623863054
882,0.04337839643376347
883,0.04990642167439646
884,0.13693346845973944
885,0.12249633057991531
886,0.8395260022019524
887,0.8016790304930496
888,0.5659687756339628
889,0.2989877508612047
890,0.23850455130728782
891,0.22815534841582286
892,0.11338694035271714
893,0.0929544146753117
894,0.08439629543421683
895,0.10425518074036419
896,0.11548071959733927
897,0.12494667337237494
898,0.13028652904916174
899,0.797808913166233
900,0.27619314842910714
901,0.08057886426864776
902,0.104822094434129
903,0.11069024967472585
904,0.12928925952178957
905,0.14364005202587718
906,0.10409823044574273
907,0.08451486589146635
908,0.0923625213526326
909,0.11572335682016292
910,0.12702065898242465
911,0.13614316832783688
912,0.3508576865089074
913,0.04545665196456843
914,0.08420403085865832
915,0.09049771210876158
916,0.1261444359802702
917,0.09737329079258378
918,0.10336824387574176
919,0.11458139631785814
920,0.11949764688246077
921,0.14393598690224038
922,0.9480607233230327
923,0.20800943904662472
924,0.16671940631982604
925,0.05160466605014547
926,0.12172428987575704
927,0.0932822803285441
928,0.11476238414154975
929,0.12815820730228916
930,0.14314662655906119
931,0.1703000356061247
932,0.3516692559756383
933,0.1682472456559969
934,0.09697434907570146
935,0.045937835554836826
936,0.1009377972414171
937,0.8795012808246545
938,1.1948831152541561
939,0.25222355224658594
940,0.04275378688066939
941,0.10940882693116208
942,0.12283528477142015
943,1.2885906567793683
944,0.17004235109970908
945,0.10217242316011503
946,0.0405022392581673
947,0.12253742737024413
948,0.15488087749114096
949,1.3484192813414546
950,0.5093231294839727
951,0.2042621218801439
952,0.17026790453792637
953,0.12843252176976544
954,0.16486260092947796
955,0.10573906474638298
956,0.08450973716290154
957,0.09767165108499616
958,0.11228934551154629
959,1.3375448400523327
960,0.8738172660593531
961,0.15646182815879237
962,0.14042058830649784
963,0.1111776648610405
964,0.12666924537071936
965,0.21630298024205752
966,1.1541034874844496
967,0.08767612644662715
968,0.14080272121125598
969,0.1899542881650138
970,0.20426453651359014
971,0.21983666564075624
972,0.4348630966842499
973,0.13016794931422634
974,0.8565438324975161
975,0.8321043664921426
976,0.8412591114089105
977,0.11414969759230485
978,0.18966767962062067
979,0.2218822048386951
980,1.027349347624033
981,0.094975427113827
982,0.14637562119080844
983,0.20424494583269542
984,0.23223932671516867
985,0.16129560896303996
986,0.1002234178196497
987,0.14895548695396385
988,0.2113771932283529
989,0.08730758093027961
990,6.5943501114440135
991,0.0828989903286764
992,0.10604975948968919
993,0.1626904565748976
994,0.13322420841003135
995,0.12190147096756264
996,0.1153217129684101
997,1.4070219162294975
998,0.8607582546055038
999,0.1299765762941386
1000,0.22495927715827077
1001,0.3783170763103203
1002,0.12392019882787884
1003,0.6303338658776919
1004,0.8678084107000175
1005,0.2088393006985652
1006,0.30876575332999884
1007,0.11281080316544938
1008,0.043840451789230774
1009,0.0696287848678018
1010,0.09773760087863241
1011,0.2830727946811452
1012,0.3795475684858973
1013,0.49812572301561603
1014,0.12049465836831134
1015,0.9073639558426118
1016,0.783913219455515
1017,0.0762638980428176
1018,0.06876118255473439
1019,0.10839691464675423
1020,0.4135274030332306
1021,0.37481785114923766
1022,0.09378192860881192
1023,0.2276620218938945
1024,0.25626997006619023
1025,0.47168779126157695
1026,0.10084591633511213
1027,0.1599476930437679
1028,0.1664474283554621
1029,0.26229077783009314
1030,1.4478754867529067
1031,0.13392037042274316
1032,0.18149043976032156
1033,0.10288694280905422
1034,0.10608881670588394
1035,0.13384797218500588
1036,0.2090052214859543
1037,0.04942569352879697
1038,0.3848914605430089
1039,0.13802156874544902
1040,0.1728866863909407
1041,0.18047552151278123
1042,0.37884475978601523
1043,0.725292424296769
1044,0.13299199720241772
1045,0.1648867615879075
1046,0.09248421507722404
1047,0.04691125792627239
1048,0.06142972944608221
1049,0.0623426530399021
1050,0.06955290456201565
1051,0.3236063413504709
1052,0.09172693138840789
1053,0.1412585064398609
1054,0.09847114547530078
1055,0.0894373440005167
1056,0.08168281939726899
1057,0.0645340884516318
1058,0.2969565374717233
1059,0.597751813131796
1060,0.33655813301010573
1061,0.1005661428696982
1062,0.0505823626754579
1063,0.09502532627907488
1064,0.278268233411171
1065,0.12885431088341817
1066,0.06942240345035797
1067,0.056025467931662284
1068,0.2148972294215911
1069,0.08710930640684095
1070,0.07785888074648895
1071,0.0700184392760003
1072,0.04798643593264138
1073,0.11142294971645167
1074,0.06729348268574757
1075,0.05592514125672681
1076,0.07146879235576112
1077,0.1639512428089461
1078,0.14126855755036188
1079,0.1487857772311617
1080,0.09151247592213903
1081,0.05760042181161024
1082,0.14452558626880324
1083,0.1729805649046406
1084,0.14150637576748368
1085,0.08883589397552984
1086,0.08029514060872424
1087,0.08802586194649606
1088,0.10721925945487493
1089,0.18297153427949484
1090,0.08127091931500709
1091,0.06601571760024696
1092,0.06937425450545791
1093,0.33810845852140614
1094,0.211569595657152
1095,0.051216864472767965
1096,0.04849528149331094
1097,0.057665514996102486
1098,0.13229748181016943
1099,0.0492154712046391
1100,0.14152706281264535
1101,0.3207678015763416
1102,0.31519717926379043
1103,0.06869796000357434
1104,0.06782950092541333
1105,0.05607507950130322
1106,0.06298562598565956
1107,0.19354194327313473
1108,0.27126512728880325
1109,0.17053505653171672
1110,0.7374537218104814
1111,0.22791983546133177
1112,0.06928441069885254
1113,0.06368591852323967
1114,0.051314191525667664
1115,0.0669941304784014
1116,0.06925937326636909
1117,0.07045028933656464
1118,0.2654509797308342
1119,0.08705090027451488
1120,0.05198216513875382
1121,0.05832596824485009
1122,0.23478955105522098
1123,0.08287893126908545
1124,0.06279497046818802
1125,0.05510908070594538
1126,0.6081656469863086
1127,0.22982026510563427
1128,0.06624346178261217
1129,0.13241080730946822
1130,0.4393828791802887
1131,0.4804407503810058
1132,0.06318629391052258
1133,0.04862952023420857
1134,0.13097865858595623
1135,0.1351223528085
1136,0.5262575179344602
1137,1.0191717787986738
1138,0.09259932487768091
1139,0.0629672134324592
1140,0.13337930184979163
1141,0.16926169023397006
1142,0.17542371050750746
1143,0.08509253290183391
1144,0.08649630401321372
1145,0.09242478068930886
1146,0.1074111323882796
1147,0.049709759848163344
1148,0.7083563357177196
1149,0.0824002930801136
1150,0.08640776513326028
1151,0.10630986411506674
1152,0.23386419068396674
1153,0.11103612878910038
1154,0.05318881391661031
1155,0.04256411616784264
1156,0.24911968549281996
1157,0.0925596786469316
1158,0.04968515882445618
1159,1.101145407637061
1160,0.04874683694626569
1161,1.0517615917946062
1162,0.19606316133742083
1163,0.1649577815682438
1164,0.06390403179912961
1165,0.08017329170857335
1166,0.09576327552653288
1167,0.5362653769701902
1168,0.046569128152897876
1169,0.06436809054931845
1170,0.08221542668078644
1171,0.09568006267535752
1172,0.04842522948185566
1173,0.40500084094498856
1174,0.12121174222736775
1175,0.07036786266300292
1176,0.07906671894752852
1177,0.08883334105187057
1178,0.048163377487379685
1179,0.2481601959629259
1180,0.07509972856838962
1181,0.07962343567057328
1182,0.2346249671341619
1183,0.20190387247390953
1184,0.2066361434208716
1185,0.07604016659724858
1186,0.07611917461151813
1187,0.18562961402222222
1188,0.1837418296675291
1189,0.17007540105756536
1190,0.15684741275439798
1191,0.14673226430590594
1192,0.1338288321435825
1193,0.1784139215782306
1194,0.15889598765951912
1195,0.1133789717122739
1196,0.055331862101081715
1197,0.0666263388422186
1198,0.06888499795643158
1199,0.10779792788574892
1200,0.12391994397903659
1201,0.05495712598121923
1202,0.0550824778042778
1203,0.12001780293299981
1204,0.05533032807517984
1205,0.06410250419177614
1206,0.05694087492083017
1207,0.05698932993564598
1208,0.05568854070583945
1209,0.05599715165750069
1210,0.11430292765371639
1211,0.11824319318466195
1212,0.059380389889307314
1213,0.05906502882516211
1214,0.058127229226072025
1215,0.05953562013352
1216,0.060232377581354496
1217,0.058113461606228156
1218,0.051702728286430924
1219,0.0641400921172975
1220,0.06407354820320908
1221,0.05426848275531083
1222,0.06549533395254296
1223,0.06782174653974063
1224,0.06660198280294889
1225,0.09516249339105375
1226,0.020264506627732066
1227,0.06829754392298112
1228,0.0683276664437286
1229,0.0707829269391619
1230,0.07283399350340947
1231,0.07078051453023744
1232,0.049423343644637574
1233,0.052938068258526684
1234,0.057567400846938274
1235,0.07634581152961606
1236,0.05574957997364165
1237,0.0782429554575283
1238,0.0792094049249837
1239,0.07734422477442887
1240,0.14055923544454582
1241,0.06331511304121605
1242,0.0843386977150549
1243,0.08295661591155183
1244,0.12845337536357684
1245,0.05573813934467936
1246,0.059870033121253524
1247,0.08397136733898136
1248,0.15608729913730102
1249,0.08897418149724402
1250,0.08351084990832353
1251,0.15032753263097534
1252,0.03867001413004119
1253,0.04788565273389127
1254,0.0614791131154704
1255,0.08733124504806321
1256,0.08787210874725741
1257,0.0602680564375848
1258,0.09128982110754028
1259,0.17774632316398523
1260,0.17992914440559366
1261,0.058995434783034144
1262,0.06312951294636959
1263,0.0969644246762794
1264,0.09632723182976588
1265,0.057032459639386565
1266,0.18374786874118879
1267,0.2014804819458983
1268,0.10600309196612234
1269,0.23853947223877195
1270,0.06174723748313332
1271,0.244789494307768
1272,0.2746340350260204
1273,0.2706168017361502
1274,0.11488895455040178
1275,0.38777318559579693
1276,0.08220777084098141
1277,0.04375019263242745
1278,0.08765404368680664
1279,0.1554618591652871
1280,0.04451018099530394
1281,0.10360671679161525
1282,0.11675765686315094
1283,0.12152723588649088
1284,0.04280233835378893
1285,0.043985042731876534
1286,0.12235956057733478
1287,0.1666252118002914
1288,0.18173257874985713
1289,0.13934217005620475
1290,0.12320936324513207
1291,0.19412975817927633
1292,0.04096881577091746
1293,0.04136939096571573
1294,0.10823434715506405
1295,0.13967591317927383
1296,0.10989405712980307
1297,0.16198144196033973
1298,0.2743629208736768
1299,0.1258226507276688
1300,0.12942922977438515
1301,0.12789684651548025
1302,0.5533505730269211
1303,0.16677925174310237
1304,0.12038353705061493
1305,0.09881122940520308
1306,0.6580925283317369
1307,0.8814706584691463
1308,1.1697984270684323
1309,0.19496470098417207
1310,0.11139464061315733
1311,0.022166052791190535
1312,0.18852277561737515
1313,0.18987676763934994
1314,1.963605649436693
1315,0.7505093174102285
1316,0.9129142352585998
1317,3.4323399073507517
1318,1.6517383897122733
1319,1.5450435446959818
1320,1.507651663662518
1321,0.1659552329507319
1322,0.028339369774528993
1323,0.33832259965872397
1324,1.7391211318529665
1325,0.10512491513052742
1326,0.09493412703770931
1327,0.14422976151502706
1328,0.1524011064911977
1329,0.09908967246115297
1330,0.6130349444789065
1331,7.891806712537735
1332,0.1535412583154736
1333,0.11885613073799892
1334,4.127556216779922
1335,0.4035800972357815
1336,2.727278665740017
1337,4.831879886741409
1338,0.11282953246829688
1339,4.331002296548413
1340,1.3702941922905112
1341,0.12342979681068446
1342,1.0749096545484118
1343,6.3609634870653435
1344,0.11157237798569881
1345,0.07142148620209854
1346,7.663466431498741
1347,5.841110054777269
1348,0.13374460957794043
1349,0.075850377450061
1350,0.07449314924763828
1351,0.9703852846283363
1352,0.1442015056211139
1353,0.07565633553105448
1354,0.0702379680473075
1355,0.07668218674583985
1356,5.544619511956006
1357,7.481926305861953
1358,2.0946349699783653
1359,0.1349829016630152
1360,0.13185887123928258
1361,4.324317076319533
1362,0.16351151055067054
1363,0.07302640082569602
1364,0.14992869479397616
1365,0.07740726152331423
1366,0.15476225369315488
1367,0.14549540599948574
1368,0.13462642273970718
1369,0.196607713498694
1370,2.3924909202945983
1371,0.007289080364203464
1372,0.12373980361507568
1373,0.17401647694003258
1374,0.1559435338927489
1375,0.8533036357772827
1376,0.17152161213883488
1377,0.1535326718412844
1378,0.1503407123793455
1379,0.13772502799973338
1380,0.8328534399056426
1381,2.3958940208104087
1382,0.15264544272305253
1383,0.6497216707926801
1384,0.19682705599075873
1385,0.10162773047780205
1386,0.201487449255061
1387,0.43069723025310164
1388,3.9120200123958604
1389,2.931890675706775
1390,1.885298830008955
1391,0.2087869824886294
1392,0.08426596813434094
1393,3.1045497517932406
1394,3.5351940265566513
1395,0.23593706072523368
1396,0.19697605699907164
1397,1.8951362429993963
1398,3.5633773382768528
1399,3.243539590717039
1400,2.648760249467919
1401,1.8504000761950803
1402,1.762963235809432
1403,0.16674821441287477
1404,0.08773278555228635
1405,0.09137253604298105
1406,0.19124655114011208
1407,3.2805696172899306
1408,0.2784158064913344
1409,0.19734112211774169
1410,0.09641662921938951
1411,0.2816572076409832
1412,0.16621554588981433
1413,0.15051966657317106
1414,1.7773939579226226
1415,0.700755615867367
1416,0.29583961244087925
1417,0.2964250291204532
1418,2.349063225317093
1419,1.5624088375677028
1420,0.8870076166613358
1421,0.26651354458440996
1422,0.08720676228661518
1423,1.7429799784724818
1424,1.284600659422401
1425,0.17848045320755745
1426,0.3681867823444006
1427,0.24951499001341512
1428,0.18634549904656114
1429,0.515902864502868
1430,0.9655364603460453
1431,0.15193638023557465
1432,0.10890050817842063
1433,0.11817277662777687
1434,0.23651623620685858
1435,0.5085502310846539
1436,0.5374975472863722
1437,0.49120681289601176
1438,0.018031436211338178
1439,0.6135565547676689
1440,0.7872624145530825
1441,0.45580087813785963
1442,0.31004574739969826
1443,0.6322965832880167
1444,0.5581049519775904
1445,0.3290976783176293
1446,0.2526731154702401
1447,0.19445011057875938
1448,0.11728422444916516
1449,0.46340763617120123
1450,0.3362432392469875
1451,0.4975078862854689
1452,0.43288022185856534
1453,1.8816739507894185
1454,0.23446105620917673
1455,0.30204979771828544
1456,0.6669188555710241
1457,0.3283588026400705
1458,0.14346418323091914
1459,0.04071783835082822
1460,1.0782485993743092
1461,0.43948940845793727
1462,0.0172511227924194
1463,0.44617424192760086
1464,0.24912586883772211
1465,1.2818173002403808
1466,0.018267475795068103
1467,0.25997650639808717
1468,0.3794397274850339
1469,0.4323132030032578
1470,0.04207326506115681
1471,0.8233738204443648
1472,0.23421309764792264
1473,0.18806489797997897
1474,0.17373142839306274
1475,0.16122511233051276
1476,0.22977043605624559
1477,1.1874448511046067
1478,0.8055549183816527
1479,0.21707582573857087
1480,0.16959107311828642
1481,0.20460500971144455
1482,0.21523446166158314
1483,0.2641092447659362
1484,0.32668918743790754
1485,0.19123277728353896
1486,0.30637577303137997
1487,0.18573647398053894
1488,0.27866988783772867
1489,0.4200022830638978
1490,0.5955169939399266
1491,0.1252444934108342
1492,0.43878289639716705
1493,0.22401059650814648
1494,0.3928439974701194
1495,0.3424656599327371
1496,0.2340332132974121
1497,0.15675422522983223
1498,0.17519016088894732
1499,0.4236041554235937
1500,0.4900745294194627
1501,0.1355344932876385
1502,0.5281093079445777
1503,0.14781141934575723
1504,0.1856811835298093
1505,0.21109884150910746
1506,0.1488529565640788
1507,0.19867839781429267
1508,0.19036333775731204
1509,0.15188443642442429
1510,0.4307185883116179
1511,0.18540823760603264
1512,0.2721143773720295
1513,0.19093780989113376
1514,0.15287752936922436
1515,0.15195798457121143
1516,0.21368189916812083
1517,0.15219412925215
1518,0.16216417110120965
1519,0.06645718118118589
1520,0.17434010374131062
1521,0.27801875552562294
1522,0.27506409931836423
1523,0.1690499206874193
1524,0.1622846063924608
1525,0.2573694615183826
1526,0.25796669468813815
1527,0.2561850298181441
1528,0.1637506459088951
1529,0.13520413553748564
1530,0.23309155037984122
1531,0.1762580750637041
1532,0.01982384611559146
1533,0.16498503576348647
1534,0.14164101480038205
1535,0.14013112587454407
1536,0.2072645015771752
1537,0.2060205593907083
1538,0.20429553039843104
1539,0.19955333608876885
1540,0.12157155276692898
1541,0.11984264743477982
1542,0.14481741985437013
1543,0.18838834267046164
1544,0.1737345086070365
1545,0.16324415979583215
1546,0.22710852707556814
1547,0.11711159715575103
1548,0.14638809921529047
1549,0.17628669306871414
1550,0.14695139042273367
1551,0.17220956243172394
1552,0.1632965100910783
1553,0.18937696759847186
1554,0.12049870428303502
1555,0.1654606447765518
1556,0.25272141615107274
1557,0.1171712998740351
1558,0.11086888610381714
1559,0.14497993041397514
1560,0.15463809080625027
1561,0.1095460355033343
1562,0.1373947158002743
1563,0.15187148475700224
1564,0.2097836711916117
1565,0.37650136853299354
1566,0.09782318499690636
1567,0.1318412814949794
1568,0.1257300830740717
1569,0.14061592464332667
1570,0.12172450165565474
1571,0.1523202779366235
1572,0.11289572347589799
1573,0.12169616947793638
1574,0.09792757657961715
1575,0.19168745328061862
1576,0.33192716758630614
1577,0.09872146693321443
1578,5.2020996825422525
1579,0.04423278779122198
1580,0.11241225718699184
1581,0.9641382646074383
1582,0.330038950342594
1583,1.1580075292414265
1584,0.5995781434407582
1585,0.14853672568346973
1586,0.15746724955889546
1587,0.13199875541946915
1588,0.026151419271280195
1589,0.05406014667110248
1590,0.12547696442393774
1591,0.027165819840898848
1592,0.02737052135258681
1593,0.007440421948452555
1594,0.05978967036483019
1595,0.07268450005185463
1596,0.060873914946552456
1597,0.05020238093278736
1598,0.07514954393574703
1599,0.06044428890156232
1600,0.05265850583307847
1601,0.03970137985705508
1602,0.02681708977170802
1603,0.056207072159356955
1604,0.026004739900829587
1605,0.0273542220866037
1606,0.024183989009053757
1607,0.3235242194361112
1608,0.02484768945594325
1609,0.05052909789014873
1610,0.023944400762926688
1611,0.032024873076892404
1612,0.023170830648236114
1613,0.02386972051901929
1614,1.5725183500357787
1615,1.0306394175749825
1616,0.039097883085494126
1617,0.03907753610747514
1618,0.03710586391122937
1619,0.04159892734931166
1620,0.042052770843902375
1621,0.2345295065863344
1622,0.042531444903255486
1623,0.04198258607018468
1624,0.027628940112379485
1625,0.04419883341181546
1626,0.16033610866770032
1627,0.16297142196499623
1628,0.06165913072186762
1629,0.1053915759913743
1630,0.13210311820301485
1631,0.11872695759111579
1632,0.1132546915057267
1633,0.07859277978360195
1634,0.12813893932454073
1635,0.11314794530389341
1636,0.11014054830220654
1637,0.08901149890229258
1638,0.029932360360372043
1639,0.07628697677490477
1640,0.03766213332396741
1641,0.11647222330969746
1642,0.04344670621774676
1643,0.11306571247106445
1644,0.11039090774113892
1645,0.06394541057475793
1646,0.03902060460853385
1647,0.1070880220229677
1648,0.04544951113231196
1649,0.09008601166417203
1650,0.04618476130289642
1651,0.04144132788291298
1652,0.056983025483362613
1653,0.04246655276626044
1654,0.08860308171587328
1655,0.035380920630367234
1656,0.03628610423712995
1657,0.04870955769332479
1658,0.05323307307596442
1659,0.09742421550988775
1660,0.05869137775873411
1661,0.07916682817513841
1662,0.05766924062619209
1663,0.1467873867928435
1664,0.1492516211726013
1665,0.1446624210940908
1666,0.23537548481775677
1667,0.07392818325468227
1668,0.2188400907905395
1669,0.13623597076906485
1670,0.07826662384318624
1671,0.22653175970336817
1672,0.024942186809638636
1673,0.11074796764839731
1674,0.054804508700004285
1675,0.13162400003435654
1676,0.3476063581627874
1677,0.04608433445889183
1678,0.4081712482103665
1679,0.05943743562629885
1680,0.060580786017244835
1681,0.18222913144781522
1682,0.09584669144095122
1683,0.06717978039330584
1684,0.057938747574787786
1685,0.06389031302433647
1686,0.06816877167902805
1687,0.524500825070684
1688,0.19092631552416583
1689,0.18231696137182718
1690,0.061988615089683514
1691,0.06729091330665937
1692,0.1401543912922531
1693,0.10037184363509066
1694,0.07736522805437883
1695,0.1339473061063008
1696,0.16639006283752783
1697,0.2671343139405454
1698,0.41924205585887425
1699,0.09693908525323552
1700,0.16838602836930414
1701,0.22526329474302276
1702,0.15365630449707168
1703,0.10745654596008822
1704,0.10861299904746445
1705,0.11345685841438136
1706,0.3575929096425497
1707,0.2125782259555231
1708,0.18801938411970096
1709,0.10133933738902998
1710,0.060164581759972934
1711,0.16357618448837766
1712,0.13405615901528906
1713,0.08922273641838308
1714,0.20414632685029288
1715,0.17545030825329996
1716,0.052944836288300684
1717,0.12612776252217814
1718,0.2197901418984668
1719,0.16888019602935925
1720,0.0733190701373403
1721,0.07038425772938914
1722,0.17605661683523044
1723,0.10877742441184131
1724,0.0759858278179938
1725,0.4868845083691866
1726,0.16290141982982265
1727,0.18626361204365843
1728,0.17008928636993859
1729,0.17134659520360268
1730,0.1635696719545965
1731,0.16823911628733526
1732,0.15280825304597193
1733,0.16269440782798894
1734,0.14043301781877843
1735,0.13635883416149405
1736,0.1531060308822046
1737,0.08396104879430172
1738,0.11447694375867208
1739,0.09712380623815432
1740,0.12771089695560564
1741,0.14611106070451085
1742,0.15619599869775644
1743,0.17607240151619666
1744,0.11577146047542884
1745,0.16958112637340003
1746,0.17823586520309165
1747,0.1319847403596094
1748,0.12438200777580895
1749,0.11976623785527081
1750,0.17536499819992957
1751,0.12693011025897008
1752,0.019749494735358877
1753,0.22552146412841378
1754,0.1985810631419218
1755,0.22193680241610408
1756,0.16915823073471278
1757,0.17847723842024116
1758,0.04617856618747504
1759,0.1884676841496057
1760,0.16019060334619967
1761,0.24696198471500663
1762,0.11566077245508839
1763,0.21036032036521754
1764,0.11679728027163126
1765,0.4949092764365008
1766,0.22478854976719898
1767,0.22677059844431596
1768,0.042117476960657145
1769,0.5214200688571035
1770,0.5993503077674909
1771,0.44525984390472423
1772,0.10337229253356019
1773,0.09661631181880166
1774,0.6821179199999274
1775,0.187877821733805
1776,0.09474102157136124
1777,0.0967631314813525
1778,0.10007945121490837
1779,0.10024279979354254
1780,0.16557087918004532
1781,0.09150086716585162
1782,6.938529353416523
1783,0.45276861296763193
1784,0.24067424017839384
1785,0.058816259016517033
1786,0.05962663064926584
1787,0.3587185028996127
1788,0.06142290937758408
1789,0.09141718786518695
1790,0.08438266044633108
1791,0.08380819641204404
1792,0.0822464931539084
1793,0.5526876016137849
1794,0.0804333555051946
1795,0.08631298279336864
1796,0.07848464565737756
1797,0.07828216457027712
1798,0.6232453929808013
1799,0.9564297640852498
1800,0.09032800747566232
1801,4.004409777135183
1802,0.09453779256401047
1803,0.0729006457877353
1804,0.07501792055157888
1805,0.08251369929284211
1806,0.09585917491931527
1807,0.10008639182909779
1808,0.08687819518479122
1809,0.09432667882575556
1810,0.2500653942366882
1811,0.038155573297891536
1812,0.037480547511300116
1813,0.11129183548615379
1814,0.038557031678381946
1815,0.07942464294013424
1816,0.11685705956662888
1817,0.1256042086921975
1818,0.11825060998268569
1819,0.1303068044510757
1820,0.11041285035329101
1821,0.06286205742766289
1822,0.07284520141747824
1823,0.08834740017513837
1824,0.11291136671066997
1825,0.11051358939361589
1826,0.052895066665422034
1827,0.08013317425069533
1828,0.06723632388117316
1829,0.0670353922334677
1830,0.058420781412954044
1831,0.2886655365609451
1832,0.3168048320616582
1833,0.32658017787874305
1834,0.43912729623561203
1835,0.414254948820609
1836,0.05894833396152733
1837,0.19502077532211404
1838,0.05108436451489698
1839,0.036383986521861665
1840,0.0370326953546291
1841,0.09540996920438928
1842,0.15330270309316665
1843,0.08036153044590366
1844,0.09945824950544983
1845,0.015562011192728568
1846,0.06527056461700492
1847,0.030322733716314842
1848,0.0641480512110192
1849,0.02129791067689344
1850,0.030767899699546065
1851,0.025201951442557553
1852,0.024169395582157503
1853,0.02567353829716642
1854,0.04718921547068076
1855,0.04503133473461147
1856,0.043167807576206745
1857,0.043275220307491015
1858,0.02971797376962445
1859,0.027990507851506093
1860,0.027837715257927095
1861,0.027107765621582892
1862,0.041524292538490416
1863,0.04245102220095051
1864,0.030869071235264032
1865,0.02738218190396537
1866,0.0401353511234539
1867,0.02575546505245205
1868,0.04013687576286924
1869,0.027893511253946107
1870,0.02885259099736708
1871,0.02856734733374904
1872,0.022445151376815718
1873,0.028483758686851858
1874,0.026231954257776975
1875,0.027500019552466597
1876,0.0373423126718883
1877,0.021868910543343088
1878,0.02781066441907155
1879,0.027681215087333347
1880,0.026632400057265665
1881,0.03605328018295692
1882,0.03611873429557016
1883,0.02494835368264612
1884,0.0224942071553458
1885,0.02765624268900311
1886,0.027532786484820475
1887,0.029922126214571187
1888,0.031114170324632442
1889,0.024538044242194513
1890,0.021738340648311344
1891,0.02990805812508348
1892,0.02660529718531191
1893,0.01987984901754111
1894,0.023548633176819735
1895,0.023317014795962966
1896,0.02354399201638453
1897,0.016950619738369276
1898,0.01716243069228056
1899,0.016677071608429028
1900,0.016783965753131867
1901,0.022193751721299157
1902,0.016675032141529447
1903,0.016409588282197865
1904,0.022237912341833484
1905,0.04055391471711542
1906,0.016714373049778502
1907,0.016507206978390462
1908,0.020913793772040952
1909,0.02085716005911935
1910,1.648242390915529
1911,0.8893699301643776
1912,0.3457574185660559
1913,0.01191920927911963
1914,0.019750063643548997
1915,0.01938295999762708
1916,0.019372276844263032
1917,0.01668367890516386
1918,0.013673603876575085
1919,0.013446132442974065
1920,0.01381217568532705
1921,0.013592093063482618
1922,0.013313468308278014
1923,0.013010128887148708
1924,0.01467359627420922
1925,0.01353911881754898
1926,0.013068065210017722
1927,0.01785122462034497
1928,0.017830812412294034
1929,0.012762488594118536
1930,0.012841213699426385
1931,0.03885509890615028
1932,0.03442271275522739
1933,0.013555833399392876
1934,0.01346930195882102
1935,0.013079889570249035
1936,0.013104488447137326
1937,0.013765118419982118
1938,0.013816201253319215
1939,0.011728690820703228
1940,0.015693386812133656
1941,0.04602046935013319
1942,0.05446594355214449
1943,0.016374040591470577
1944,0.05654297763855473
1945,0.012240647301329208
1946,0.04713926731500575
1947,0.01248271455668385
1948,0.04482828924913539
1949,0.046379973914987965
1950,0.012729970231690951
1951,0.015698957110219763
1952,0.015883422365006342
1953,0.013058890284415873
1954,0.05301499150050946
1955,0.03766075763197206
1956,0.04005027456980258
1957,0.04010378252307622
1958,0.019264499217745933
1959,0.040840334239906184
1960,0.01910971605995196
1961,0.03214688807238148
1962,0.031246741185461363
1963,0.03153988449002936
1964,0.02820308650364489
1965,0.028346798952287672
1966,0.02948997687730839
1967,0.031812169484128856
1968,0.03318126563497653
1969,0.02683081120395481
1970,0.027114034770758348
1971,0.03389992986087573
1972,0.039936329687773206
1973,0.02894342032489311
1974,0.03343543223185584
1975,0.03849852458978512
1976,0.04080872783112092
1977,0.02739668856539157
1978,0.02847279003021308
1979,0.03149614544728536
1980,0.04156958714516085
1981,0.029784375827720887
1982,0.03992649084506467
1983,0.03783041212432759
1984,0.029281270880864508
1985,0.022677207920038706
1986,0.026460339291537342
1987,0.040415940563377835
1988,0.04139978952281004
1989,0.026726515298091967
1990,0.042345532809523356
1991,0.026533254700975846
1992,0.030079157631405003
1993,0.0451416158243108
1994,0.02805640388087322
1995,0.04431373470241015
1996,0.047338698866739776
1997,0.04760434779080079
1998,0.029986807357300894
1999,0.04265557783386775
2000,0.03360789030658247
2001,0.03149971275776208
2002,0.04339308489906581
2003,0.03188253494711373
2004,0.03389422263472907
2005,0.039913651543670464
2006,0.04168688004378001
2007,0.047987408744244696
2008,0.028151036536491793
2009,0.03363154606925264
2010,0.035833002884533206
2011,0.03741513462541895
2012,0.04085426487902587
2013,0.042389059424913535
2014,0.04365430380002375
2015,0.050824695989259885
2016,0.03852796808926808
2017,0.05148570002695489
2018,0.04133996389292873
2019,0.03758542235522238
2020,0.031195292180952718
2021,0.03425300069592656
2022,0.041676306908873126
2023,0.033429351600673084
2024,0.03522775901912366
2025,0.037653205268667236
2026,0.045373051390438623
2027,0.0387519857689461
2028,0.0414883646601089
2029,0.04977062587504533
2030,0.034690013663726586
2031,0.028815516172610158
2032,0.049646738054579705
2033,0.037320748883201256
2034,0.040770910366721855
2035,0.039894377968534254
2036,0.04217075247743135
2037,0.04257216306161195
2038,0.043816632246254074
2039,0.03491974239993854
2040,0.04283144031847325
2041,0.045433403979862154
2042,0.0241340735150058
2043,0.023780479091289122
2044,0.05027703128872061
2045,0.02334872553076328
2046,0.04408067563052138
2047,0.05288250175417327
2048,0.022515933673377567
2049,0.05367455848105165
2050,0.022543171911056353
2051,0.022015759269006837
2052,0.022848163153081358
2053,0.0932338921338989
2054,0.10066550300594655
2055,0.09446914887349829
2056,0.5816683017593509
2057,0.9365925434344367
2058,0.06398570660256392
2059,0.49991407380958436
2060,0.0484995547556788
2061,0.03053819316457522
2062,0.02934856224563441
2063,0.017492356303366232
2064,0.03032634842816512
2065,0.017311023622126664
2066,0.017151445855109415
2067,0.017440939068235864
2068,0.03470651381340426
2069,0.03147757740977029
2070,0.04036200829230169
2071,0.03233591744568895
2072,0.033379627616573725
2073,0.033941670216177486
2074,0.031923648063222426
2075,0.033629812553497736
2076,0.034434905850569145
2077,0.028647867113184247
2078,0.04077790485846706
2079,0.028577233867228234
2080,0.03671816461532828
2081,0.03956656314230714
2082,0.04280590224236348
2083,0.018112303737594763
2084,0.03219273712397094
2085,0.047003914115968395
2086,0.047398710723455584
2087,0.04947172230859487
2088,0.051536382618440964
2089,0.05465964032302048
2090,0.05781093611824191
2091,0.06375187537265635
2092,0.06747876244980507
2093,0.0661047017199675
2094,0.06339436328163958
2095,0.06025812544023254
2096,0.07305290823778653
2097,0.06581808759442315
2098,0.0642342040236084
2099,0.0728847152739503
2100,0.06951318225624038
2101,0.08012662847529835
2102,0.08046739695475227
2103,0.366318027938983
2104,0.0826170175475801
2105,1.2547686311352355
2106,1.6613875472569306
2107,0.7987956772144069
2108,7.781084393102878
2109,0.47923440501773124
2110,0.12809592796319433
2111,0.09017125465711205
2112,0.09692788268161565
2113,0.03867342913560496
2114,0.019969948394047095
2115,0.004548321712244943
2116,0.004555426771723262
2117,0.02279298132219031
2118,0.02592918475284027
2119,0.023043277967584888
2120,0.04891158811596228
2121,0.031911208864754376
2122,0.03657346464046554
2123,0.026376097434468428
2124,0.028019098699047007
2125,0.030549009441881957
2126,0.02861458619904711
2127,0.025069522886919826
2128,0.029119365853176003
2129,0.030957052126970884
2130,0.04785234267848109
2131,0.024346902849295058
2132,0.02774844270689525
2133,0.028659773453676967
2134,0.029319825385511217
2135,0.0229902376408271
2136,0.029283757155784913
2137,0.042951319558803866
2138,0.04100516129064673
2139,0.04034538007294772
2140,0.03980055363136165
2141,0.03915464388870177
2142,0.02634434639102683
2143,0.03884605344453999
2144,0.038449041279447746
2145,0.0387676809802435
2146,0.02369914863858826
2147,0.02343764608526608
2148,0.02092194684218057
2149,0.023518892697087894
2150,0.02540023682046833
2151,0.025459853420171333
2152,0.02373546196633671
2153,0.024075507167315317
2154,0.024472324709046766
2155,0.026836340475872335
2156,0.1936313661057575
2157,0.024079627121615807
2158,0.024567474864686842
2159,0.025481471911929208
2160,0.025575349353162004
2161,0.03660814813634261
2162,0.02408828902921195
2163,0.02445429045649513
2164,0.02435467000148172
2165,0.02420365841035349
2166,0.02491493252260257
2167,0.026031623475005095
2168,0.02446538075206368
2169,0.0249129017935703
2170,0.02425044877293717
2171,0.02420421972447577
2172,0.07772718137684156
2173,0.024808172677513705
2174,0.13143804994300864
2175,0.10746513312847632
2176,0.07230077982466239
2177,0.07881610162475758
2178,0.15313294829967025
2179,0.025510007535383964
2180,0.1988549032817423
2181,0.20168810791989802
2182,0.12319620580139036
2183,0.04461963259607037
2184,0.16899958615786223
2185,0.04726848587310525
2186,0.08255917742291352
2187,0.0761539256567862
2188,0.11332676913293396
2189,0.07432433355305454
2190,0.062075363416733906
2191,0.1114774551578545
2192,0.10688008481092011
2193,0.10739445501418506
2194,0.05438698454061119
2195,0.10283060914282831
2196,0.029174756691075006
2197,0.02876083345389632
2198,0.09708224344822709
2199,0.07281854995597574
2200,0.09550710623856207
2201,0.03208591568245249
2202,0.03820038383940958
2203,0.028282624320498433
2204,0.06856429387556863
2205,0.04474147728151006
2206,0.029926459246855167
2207,0.08334877913497925
2208,0.028923491469116207
2209,0.02916533665747116
2210,0.028953944980480085
2211,0.015068791100303123
2212,0.016492610498016584
2213,0.029215076048101623
2214,0.014332689604176392
2215,0.03178229405726416
2216,0.03205443085374649
2217,0.06512230339663272
2218,0.04532025748881571
2219,0.03136404940253076
2220,0.014488028237807564
2221,0.01486934175650401
2222,0.029722992019881808
2223,0.016050241182440424
2224,0.030888829775760324
2225,0.07171147098004575
2226,0.03334450306073141
2227,0.02237303974666254
2228,0.030683578936930744
2229,0.013665348815124337
2230,0.015468498661440027
2231,0.017251758544043698
2232,0.029493026988925943
2233,0.017367013067741615
2234,0.06488082806039551
2235,0.01835396094112908
2236,0.015262764383645764
2237,0.017027606965396326
2238,0.01855625410743867
2239,0.03356773124617326
2240,0.06227912250502387
2241,0.013899275884001399
2242,0.0338126134954057
2243,0.034159924022756395
2244,0.03447543524942199
2245,0.057414370526758574
2246,0.0524241942301335
2247,0.03531720903632786
2248,0.05889746114804534
2249,0.05881306139318793
2250,0.01442147151445954
2251,0.032329400113829905
2252,0.057158500118781735
2253,0.014497558374107959
2254,0.017649280055245783
2255,0.03577669419057914
2256,0.03667312601625993
2257,0.043443616864883926
2258,0.05651348902619908
2259,0.023009590411457104
2260,0.055551113903429
2261,0.03304508375564496
2262,0.05444512635066089
2263,0.05469356714938336
2264,0.029277445694343762
2265,0.017065809545449593
2266,0.017663802834738253
2267,0.02323389267891325
2268,0.051369775806828735
2269,0.0509444397691228
2270,0.5465385561287759
2271,0.03883270203522367
2272,0.04906390081977063
2273,0.5889179918367687
2274,0.6837074819763805
2275,0.036007635735629887
2276,0.024122666082329214
2277,0.024792497839587833
2278,0.033339648326094845
2279,0.03631175622868002
2280,0.03351756429856245
2281,0.04647575702132932
2282,0.035630809786567484
2283,0.04709313363639715
2284,0.03775315327496306
2285,0.03563678350250886
2286,0.04710576356481217
2287,0.04676964500831311
2288,0.03682250238250703
2289,0.03662792771728523
2290,0.05829453482895272
2291,0.05635671539958547
2292,0.04385152937148949
2293,0.05970361947222288
2294,0.062487092578267005
2295,0.05311173974158921
2296,0.05887858222325964
2297,0.06413324296791845
2298,0.05758529442687558
2299,0.06409776710576161
2300,0.06683500087993693
2301,0.047466190299955593
2302,0.06658404735087468
2303,0.07009866635300312
2304,0.0816215331315773
2305,0.04294934765036574
2306,0.06502273362150082
2307,0.045173968861855665
2308,0.06619650843901688
2309,0.06168280161748443
2310,0.04366445556340242
2311,0.06141775177237208
2312,0.05632901873585368
2313,0.05806731474105211
2314,0.061608061149648924
2315,0.061800336409957385
2316,0.04760912497699854
2317,0.07353002383293132
2318,0.07423792791143365
2319,0.04900490887973792
2320,0.04673820832788458
2321,0.042186387623125425
2322,0.046868691297681606
2323,0.048773629248289783
2324,0.06398429744122507
2325,0.054855718791285715
2326,0.05038552885048592
2327,0.054638191390504326
2328,0.07794415007293626
2329,0.040221451768003603
2330,0.07624772296773089
2331,0.08034669179035078
2332,0.0871078436906966
2333,0.06477157262582618
2334,0.0677369174609741
2335,0.07038722729952408
2336,0.05937970675341229
2337,0.03927914466078731
2338,0.05460807841231014
2339,0.0685567658144591
2340,0.054704094244724805
2341,0.052839578369078245
2342,0.04101590515333794
2343,0.03933744955566888
2344,0.057083078690327534
2345,0.07536787390882746
2346,0.07066449249711569
2347,0.06798705900366682
2348,0.06800008773595305
2349,0.04400018100689273
2350,0.047259412801964905
2351,0.06500781821728072
2352,0.08918212899948885
2353,0.0777103551101917
2354,0.07183159244861027
2355,0.0597543221243754
2356,0.07370450748094358
2357,0.0857240874446444
2358,0.08482625540091723
2359,0.08140839921743659
2360,0.0726305848994974
2361,0.07417524461334682
2362,0.048471552219201
2363,0.03791854075451939
2364,0.04595209709323056
2365,0.05686679919845817
2366,0.07826490725102374
2367,0.07621062684217164
2368,0.06034712974812055
2369,0.08210181076295048
2370,0.05045892108953551
2371,0.05872530581591664
2372,0.0734942892129994
2373,0.08313206748202089
2374,0.04761572049789804
2375,0.0824045144190719
2376,0.08037169121469759
2377,0.11199198856523729
2378,0.08513937854991578
2379,0.05872455006250652
2380,0.04488918285468339
2381,0.055246419574880426
2382,0.06945735932815622
2383,0.10730333598544703
2384,0.08593662019626402
2385,0.04932792021684244
2386,0.11699189798360489
2387,0.13735296459818783
2388,0.06160653916994259
2389,0.05529310520146451
2390,0.12111477156009035
2391,0.12347085921517233
2392,0.0847017299858892
2393,0.05932768444645545
2394,0.041162244686088104
2395,0.024885209602809776
2396,0.09371671178706373
2397,0.09353614462526526
2398,0.050294212107439416
2399,0.09399966738112052
2400,0.12032819456929847
2401,0.15828796610053392
2402,0.05363748503052582
2403,0.047184795351476114
2404,0.09946618727711205
2405,0.10132913120029748
2406,0.11251723098352745
2407,0.0996328320719359
2408,0.10977892882969836
2409,0.11412058338624455
2410,0.12085281791354273
2411,0.10114535192181194
2412,0.10287585094964093
2413,0.10258236012414217
2414,0.10124280485058311
2415,0.05895716402573187
2416,0.11481431598042639
2417,0.12202658674852583
2418,0.15731289620136168
2419,0.1338508152954631
2420,0.1001574618072256
2421,0.051663532115687534
2422,0.0525783975920263
2423,0.05325791009254899
2424,0.1337964001357329
2425,0.10645818151582903
2426,0.10984095986173846
2427,0.0684425564565982
2428,0.04820712816534093
2429,0.05647108317715855
2430,0.11048160107862487
2431,0.15962399764610147
2432,0.1136895615799352
2433,0.04971911894603933
2434,0.048831886739669386
2435,0.04806793812635874
2436,0.10782260689368432
2437,0.17613773065437605
2438,0.05162894063208307
2439,0.008829128266226685
2440,0.11524341624614896
2441,0.05252506463209501
2442,0.048255378458504215
2443,0.17861081713555366
2444,0.14566912951947758
2445,0.12086930638211445
2446,0.11349717487056335
2447,0.04743999314507023
2448,0.0678180499968472
2449,0.13377910740687565
2450,0.2059758052557466
2451,0.16529613304127633
2452,0.049178658563777546
2453,0.07443044684819815
2454,0.2224752332429141
2455,0.13110576226416032
2456,0.04547520271676405
2457,0.04873501143356205
2458,0.05627027249473698
2459,0.07234108373228168
2460,0.12233032483121972
2461,0.21453243533654184
2462,0.2346108682619047
2463,0.2256120712104103
2464,0.13161639426956592
2465,0.046062917089019585
2466,0.042131841007861215
2467,0.058986263700719896
2468,0.06909732968459376
2469,0.24658394870268238
2470,0.10920748547316252
2471,0.14073099277902432
2472,0.05590355133015864
2473,0.06498749832386304
2474,0.11989002179302871
2475,0.15801875751610048
2476,1.0430198503888435
2477,0.13888867250755144
2478,0.14567104613525975
2479,0.06422754380617274
2480,0.1464312206583703
2481,0.2640566636640988
2482,0.04456475767813784
2483,0.04458894949293072
2484,0.03979727982884266
2485,0.0518343132374033
2486,0.07689995287076269
2487,0.2118209143990148
2488,0.17291048494834607
2489,0.15483503344730348
2490,0.1479783466295604
2491,0.16465708214073607
2492,0.03888699650020965
2493,0.03945096345505672
2494,0.06168994492477343
2495,0.07440793318867622
2496,0.12511594463064193
2497,0.14218332955595728
2498,0.28086939438485253
2499,0.3099465447481556
2500,0.38762500262071836
2501,0.2419404366127441
2502,0.1623078283567262
2503,0.0430376899987495
2504,0.06285508368504747
2505,0.06828478355713666
2506,0.08794155906335852
2507,0.1444185826961145
2508,0.16753810552154944
2509,0.17441225247432826
2510,0.3538475724982191
2511,0.16757805313694904
2512,0.05586384310634884
2513,0.06202963404595729
2514,0.0697096763468964
2515,0.09945040396962643
2516,0.178045292087203
2517,0.22511641617311332
2518,0.3706599696685004
2519,0.17879335834599852
2520,0.1901780664887049
2521,0.04187396175043944
2522,0.03848802944233536
2523,0.06419915206767315
2524,0.19883358299205492
2525,0.3379993151114377
2526,0.15027759099359866
2527,0.17951451054876238
2528,0.5536549218870249
2529,0.4012405768958846
2530,0.2846378926412869
2531,0.23852966279326118
2532,0.2806742894921646
2533,0.14451784127730882
2534,0.012376023584892334
2535,0.04463612265641968
2536,0.04134568612621227
2537,0.04725639912133819
2538,0.049032045026999545
2539,0.16202950596870858
2540,0.14750309062986205
2541,0.1949083305943222
2542,0.04742294621851521
2543,0.04238549033207101
2544,0.03891349767069714
2545,0.045114554996058764
2546,0.047297084742395724
2547,0.08552090209058526
2548,0.45454776332461766
2549,0.296352140227666
2550,0.3038803366611606
2551,0.1822893027144638
2552,0.22900137808376106
2553,0.08963034950445989
2554,0.17612915928406694
2555,0.2885276318186461
2556,0.2977912248351821
2557,0.27096708452657314
2558,0.20441337209080448
2559,0.07166777282510907
2560,0.15295556645709465
2561,0.9936438516074385
2562,0.8073444800994668
2563,0.19672798351292692
2564,0.33045926923713087
2565,0.2991072482420166
2566,0.22443932428169658
2567,0.21513684215390677
2568,0.05155966800138839
2569,0.1738055416261209
2570,0.5214503711621965
2571,0.10263084564704303
2572,0.04365449196748724
2573,0.07444554335713094
2574,0.4126894852500594
2575,0.2902490233001172
2576,0.2701348605761058
2577,0.36511463857136434
2578,0.3989561211083013
2579,0.17356754619386644
2580,0.15978383321499434
2581,0.12479916598227088
2582,0.1097099916028801
2583,0.3210497419169144
2584,0.32880824120515184
2585,0.2013964001770458
2586,0.05315041779996511
2587,0.0667802309554424
2588,0.08224418430075232
2589,0.1815211042911773
2590,0.6893349514469564
2591,1.3675164465455643
2592,0.5132938376944226
2593,0.45458939439323287
2594,0.3024543168874102
2595,0.4710717878792456
2596,0.15564828482975612
2597,0.1262955155283245
2598,0.09685401944362185
2599,0.09529115874757726
2600,0.11171494351179596
2601,0.0408919386128496
2602,0.3061759957275061
2603,0.6424637196364806
2604,0.17264048706431143
2605,0.2379286299405786
2606,0.2346089297514387
2607,0.14670510053741262
2608,0.4083158313634561
2609,0.0465345050687495
2610,0.0364308784432288
2611,0.0446043818368692
2612,1.0898444844402373
2613,0.6730868296762181
2614,0.06083475912538179
2615,0.21829386855129174
2616,0.2598093805673661
2617,0.4427856742431123
2618,0.33368845045822254
2619,0.20383705588357806
2620,0.8205716554865311
2621,0.40568145621879076
2622,0.5648243678018242
2623,0.5402398593486216
2624,0.5102144513849453
2625,0.41388251662641434
2626,0.3337054660423139
2627,0.11806756932192097
2628,0.8597369854682227
2629,0.5355484390244487
2630,0.19413864625612567
2631,0.177937257816856
2632,0.15247382229160863
2633,0.1503238155198894
2634,0.1236722872871986
2635,0.08301851776319673
2636,0.07210800574839454
2637,0.09049110874023161
2638,0.5800044225887232
2639,0.03552629537093015
2640,0.3043378478655529
2641,0.09256387795840273
2642,0.09752222826647265
2643,0.09483313474343096
2644,0.8305141507278834
2645,0.034999066345735935
2646,0.15603243659569802
2647,0.2202862670403858
2648,0.25747644970507094
2649,0.4452712201296255
2650,0.041630924955015365
2651,0.08828480332730879
2652,1.0765188760041726
2653,0.24609715693410725
2654,0.22323358979928126
2655,0.17764914549019128
2656,0.11975912312303276
2657,0.047476317196782296
2658,0.14845326370541254
2659,0.03337419175351989
2660,0.0394039612024817
2661,0.18791909946053084
2662,0.11301951923545782
2663,0.1068091336635333
2664,0.17199978616269312
2665,0.15460011817067695
2666,0.12420986050034112
2667,0.13418540509666937
2668,0.14817227053998966
2669,0.04470489129530278
2670,0.0664338307866996
2671,1.0376189160820752
2672,0.596918079062019
2673,0.5204119558899281
2674,0.19716828972246445
2675,0.19854743377402573
2676,0.1994472348328366
2677,0.1991248114487768
2678,0.18622199800562578
2679,0.17574836590338117
2680,0.12016521582491947
2681,0.13092349759936028
2682,0.10638030791578136
2683,0.06911259329657206
2684,0.4691249466326995
2685,0.29468341757223876
2686,0.1327292462149121
2687,0.16759857626155467
2688,0.1252241838375534
2689,0.012654406183832161
2690,1.3829175147822312
2691,0.876390124883707
2692,0.7440668608058225
2693,0.49463447481128364
2694,0.2017576212245851
2695,0.2075407553100005
2696,0.188747694054924
2697,0.13635004036323
2698,0.051701033971971365
2699,0.17438422389011934
2700,0.19038629237777516
2701,0.21345843310638635
2702,0.17459472289672012
2703,0.2725930316216604
2704,0.8261219369639147
2705,0.13207446502044787
2706,0.05766869836941559
2707,0.05852617235064208
2708,0.14383822561450244
2709,0.15618802282118338
2710,0.12356577629570938
2711,0.5675382269097249
2712,0.18934870865133946
2713,0.04430920232695543
2714,0.04699975553780829
2715,0.06511528530521615
2716,0.06620460874794033
2717,0.09675089126775775
2718,0.11619590804857652
2719,0.2566236301227351
2720,0.17427833610434362
2721,0.1982059864493883
2722,0.15880346566195097
2723,0.1177194646858663
2724,0.16994906054913173
2725,0.1455184269815727
2726,0.12206408844826726
2727,0.11669962606772277
2728,0.04677762435393466
2729,0.059086511331390194
2730,0.060903846987243965
2731,0.08768228984662958
2732,0.20047728465612458
2733,0.40415177160916504
2734,0.03897930299104958
2735,0.4657196998100524
2736,0.13165853518762485
2737,0.12239741531103512
2738,0.16150403911968092
2739,0.14588736331404292
2740,0.10505789255870633
2741,0.06656187460505847
2742,0.05086424647542961
2743,0.0679436072758538
2744,0.1624561856766591
2745,0.4034133474390866
2746,0.013007184336393082
2747,0.10797549271881345
2748,0.1348502295659978
2749,0.3016185180202239
2750,0.1761222169618665
2751,0.15807181569143836
2752,0.1315254642769203
2753,0.04307066214315667
2754,0.09022866560718544
2755,0.1760726700990416
2756,0.42689344255961875
2757,0.23272936939220118
2758,0.15911830225412554
2759,0.28375017022344584
2760,0.3474319052505847
2761,0.14810542563134416
2762,0.07892359192307367
2763,0.06163697878472713
2764,0.047347869870652974
2765,0.1573253233227707
2766,0.17403687332546727
2767,0.16359674663466867
2768,0.15323338336901798
2769,0.2431569855466106
2770,0.21329692992454188
2771,0.05607984547732037
2772,0.08497704673326413
2773,0.18756738998418182
2774,0.4494041199763377
2775,0.1629150144006239
2776,0.10753501771222966
2777,0.0891255817406066
2778,0.2266047268247297
2779,0.40451720022297344
2780,0.1850186115504187
2781,0.06145705365815434
2782,0.05796207604978903
2783,0.19382892082478745
2784,0.40563513957853403
2785,0.532361638901914
2786,0.16762197798903503
2787,0.10345018902047896
2788,0.09401107612318475
2789,0.13767293032361652
2790,0.1588965488912018
2791,0.18116479813107103
2792,0.07277186202923319
2793,0.05997032911951086
2794,0.044581219733303964
2795,0.5030011873505824
2796,0.14906038196825863
2797,0.12720456852778664
2798,0.16446926546467097
2799,0.188470994145005
2800,0.09716109207040169
2801,0.08900995402928433
2802,0.05529600847278652
2803,0.052952961273510575
2804,0.054877996048915086
2805,0.0606030489708434
2806,0.19146686684055075
2807,0.19477841477525124
2808,0.1736070470495472
2809,0.16946633554728707
2810,0.4603981068872322
2811,0.5323351521079867
2812,0.22562649470757062
2813,0.1645952478574098
2814,0.7593843293721902
2815,0.2920333015472054
2816,0.2282841323236177
2817,0.195512895258698
2818,0.05123399846443574
2819,0.04644584169260607
2820,0.18978169083450405
2821,0.7021454275901309
2822,0.11707241120965041
2823,0.1569675585634589
2824,0.22621599437029735
2825,0.10187440964198624
2826,0.07565671312167598
2827,0.05649987458449277
2828,0.05494159804899738
2829,0.05129810972618366
2830,0.0870134323252412
2831,0.1525377930816859
2832,0.14274647165013796
2833,0.13016342098684902
2834,0.1637549996085074
2835,0.9990276766830956
2836,0.12401197019589308
2837,0.17509829384264003
2838,0.17756532461119828
2839,0.21647785362425498
2840,0.3362219968269789
2841,0.2642699904906015
2842,0.2714731404287641
2843,0.149918086013999
2844,0.1669841390044143
2845,0.14086881941128146
2846,0.14287606679369685
2847,1.1734350386952035
2848,0.2724012130915868
2849,0.2700073764955581
2850,0.1109881521267033
2851,0.09503301980110933
2852,7.123059737888223
2853,0.06147017153946266
2854,0.061191645615785537
2855,0.13979122856763218
2856,0.15632936118758436
2857,0.12900869169559742
2858,0.13553709488114674
2859,0.03226226786833245
2860,0.1180523565600465
2861,0.12871422020312714
2862,0.19357150342621554
2863,0.3321855665063706
2864,0.5035751699637215
2865,0.5781050006779949
2866,0.3127286615026934
2867,0.4125019089170313
2868,0.2148524312527256
2869,0.14018240451497876
2870,0.14928468937860193
2871,0.18851707117983546
2872,0.014476390272018963
2873,0.1163597831519281
2874,0.10754915422065756
2875,0.14852021977449867
2876,0.1885432539747493
2877,0.22506535637271166
2878,0.5648321692699056
2879,0.5326615439416258
2880,0.21399131431343313
2881,0.26371547314843263
2882,0.35272012671758185
2883,0.048767540349093065
2884,0.10684947751833203
2885,0.11568345543806653
2886,0.12974467593811034
2887,0.29260840671313787
2888,0.25902240163692086
2889,0.31307330057846294
2890,0.5162901024439708
2891,0.17957578816718428
2892,0.06006241219162032
2893,0.12875799229353324
2894,0.10540720830996313
2895,0.10664445284855291
2896,0.10606073658894183
2897,0.11096300234781584
2898,0.18482618871703763
2899,1.0313405816471546
2900,0.2681020746117946
2901,0.5978049717819104
2902,0.5374804183877638
2903,0.3018954853145155
2904,0.17466193644897038
2905,0.057520656646848016
2906,0.0573797240979052
2907,0.06834264429962711
2908,0.1107753528136107
2909,0.1502735727634893
2910,0.1241058940912419
2911,0.19086956004034947
2912,0.10417471580368368
2913,0.21408648203476655
2914,0.21134674709183388
2915,0.32863285734676984
2916,0.7000056153205086
2917,0.2438675922378144
2918,0.2301622008902778
2919,0.2624200451658148
2920,0.3186116676677426
2921,0.44210508251757313
2922,0.2723721937842197
2923,0.17348919784066136
2924,0.10059417173528651
2925,0.09968701032879299
2926,0.13593250600822426
2927,0.150729353350369
2928,0.2092610317322854
2929,0.2994082377121919
2930,0.3563660831797498
2931,0.2748777626766895
2932,0.5040754240137462
2933,0.057333274363936704
2934,0.06155503011277525
2935,0.06246893932027892
2936,0.15914786863486813
2937,0.11629250162909456
2938,0.09721632240595786
2939,0.1212332119542841
2940,0.26711086631245035
2941,0.34000803759332304
2942,0.38518036885316564
2943,0.32469746796610055
2944,0.7036501508718754
2945,0.43712278158362317
2946,0.2756613043262128
2947,0.36706557138322765
2948,0.6749375670991771
2949,0.3312802017879783
2950,0.054479846477538674
2951,0.05092503860496823
2952,0.06198285253155372
2953,0.16999241757717523
2954,0.1734287145958653
2955,0.15161359439866245
2956,0.1875646244783566
2957,0.08354072617381929
2958,0.094782829785062
2959,0.09508963424801355
2960,0.09817579904299194
2961,0.3725860721415268
2962,0.5839516562704676
2963,0.5187074194882135
2964,0.6138672991193427
2965,0.27795094252145164
2966,0.3271052360823852
2967,0.4301861410140829
2968,0.3808495009127737
2969,1.053703610046498
2970,0.1727068250495739
2971,0.04902111329110381
2972,0.04841270424622427
2973,0.050793857395290944
2974,0.08165857794388785
2975,0.17900964016629542
2976,0.1861368131080957
2977,0.08087744293545979
2978,0.09240112360171357
2979,0.09395771700925937
2980,0.1706406469264691
2981,0.20511814111695276
2982,0.6648762412321833
2983,0.28288439442209273
2984,0.4678491785540707
2985,0.455726760396232
2986,0.05773280412149163
2987,0.079495794940517
2988,0.46888923160934576
2989,0.1805485701930158
2990,0.23282496970639296
2991,0.24696509423760718
2992,0.41899568359627
2993,0.3311427787796711
2994,0.25093765663813233
2995,0.6168912006007726
2996,0.6488981502422824
2997,0.5494911289199604
2998,0.4486065102318139
2999,0.5663500034503444
3000,0.5837650623434303
3001,0.5231845849381309
3002,0.07418591596811341
3003,0.06518759631813192
3004,0.20465866096057872
3005,0.7471646148123152
3006,0.110603579773378
3007,0.08287527430253763
3008,0.07821220147885101
3009,0.08160566266804876
3010,0.08745330485269039
3011,0.09691766610696084
3012,0.16023182350354528
3013,0.16702033934246185
3014,0.2369394011949799
3015,0.37445751581362086
3016,0.20369453383196745
3017,0.6473866717976611
3018,0.6260785174992045
3019,0.41388246276907026
3020,0.0585569785772667
3021,0.04610418861341164
3022,0.055680717839106796
3023,0.20407699432736076
3024,0.2065960129477131
3025,0.13546423882278116
3026,0.1231589093003068
3027,0.07656503883335553
3028,0.08032333472556737
3029,0.08406940750226592
3030,0.18385563634587682
3031,0.19289406641982126
3032,0.2555598067891367
3033,0.3445251334191882
3034,0.6010041434944559
3035,0.27828602637816574
3036,0.1819092286326804
3037,0.4590229272871941
3038,0.48323113498517883
3039,0.3273906125824958
3040,0.06762063297121977
3041,0.06125957069178899
3042,0.05670424648477296
3043,0.0692303668714871
3044,0.05198211001632498
3045,0.07849769299916692
3046,0.08339738591112858
3047,0.08347318147377236
3048,0.09263188035101608
3049,0.14936591561264276
3050,0.15530871675561542
3051,0.1938656310151502
3052,0.24186993195534803
3053,0.3843740763057788
3054,0.6461163929120347
3055,0.9498424570951869
3056,1.1056389247161174
3057,0.8126378804000265
3058,0.07831668717338808
3059,0.061181054700946785
3060,0.14055281127774427
3061,0.5163929076521816
3062,0.051989783992472186
3063,0.053066733134225955
3064,0.06844480912176859
3065,0.08053517291279873
3066,0.1689363701948574
3067,0.18496185278969532
3068,0.35184147424585416
3069,0.3970315346488346
3070,0.2188105420564282
3071,0.17506494235663292
3072,0.6632863737852039
3073,0.18202166549274076
3074,0.6120690962545486
3075,0.07638257986490855
3076,0.07937299199455011
3077,0.13872205850905775
3078,0.1938024078598755
3079,0.2576821341708938
3080,0.4094605702754319
3081,0.7005150209993093
3082,1.0774520476932934
3083,0.10745942915716347
3084,0.05656602514559948
3085,0.054979708371279155
3086,0.059052283324734424
3087,0.3001916015822923
3088,0.2579174076510437
3089,0.47908604440259844
3090,0.06665972846585126
3091,0.06780636703335965
3092,0.09250602278218753
3093,0.16800729261562353
3094,0.1927710435276667
3095,0.29314775376296326
3096,0.5026785951867376
3097,8.494946350108581
3098,0.8766752517500525
3099,0.6824453186903074
3100,0.66400671928788
3101,0.3478675652746039
3102,0.06482595177322449
3103,0.0495865640717939
3104,0.5488917406216816
3105,0.1369382296151711
3106,0.11241955292146187
3107,0.07149506852730453
3108,0.07191453185923556
3109,0.07403615674337581
3110,0.07562971472413979
3111,0.09018918691526387
3112,0.15386947981063576
3113,0.1601219534655028
3114,0.2366142347437317
3115,0.25149961425090234
3116,1.1290275617547383
3117,0.6959163385034131
3118,0.2894382483439855
3119,0.12171101684004793
3120,0.06463112893053428
3121,0.05855395194967009
3122,0.11364146646494207
3123,0.07944270345446193
3124,0.05430168125507998
3125,0.07183332674254074
3126,0.07906188119984955
3127,0.11011208717741147
3128,0.13227744448403733
3129,0.41681061526034846
3130,0.45750276439288945
3131,0.7637156902089991
3132,0.7769668912277703
3133,0.6526407877357461
3134,0.21349184327353485
3135,0.3251439373485932
3136,0.40736806719203833
3137,0.02993636285093924
3138,0.24046177759486695
3139,0.6438678324226107
3140,1.6078268320580562
3141,0.4255561871121913
3142,0.6319343537866304
3143,0.6687339395530165
3144,0.15265751116949094
3145,0.05373616748808291
3146,0.0474579137182392
3147,0.4161110049133509
3148,0.07531216360711791
3149,0.06727739980608005
3150,0.0691349564444194
3151,0.0700112445838919
3152,0.08185922233443761
3153,0.10060093294551938
3154,0.10597004645212098
3155,0.10887083993727174
3156,0.2470255940546093
3157,0.5657989288508065
3158,0.24113763837489116
3159,4.4525219145338415
3160,0.5403499538011687
3161,0.634752049338013
3162,0.049317908548226104
3163,0.5927305860592551
3164,0.044000157175815784
3165,0.06205385362019109
3166,0.0629116691425907
3167,0.06772386175974704
3168,0.08882726203219085
3169,0.1529342459854579
3170,0.48470724874932336
3171,0.2701129013025546
3172,0.49946628709691576
3173,0.05819507610274065
3174,0.06016494682969567
3175,0.08458814720721111
3176,0.08642138038169483
3177,0.11644820782913286
3178,0.5043871814370262
3179,0.2798782966833406
3180,0.05702902243006562
3181,0.2884884045004249
3182,0.06615852725547618
3183,0.07069481677555428
3184,0.11520590713254462
3185,0.12202640419981987
3186,0.5793246855665448
3187,0.5763377948907347
3188,0.42018563035730466
3189,0.05523083066085502
3190,0.04853021734521835
3191,0.05074963235151665
3192,0.06515081467486619
3193,0.171999492926666
3194,0.05696119532192758
3195,0.053779764572374635
3196,0.09766153581657219
3197,0.5868057964635108
3198,0.5130270610858667
3199,0.670031982769663
3200,0.49577663481895834
3201,0.9888647884351025
3202,0.1320677025252312
3203,0.10240571822954349
3204,0.06170680781021542
3205,0.05499968292967996
3206,0.0797862539966615
3207,0.060727365461433924
3208,0.0590199132792784
3209,0.05739919169144292
3210,0.027163833401431303
3211,0.06337828275323637
3212,0.15180030902236666
3213,0.17465916602834947
3214,0.18120972190757925
3215,0.30682451083074713
3216,0.06411154219934434
3217,0.6358421155210636
3218,0.5723582786235623
3219,0.05599926410929932
3220,0.2959806182514796
3221,0.050896562744022766
3222,0.05236842396299595
3223,0.2120574426309646
3224,0.8734825787866933
3225,0.5655183105031818
3226,0.7452975027558776
3227,0.7328412052527333
3228,0.7225973210007712
3229,0.34798007602084774
3230,0.5865560132580261
3231,0.049606572573264715
3232,0.04768141930942605
3233,0.05059532891584741
3234,0.05869300513666409
3235,0.05923406252498966
3236,0.09800470622473319
3237,0.1258621167088595
3238,0.13686394355899575
3239,0.14936785665894206
3240,0.9485060724135781
3241,0.45379800762535877
3242,0.13901767684388888
3243,0.04656205114771923
3244,0.10039960306391374
3245,0.17293322307804998
3246,0.05292913283229115
3247,0.058189184589247676
3248,0.08876628784339569
3249,0.0906480654602327
3250,0.11704704831369195
3251,0.1200798632277327
3252,0.1335159156058458
3253,1.1249337693749768
3254,0.3527475618598102
3255,0.07081995570375157
3256,0.045341065912231235
3257,0.050595550206238626
3258,0.09146639364771811
3259,0.09545264371837806
3260,0.13716846166492727
3261,0.1690918270702195
3262,0.2666462783804554
3263,1.1211901558484985
3264,0.2962658301264566
3265,0.045918075931429464
3266,0.051352410941975624
3267,0.0527390349496067
3268,0.10240198980475207
3269,0.33052509495795745
3270,0.29688784856022105
3271,0.04417907184701789
3272,0.06431946151339982
3273,0.08848481297293001
3274,0.1333548556994627
3275,0.17312208513788996
3276,0.2168711150208936
3277,0.7876075791617371
3278,0.14329601358203437
3279,0.5379202515348308
3280,0.4913606051668018
3281,0.0426181576574405
3282,0.04925054383464627
3283,0.05429671430078275
3284,0.05765144541440333
3285,0.11024806952855978
3286,0.15228082932434242
3287,0.15559962849709433
3288,0.1738200994716879
3289,0.2183810417121785
3290,0.2652247690020099
3291,0.04527280651142457
3292,0.45584109496585223
3293,0.04944240569788307
3294,0.05577023102695158
3295,0.12325424335672255
3296,0.14653304496431124
3297,0.15239589898308503
3298,0.2547988292314472
3299,0.5485414283825786
3300,0.04351490126066411
3301,0.054720110963771176
3302,0.12775014929820575
3303,0.15699698234423776
3304,0.32998430437287163
3305,0.5628848783810005
3306,0.40477626898274816
3307,0.28603523150278387
3308,0.7030615050648262
3309,0.629023326946449
3310,0.04862411030713587
3311,0.048869762736079896
3312,0.050464331867222476
3313,0.05661912931342451
3314,0.26893092688563836
3315,0.06041578930449364
3316,0.05453656446990951
3317,0.44582011373836256
3318,0.27391978219292806
3319,0.05205685992684752
3320,0.10738323270518675
3321,0.1312484579574933
3322,0.17657130749373703
3323,0.4073638380109782
3324,0.311214059694048
3325,0.06867182743063563
3326,0.31453036563107056
3327,0.057387342415187476
3328,0.11676878057961017
3329,0.11879265496573145
3330,0.22367499535881508
3331,0.23676801234344746
3332,1.0135066680644345
3333,0.07216477125821788
3334,0.30378910597542497
3335,0.08039227685190689
3336,0.12052616216110709
3337,0.1804305816333966
3338,2.07489496903346
3339,0.20747061170762976
3340,0.14669462747445844
3341,0.13294929413379478
3342,0.10314886830425764
3343,0.260012096555015
3344,0.21437199939751153
3345,0.24710299470107588
3346,0.047285449882138765
3347,0.05654856281148634
3348,0.13590280866847004
3349,1.7229072178884275
3350,0.321944944419232
3351,0.10474091392513489
3352,0.12233492092374752
3353,0.04589199935295205
3354,0.04620273033762681
3355,2.044940707843104
3356,0.25702687888638825
3357,0.28414751045997255
3358,0.056941875962931765
3359,0.0922111372161692
3360,0.22931412287132596
3361,0.300293661725276
3362,0.6291308386344602
3363,0.11418805337525359
3364,0.5872828297998454
3365,4.613362801507207
3366,0.979408966504497
3367,0.9967115763334996
3368,0.33393546838308696
3369,0.047970747786872985
3370,0.07687543925628564
3371,0.07802883319305343
3372,0.08410200705569644
3373,0.101736038357235
3374,0.16703552128365576
3375,0.17365864854405402
3376,0.18834901254215852
3377,0.7323435291686414
3378,0.6363941866918235
3379,0.05348786903868091
3380,0.04512948047185934
3381,0.19157835879001153
3382,0.29968099880508564
3383,0.014058708226165981
3384,0.07904034017755972
3385,0.08743785278075228
3386,0.09385390431710468
3387,0.10883816067204413
3388,0.1117842500244402
3389,0.16310894087771838
3390,0.17581414045817792
3391,0.20651157229049508
3392,0.2154197458470297
3393,0.461638220549975
3394,0.6870295249087506
3395,2.5312734927866054
3396,2.1442301653249984
3397,1.4663337206182596
3398,0.48047996181306096
3399,0.2000852267105409
3400,0.18073078389037903
3401,0.11242936856570163
3402,0.04379494338520658
3403,0.04371675182974816
3404,0.37070219572563523
3405,0.10521224216147021
3406,0.06583246587288932
3407,0.06763964605744302
3408,0.08103443507328084
3409,0.09098711662587262
3410,0.11987542766675512
3411,0.1839135726234972
3412,1.1275167528130334
3413,1.4941128833049706
3414,1.1273122387692462
3415,1.0067429301640414
3416,0.2134452566576891
3417,0.17972975462738647
3418,0.03425014152417524
3419,0.06738510696137931
3420,0.07743294947312528
3421,0.08062440912792446
3422,0.10903711831952707
3423,0.1452369022491157
3424,0.15496699844319695
3425,0.19076605357755544
3426,0.8395125390936206
3427,1.3045315309369228
3428,2.1168349397072346
3429,1.7786658762553325
3430,0.4516205925586528
3431,0.04576232101058226
3432,0.0775475312578156
3433,0.10618541556138385
3434,0.03524968112563828
3435,0.05665398430793602
3436,0.0710357293911958
3437,0.16074491198075694
3438,0.18972140333588203
3439,0.19825378662398285
3440,1.194686955122875
3441,1.701841107725282
3442,1.7891061550584169
3443,2.0384107752540994
3444,1.8011776272889124
3445,1.3278993412194136
3446,0.9388051812890179
3447,3.740232181435939
3448,2.1546050913229298
3449,0.09354144664299192
3450,0.059629710193606016
3451,0.0854534798831472
3452,0.25900263749367874
3453,0.11216699626292681
3454,0.063203802382756
3455,0.0655473247423509
3456,0.07997920101502949
3457,0.1204379641544781
3458,1.1462587934383182
3459,2.286592573349836
3460,1.5540553806508366
3461,0.23510273932606768
3462,0.9099721684147515
3463,0.07907444920866986
3464,0.06092706111037068
3465,0.0733351783443923
3466,0.37856821398010376
3467,0.11128082661479347
3468,0.1818356210638877
3469,1.6236482671688304
3470,0.07622457974276695
3471,0.34081499805711535
3472,0.014177202038506363
3473,0.05424601857591555
3474,0.07346574191388869
3475,0.17692226522017718
3476,0.9699112925636694
3477,2.850188127702043
3478,1.5734252896021514
3479,0.9771410466459627
3480,1.8394168604446193
3481,0.056816094059701956
3482,0.08936740455313934
3483,0.13035297942589982
3484,0.039521400234950474
3485,0.06498551363965309
3486,0.11967430480230057
3487,0.1644899691476166
3488,1.6498843478347291
3489,1.6476906261238269
3490,0.08632942224743692
3491,0.26387175882866654
3492,0.043003259699714844
3493,0.014139018476533453
3494,0.057934182022171196
3495,0.07789390554592616
3496,0.12405118422664063
3497,0.1995104863213728
3498,0.14277507325305658
3499,0.15871339923801794
3500,0.03467333752234558
3501,0.013604007334843581
3502,0.08755291717434584
3503,0.09216511717315283
3504,0.09673607116184062
3505,0.10738455242747325
3506,0.13298230479296388
3507,0.14269171804765174
3508,0.18264578951960092
3509,0.7142084826383324
3510,1.4296636582033995
3511,0.6972254964508324
3512,0.20710713534749803
3513,0.18722906945801226
3514,0.5424712508256213
3515,0.04566485217619864
3516,0.07140412814736649
3517,0.12553707434586167
3518,0.15566466310345226
3519,0.19800725153683735
3520,0.14441493289735569
3521,0.013801315595361125
3522,0.12091285138247836
3523,0.2025841822789899
3524,3.815271226388196
3525,1.4344198991351436
3526,0.7460167543113528
3527,0.06560593652235859
3528,0.06948372149519527
3529,0.14255957449303522
3530,0.15203218611097677
3531,0.014004318619760352
3532,0.14325971871651993
3533,0.7017407097376933
3534,1.6255697007721825
3535,1.047449965225914
3536,0.1678054341285751
3537,0.1422863578545362
3538,0.034034231493580584
3539,0.09524683106421335
3540,0.09538051878329491
3541,8.714069685488191
3542,0.42177916953014216
3543,0.1817381987901582
3544,0.11063711365432656
3545,0.1162064959047795
3546,0.14514469029901908
3547,0.19660157821421503
3548,0.110782623894122
3549,0.21246986508651397
3550,0.6362227264125855
3551,0.6713733516956581
3552,0.1942081465141539
3553,0.18210171421846835
3554,0.07575537238324598
3555,0.10422040245345064
3556,0.14615420244791785
3557,0.03331424856466546
3558,0.08948266531389121
3559,0.09486180587318098
3560,0.10069152917611673
3561,0.10139421495279369
3562,0.10155456138277837
3563,0.11332167778283371
3564,0.12409464147954248
3565,0.13248370438651186
3566,0.8954078202657638
3567,0.029842434620405374
3568,0.0947323231621332
3569,0.09838816353378552
3570,0.1580853023985684
3571,0.8862333192754375
3572,1.030554542057073
3573,0.19970885680630565
3574,0.7567240965080972
3575,0.44404033965637674
3576,0.19542569229670723
3577,0.17162825314403476
3578,0.12601434052170699
3579,0.08131025856302135
3580,0.10055087339444665
3581,0.10100163745514049
3582,0.03287600187682805
3583,0.030344429096451263
3584,0.013828486438641412
3585,0.103815984680918
3586,0.1771666683876323
3587,0.1871455146623726
3588,0.27188966087403543
3589,0.838142054596472
3590,0.2253831999571536
3591,0.15752204042084597
3592,0.0685807524666498
3593,0.09916912958278098
3594,0.11083481553564324
3595,0.11539871508981145
3596,0.2007011154455146
3597,0.033487732766571576
3598,0.13401362367442668
3599,0.8202053283598725
3600,0.7958993273947363
3601,0.19197033190591198
3602,0.31375858457385425
3603,0.3347444794015987
3604,0.3576008476688854
3605,0.2609098085924909
3606,0.07274439674199802
3607,0.07906660537458043
3608,0.11459969861071354
3609,0.21255660495149192
3610,0.20729758709145682
3611,0.19636828382282723
3612,0.08817857688505402
3613,0.03503167062169
3614,0.03353906238580929
3615,0.11558852940230224
3616,0.6692469792673086
3617,0.2504948208426357
3618,0.2643485684320228
3619,0.27936196863372137
3620,0.06580483043928793
3621,0.09302011916566352
3622,0.09461325648064497
3623,0.0999616709165358
3624,0.21305346508771353
3625,0.027089919784257382
3626,0.10021474777136383
3627,0.13531073713941358
3628,1.2293119709342457
3629,0.17370350166908635
3630,0.598944357476383
3631,0.59228345866126
3632,0.24369128398625625
3633,0.09044112636279014
3634,0.2771126162377106
3635,0.278834646780744
3636,0.2666229744055605
3637,0.1474221888916661
3638,0.6974402361110704
3639,0.2288857725856753
3640,0.2503600835723565
3641,0.2983007060865546
3642,0.2684723060752892
3643,0.35499028316332076
3644,0.3424378148800394
3645,0.14105224717990872
3646,0.06614431629490293
3647,0.08358128034627002
3648,0.08724061808398724
3649,0.11097643469535565
3650,0.265496264825438
3651,0.03125408877175322
3652,0.07744327753892317
3653,0.08126687875986056
3654,0.12215789933976832
3655,0.6657818753498823
3656,0.2016065801961437
3657,0.3132561416474017
3658,0.2819107540542613
3659,0.32290023936502255
3660,0.08498533477319474
3661,0.1681467629330779
3662,0.8484633697131924
3663,0.2537719752671385
3664,0.17918294786515285
3665,0.10783817173019755
3666,0.06348315601529166
3667,0.08363691551679457
3668,0.03234826518777729
3669,0.13184583719587994
3670,0.6934653178947715
3671,0.2667981694225334
3672,0.22960196387647008
3673,0.24624691269577073
3674,0.18566151845339177
3675,0.059385187824883064
3676,0.11665194486349165
3677,0.12091611095189266
3678,0.14726441502387644
3679,0.40589140809861923
3680,0.4325981410245317
3681,0.7553791744395812
3682,0.23898752916463334
3683,0.16995064622727263
3684,0.25439227037954226
3685,0.012804700787563216
3686,0.13845981640051727
3687,0.15369471076846175
3688,0.15444749736647154
3689,0.20143936886201874
3690,0.18492186161870725
3691,0.21720788964143264
3692,0.20911210203766925
3693,0.1779442777943686
3694,0.06548750493401034
3695,0.07485606314102639
3696,0.08968518756279348
3697,0.22090185433045642
3698,0.09168346958110801
3699,0.10918879713729028
3700,0.16193683706686696
3701,0.1333565483547687
3702,0.14405129717617948
3703,0.2141447881586636
3704,0.19627649619654186
3705,0.06325788593422309
3706,0.0876928882390617
3707,0.16484983178099213
3708,0.11921689732862757
3709,0.14982839742714812
3710,0.1524718343672361
3711,0.19385264290630974
3712,0.2012082956407652
3713,0.23174564817256404
3714,0.020712828634038335
3715,0.14031776011921818
3716,0.13666883685612013
3717,0.18924680404506977
3718,0.19985669165209147
3719,0.15126028823362075
3720,0.14231455706984486
3721,0.1731307461026201
3722,0.8745174670184426
3723,1.5952216420789815
3724,0.21912468765059767
3725,0.12808279777966564
3726,0.12111832105366259
3727,0.1147781872608693
3728,0.07105319643161723
3729,0.07130719979399637
3730,0.18316734095990042
3731,0.1758012670031659
3732,0.13273805720939336
3733,0.1376980860208048
3734,0.1563898520087838
3735,0.24153256192537897
3736,0.38458230131960114
3737,0.06540701230155548
3738,0.1607296696318529
3739,0.32227667929147086
3740,0.21627178848861017
3741,0.16950973582041765
3742,0.16424774774156922
3743,0.1461343622222388
3744,0.14068446371509813
3745,0.1360924584324007
3746,0.14453973648416404
3747,0.16894127921868754
3748,0.24157154008967954
3749,0.9414242078730476
3750,0.08102186190616338
3751,0.06421210140483823
3752,0.06874479608499542
3753,0.20625289696923918
3754,0.1160305992093994
3755,0.20338788462015572
3756,0.2121771040102401
3757,0.14355834084630154
3758,0.1398560731275797
3759,0.16342492868405395
3760,0.31840779090972565
3761,0.131172541665029
3762,0.06062089791024711
3763,0.5492457902744804
3764,0.21832812260745454
3765,0.17049911367528614
3766,0.4477713270241933
3767,0.443223951922056
3768,0.15716356889568373
3769,0.14782097097556537
3770,0.1492568796826506
3771,0.1505135157771507
3772,0.1515781241624625
3773,0.06264274416773485
3774,0.2573296559438593
3775,0.2806718330542018
3776,0.18662536558985124
3777,0.19873568408367495
3778,0.13358886765963118
3779,0.14622912734750337
3780,0.11829754538140116
3781,0.23960025105888674
3782,0.09526140935069706
3783,0.4808392659101609
3784,0.491268344777129
3785,0.48795032774891456
3786,0.14584595289134136
3787,0.14594141844986627
3788,0.0661557360105551
3789,0.05222463153639026
3790,0.053031338962468894
3791,0.06274901586915546
3792,0.16068344032996296
3793,0.22316197471321159
3794,0.45642980996045446
3795,0.5619378596715294
3796,0.13333720549014688
3797,0.12842389939083348
3798,0.6554581457819832
3799,0.42038590469907244
3800,0.04705125860107413
3801,0.06095949340897704
3802,0.07891973582937507
3803,0.09953250331209879
3804,0.13481148829033257
3805,0.12846498083932995
3806,0.35159740463235
3807,0.3762077345709696
3808,0.5053859218184548
3809,0.2257910348746417
3810,0.048355087696549066
3811,0.04679537093349478
3812,0.04679818481585308
3813,0.04975707152631151
3814,0.05891954799465321
3815,0.06493016912897283
3816,0.07567448403612832
3817,0.09846154390663382
3818,0.2076078121084558
3819,0.11453351154075812
3820,0.19894340193086973
3821,0.20762016865222138
3822,0.22671682752783195
3823,0.12251905576937164
3824,0.12437418997448675
3825,0.7941177112347106
3826,0.2601665414234733
3827,0.047351993055281996
3828,0.04914513519246005
3829,0.050223934996214824
3830,0.06569067438382366
3831,0.14415892129296723
3832,0.12081118901065993
3833,0.12345680246853241
3834,0.12363740446705808
3835,0.12344479606661435
3836,0.2610993077404902
3837,0.7487259950440379
3838,0.04703502627891159
3839,0.046633077568174766
3840,0.06401624902310843
3841,0.09508735864079704
3842,0.38671716695892294
3843,0.2026979874496579
3844,0.44339701825099975
3845,0.3562708753382849
3846,0.4098250625509551
3847,0.3398045719912436
3848,0.16668931643629342
3849,0.0840501330131262
3850,0.0944950562553754
3851,0.16016720998822562
3852,0.7484503970744496
3853,0.11111808586924939
3854,0.10915188217208513
3855,0.10973000611775867
3856,0.8754717809901296
3857,0.11359623774541898
3858,0.04745822991322378
3859,0.13512272034355582
3860,0.8204661511388661
3861,0.11156199143200465
3862,1.4506819616599413
3863,0.08600913094886833
3864,0.047616160775688934
3865,0.014844868061753154
3866,0.014512961073443572
3867,0.13173681775804913
3868,0.8016234520831313
3869,0.10670462736042581
3870,0.1071780864018174
3871,0.10540442024499452
3872,0.1224897730752514
3873,0.4745685194754017
3874,0.6499448943470789
3875,0.6688948217303208
3876,0.04861220048788558
3877,0.04946440917181125
3878,0.09233538249633268
3879,0.3042043077018124
3880,0.664943561143366
3881,0.1037500291171493
3882,0.10259976207113432
3883,0.09972879819163868
3884,0.2481299501560551
3885,0.059591862621830576
3886,0.14497183074966802
3887,0.14840068236829906
3888,0.10064215786559147
3889,0.09619195637747342
3890,0.0899578208926788
3891,0.22351844579520497
3892,0.2316110311513162
3893,0.5807355487387308
3894,0.04735869157706683
3895,0.04890436823526362
3896,0.25963167819588145
3897,0.10760127216666417
3898,0.09716100970682576
3899,0.19540839182294292
3900,0.45598842180268195
3901,0.23559334792473857
3902,0.4929946561983838
3903,0.09476758763392724
3904,0.13533232169392825
3905,0.4760894208625879
3906,0.3835932240386164
3907,0.05157571613618506
3908,0.04781433534556307
3909,0.12341533548649174
3910,0.013537486304717322
3911,0.11768987759993044
3912,0.09742070069813626
3913,0.17287216514659662
3914,0.3028431584060457
3915,0.372188707749184
3916,0.5584834989263949
3917,0.38446648657911187
3918,0.2923105619992719
3919,0.04942636667127721
3920,0.04819333232386044
3921,0.013772658502683575
3922,0.1841169768233179
3923,0.21444542837512032
3924,0.08635841402294724
3925,0.1801366759574663
3926,0.2874230431690987
3927,0.09693488257742007
3928,0.05109988927917393
3929,0.046952672157738025
3930,1.757336656671096
3931,2.0913394394965126
3932,2.8685137975905786
3933,0.09946857778553368
3934,0.08025673213454033
3935,0.08893315053779216
3936,0.114000128056583
3937,0.16583469258551545
3938,0.30299953704300336
3939,0.04713807338910403
3940,0.014978929255313028
3941,0.17331913794624434
3942,0.20997568619696433
3943,0.07905584253047714
3944,0.08029598063775825
3945,0.08289684880388348
3946,0.14620627148791124
3947,0.35417476508979256
3948,0.08191784942923985
3949,0.16158478940685062
3950,0.013427629495790598
3951,0.7747521387738818
3952,0.09896703708649236
3953,0.07667739032459077
3954,0.07841668313563849
3955,0.2058266883821267
3956,0.20972956935101073
3957,0.05015051483100628
3958,0.046091141623311405
3959,0.16064320779578883
3960,0.1651971073240119
3961,0.12254884158971813
3962,0.1447881593826777
3963,0.08566806011460734
3964,0.08210554413796775
3965,0.1312438361996304
3966,0.133216237115522
3967,0.18337411712642798
3968,0.20555740543226655
3969,0.2865291898802276
3970,0.1796748721824594
3971,0.052390960404582854
3972,0.04877985867368545
3973,0.12152392534780199
3974,0.7277000502504769
3975,0.9449638743651942
3976,0.07446076310468538
3977,0.09143631771465924
3978,0.1405034588070416
3979,0.21125952065573594
3980,0.22214478976175486
3981,0.16787631158393312
3982,0.12635985258171434
3983,0.0505798719728609
3984,0.12036054401898347
3985,0.47946671845663213
3986,0.10656698989832973
3987,0.11551243661730855
3988,0.21395787642573497
3989,0.10367809699026405
3990,0.013316167894053113
3991,0.14907454522763874
3992,0.09573149052991199
3993,0.10880818977977705
3994,0.1124014987064873
3995,0.21623529573091782
3996,0.06740095601057328
3997,0.12125625186547041
3998,0.13462812393488094
3999,0.19892571445842847
4000,0.013396184800368817
4001,0.15896151865540956
4002,0.500208623026054
4003,0.08916782407435649
4004,0.06780840042748383
4005,0.11317919588719329
4006,0.1703285180954224
4007,0.10790999934511993
4008,0.01453379451327134
4009,0.013299122593668661
4010,0.011499330682248446
4011,0.12459741583115959
4012,0.18477336528620641
4013,0.5693468363725103
4014,0.1341521139404153
4015,0.06764350340623385
4016,0.013522657559377918
4017,0.46045190057167984
4018,0.4496752280507035
4019,0.10309789312256683
4020,0.09148875988277752
4021,0.16901639040519098
4022,0.18395274958358335
4023,0.09618899835917531
4024,0.054427894795459765
4025,0.01446410597356502
4026,0.013850596590908511
4027,0.012133085851359025
4028,0.01198435216570551
4029,0.12030281812190384
4030,0.5061051237127673
4031,0.14737056851152922
4032,0.15598230150376233
4033,0.12255930747774534
4034,0.06574560333012855
4035,0.0930377622481917
4036,0.14718252192080905
4037,0.10299328515069124
4038,0.09677841663909875
4039,0.013318514934601915
4040,0.06121174689292602
4041,0.06066507925235263
4042,0.0629938389992682
4043,0.072577846240508
4044,0.11746669040424539
4045,0.13190293622421473
4046,0.06442226814287721
4047,0.14236639256496472
4048,0.11749045030241707
4049,0.07815839724204718
4050,0.014016998708850238
4051,0.09861517548334707
4052,0.09246464639551327
4053,0.059657976211106536
4054,0.13434628001888857
4055,0.1043573883532866
4056,0.09142906861447085
4057,0.13685822851765378
4058,0.16967662233328043
4059,0.18200503909258994
4060,0.10363757143073687
4061,0.09710317034626921
4062,0.07408498204227931
4063,0.13546762578921082
4064,0.09017222390195641
4065,0.09277512501966707
4066,0.08661866263323345
4067,0.013155561657617932
4068,0.013024624517218463
4069,0.17228322965552945
4070,0.10386325526744572
4071,0.08015165184877077
4072,0.08459496591278495
4073,0.08295323518110517
4074,0.013842493994155302
4075,0.1503965532279005
4076,0.16757484476294138
4077,0.09791510500831781
4078,0.06028852448929545
4079,0.11065466729455002
4080,0.12486543030771774
4081,0.12642223376856404
4082,0.1564002861059659
4083,0.15615399560886317
4084,0.06347498407194262
4085,0.06316400199482117
4086,0.07587905032905916
4087,0.08740035448613862
4088,0.11074929091844776
4089,0.08142419478040581
4090,0.13667600350828335
4091,0.14666819283822577
4092,0.07875741163673332
4093,0.06358677569857514
4094,0.07789860180221374
4095,0.11706224569836315
4096,0.09158660952974704
4097,0.08404872720206126
4098,0.031985288212142575
4099,0.012741229429317259
4100,0.14461777384607677
4101,0.1427301034484107
4102,0.14030618066681133
4103,0.12614533737572717
4104,0.07520501880324548
4105,0.07397979968125411
4106,0.07400648294898766
4107,0.07668421767220765
4108,0.09407659501992434
4109,0.10482956941067764
4110,0.09590390060894423
4111,0.07537393310234371
4112,0.030699763170522577
4113,0.030254779978913553
4114,0.13582988412651167
4115,0.08791904226496818
4116,0.05937798008367464
4117,0.03791048951785631
4118,0.03247790221671752
4119,0.031044520847436287
4120,0.12857798804095688
4121,0.07004008171477882
4122,0.06794938257227283
4123,0.05971437466615075
4124,0.064917495516909
4125,0.06550174979604936
4126,0.07052276850519366
4127,0.08091247444035651
4128,0.08309170354822587
4129,0.09079713702148906
4130,0.09342385133809497
4131,0.0835876375238677
4132,0.0355597719922095
4133,0.03186224112910139
4134,0.012883812914080556
4135,0.011873458934678612
4136,0.08507801674450272
4137,0.12484111844839389
4138,0.12703776311404572
4139,0.12466996399984238
4140,0.12255938604853883
4141,0.08492628050626734
4142,0.07590964566418855
4143,0.08454914710952542
4144,0.10243963649120391
4145,0.03538473143365187
4146,0.07962203537567106
4147,0.07839270451011504
4148,0.07718815990384088
4149,0.0748541041520591
4150,0.05433937300750579
4151,0.08178625974611559
4152,0.08469554830321349
4153,0.09354407877969882
4154,0.09946799084773753
4155,0.07450940108750126
4156,0.08999855664697945
4157,0.011580618651709165
4158,0.07718902772834536
4159,0.07380325596567237
4160,0.055994296787082294
4161,0.07582836355381005
4162,0.044537159148073595
4163,0.10205883270985631
4164,0.0562326042528353
4165,0.07503677614857869
4166,0.08994805456989233
4167,0.09351981369177588
4168,0.0749067450202736
4169,0.10360427396242787
4170,0.1056406465347045
4171,0.06723398115826679
4172,0.08012203352788352
4173,0.08861840195334764
4174,0.09028380346029653
4175,0.047696146606449684
4176,0.02950361695683059
4177,0.029101333376774834
4178,0.011838176031904731
4179,0.08410067458616272
4180,0.05954054560288524
4181,0.05879162783666982
4182,0.08488101283558115
4183,0.06379315193974208
4184,0.06520866330733677
4185,0.06664452742647087
4186,0.02671089608989142
4187,0.09778017422849992
4188,0.05692139966793466
4189,0.06697876606220343
4190,0.07319261959747045
4191,0.09941862852166732
4192,0.0351776133880541
4193,0.010992533368545448
4194,0.06261047652009055
4195,0.08158399422632032
4196,0.07603804602537215
4197,0.05092446237940377
4198,0.03497581859104517
4199,0.03393808257787709
4200,0.027212659035391742
4201,0.012022749283722581
4202,0.01092527221548603
4203,0.03254415819488231
4204,0.011799322381157428
4205,0.05279360961356541
4206,0.04998429874809048
4207,0.0776934286464309
4208,0.07789209663042915
4209,0.0714828886875414
4210,0.05439129759353624
4211,0.029004626441013738
4212,0.010180045211347542
4213,0.010127710678277283
4214,0.07194689170676233
4215,0.10595109339103018
4216,0.01066998909572666
4217,0.009968750454159956
4218,0.08710003678789133
4219,0.06552664988561951
4220,0.07435318259804954
4221,0.0725933886298242
4222,0.07196142800475293
4223,0.07410472856723956
4224,0.028762894630307224
4225,0.026174783434194524
4226,0.010959402347979819
4227,0.07259808339577037
4228,0.07263199472803353
4229,0.05739996412493433
4230,0.031874664492644304
4231,0.03080207309223038
4232,0.011730934309426042
4233,0.057874078414321496
4234,0.0682189823935303
4235,0.06899753464800827
4236,0.06692774314973778
4237,0.08127965622030914
4238,0.09571391566535496
4239,0.09783459109946717
4240,0.05643817125613102
4241,0.03965094311740339
4242,0.031065475857638115
4243,0.011067752264719113
4244,0.08057163055056372
4245,0.057519950065007396
4246,0.06390557591128802
4247,0.06895138439818797
4248,0.07609222645105591
4249,0.07751201358224269
4250,0.039906758344157925
4251,0.029511028983367875
4252,0.028944109349959127
4253,0.018666771087409193
4254,0.011029539492300773
4255,0.06426263162709869
4256,0.06717855128199854
4257,0.08809402165421308
4258,0.09193807296491079
4259,0.011022062915478399
4260,0.010841166926042778
4261,0.010496309087667143
4262,0.009867485156708251
4263,0.07577245505241126
4264,0.048493429427731626
4265,0.05236031595135705
4266,0.05970804800241291
4267,0.0637260421928
4268,0.0667331081543256
4269,0.06630458447028888
4270,0.10704293848446575
4271,0.052235808736336785
4272,0.04885065301797819
4273,0.06323250302569051
4274,0.043666105680124835
4275,0.05050301678153167
4276,0.010738671604647792
4277,0.010455404662518885
4278,0.010160279350837704
4279,0.08321289653800651
4280,0.010789760066804417
4281,0.01025932626993867
4282,0.05314601655307786
4283,0.05616415498448191
4284,0.06058135400315238
4285,0.06194419627437825
4286,0.13241482049724568
4287,0.048381608217912445
4288,0.03275515783432127
4289,0.031906121420753136
4290,0.04904701882587287
4291,0.060977918531941615
4292,0.06193617243294538
4293,0.011230952181457908
4294,0.010272875625587945
4295,0.06847196163465306
4296,0.048461472296208695
4297,0.05869577518096937
4298,0.05977864210535674
4299,0.05937190560449913
4300,0.05856865546848206
4301,0.05884035358324098
4302,0.10038296703271309
4303,0.1181943095619069
4304,0.010026192300793968
4305,0.1268187860972809
4306,0.04565629873932613
4307,0.03718669156672302
4308,0.12391092993563817
4309,0.1468104795600921
4310,0.04836339117192216
4311,0.06073686023297746
4312,0.21104482523950827
4313,0.04738786923801346
4314,0.010108490237712256
4315,0.009882280482766419
4316,0.05808821485091117
4317,0.17610430964036172
4318,0.04499667377793405
4319,0.010669701216067437
4320,0.054420033860838365
4321,0.05644740605400344
4322,0.11827106405998254
4323,0.13012470463022346
4324,0.041005929471440106
4325,0.05342437426508979
4326,0.1262328969012256
4327,0.04040684619325878
4328,0.00976596638508547
4329,0.04943415686358327
4330,0.05260210025253338
4331,0.08680157056738913
4332,0.0416541176547602
4333,0.050216068530264626
4334,0.050372794765049925
4335,0.051444357654278565
4336,0.07092680936524788
4337,0.08488411288864345
4338,0.08876565213513282
4339,0.04059698265471024
4340,0.04339492662495145
4341,0.01009887368546809
4342,0.04538589884962479
4343,0.05101494405333584
4344,0.05409720989110338
4345,0.31366370968962964
4346,0.04680304250064083
4347,0.05018266267145976
4348,0.05331999491262696
4349,0.08287161031262817
4350,0.04002511418024046
4351,0.04354433472544942
4352,0.04358391111894525
4353,0.009860045554777692
4354,0.04935254024075112
4355,0.07476306656345104
4356,0.10217557467597052
4357,0.010527068136439126
4358,0.045761783872436734
4359,0.04737066004411823
4360,0.04871843564812684
4361,0.05179397679394659
4362,0.03958409293602046
4363,0.009702465965479254
4364,0.009589310562692863
4365,0.05104633000442832
4366,0.05313383715923217
4367,0.1232972664665937
4368,0.038996760375291914
4369,0.08927142402339688
4370,0.040673351210017195
4371,0.010753656802940935
4372,0.00968868946472433
4373,0.04332385375328073
4374,0.06638823779568867
4375,0.04070270034545928
4376,0.00961190100566963
4377,0.009632547977044192
4378,0.0778854413276
4379,0.009769023086244975
4380,0.0493815713531706
4381,0.03947419391429664
4382,0.03656892454718497
4383,0.04280049659542103
4384,0.07557596572050697
4385,0.010743532713546389
4386,0.009633448182547097
4387,0.009647416776716515
4388,0.049136571150688965
4389,0.08817787834334485
4390,0.010762137138620358
4391,0.14660286830867378
4392,0.036375323898618125
4393,0.0382007257149402
4394,0.010723528091917763
4395,0.042538117898265754
4396,0.06680728924493691
4397,0.1387180263220054
4398,0.04244042216627342
4399,0.04588197689521402
4400,0.04641866219003406
4401,0.07103129182847394
4402,0.18254427803694923
4403,0.16296437433124442
4404,0.04146111393832684
4405,0.10179280671467741
4406,0.04721159829684038
4407,0.04954710053883076
4408,0.08390643381407574
4409,0.1669820558647717
4410,0.12389585052054679
4411,0.042997398825228586
4412,0.04443189113728343
4413,0.0586152913768618
4414,0.033538559874401526
4415,0.009989123397895604
4416,0.07903432519977853
4417,0.10119497400572434
4418,0.03492979347077611
4419,0.11034549963025118
4420,0.010114391206031208
4421,0.058349669551141695
4422,0.033184611004464806
4423,0.032495085302685335
4424,0.03976325678935818
4425,0.0674652757085911
4426,0.1452698601619783
4427,0.14497610963976346
4428,0.1439022236939837
4429,0.1382048160065814
4430,0.03386649048558706
4431,0.03246665061955888
4432,0.03200414509698734
4433,0.05219778868840605
4434,0.13465223043726343
4435,0.13891542292493053
4436,0.0338059278171053
4437,0.03207541811307309
4438,0.05062721159019836
4439,0.11493609842250657
4440,0.1325289976259778
4441,0.12381443846383658
4442,0.05628222609579689
4443,0.12083919823714367
4444,0.09478852191931308
4445,0.029493943258592017
4446,0.029073904445141394
4447,0.04156144980896365
4448,0.12125971387146975
4449,0.032959259443819715
4450,0.02874412985167632
4451,0.046430795135539174
4452,0.11863098597838796
4453,0.11557341920339655
4454,0.061707709244973354
4455,0.0946298991803668
4456,0.10220172211862226
4457,0.11095413115885204
4458,0.10162422562693457
4459,0.02908358375357794
4460,0.009465573886633733
4461,0.07089591386106751
4462,0.1094216911417568
4463,0.11040232129157032
4464,0.030923952581784903
4465,0.10626253461869935
4466,0.10101678910167564
4467,0.09123526988600082
4468,0.07126152178736653
4469,0.027945371369236284
4470,0.08902009964599153
4471,0.028972335674295593
4472,0.04767590839636284
4473,0.09681460738600434
4474,0.09703956889786189
4475,0.09063144630189383
4476,0.03448500218177919
4477,0.031908742576436507
4478,0.031573066690177475
4479,0.027962065185893403
4480,0.09290952459990644
4481,0.03208157678184421
4482,0.02990833140349653
4483,0.032583833345744335
4484,0.0846651021577419
4485,0.0769704261008922
4486,0.023028668434447383
4487,0.03414988557022338
4488,0.03120747785767422
4489,0.07840487838022696
4490,0.036132227900549145
4491,0.0351424880240511
4492,0.011048492224163686
4493,0.07194142193042512
4494,0.03663233823656893
4495,0.074521550323114
4496,0.07130490944482133
4497,0.03165012522741962
4498,0.012331491704876614
4499,0.07001940682327604
4500,0.03237334057375599
4501,0.0677175181099357
4502,0.03489283476830247
4503,0.03390079128731745
4504,0.0331727809920736
4505,0.01081981884748922
4506,0.032404625444624295
4507,0.024933833292444918
4508,0.011062053990627917
4509,0.014205266732263298
4510,0.06389391502515449
4511,0.06240529408389109
4512,0.061298674757177735
4513,0.03621032914265218
4514,0.03510527323843919
4515,0.03254931478205435
4516,0.06323231893155043
4517,0.0602166644280025
4518,0.03390851470146412
4519,0.06149517404114149
4520,0.061433239655791914
4521,0.025943040302305386
4522,0.055672104556015754
4523,0.035965062424161455
4524,0.033750305420109684
4525,0.019632861005186436
4526,0.05826890968835558
4527,0.03462139184042234
4528,0.05708874001623217
4529,0.05564457328482766
4530,0.027136605528161998
4531,0.036184791404471395
4532,0.05020732288971749
4533,0.034537337197946674
4534,0.037521883451660624
4535,0.03726244881638496
4536,0.04816954646533397
4537,0.03334927024789404
4538,0.04670239450629188
4539,0.0465919216912584
4540,0.035236367102750125
4541,0.03652683156952313
4542,0.044875826694883804
4543,0.037040409116494075
4544,0.04396972787083019
4545,0.044024656417836254
4546,0.04418953984967357
4547,0.04421670058920106
4548,0.036175485390458506
4549,0.034211864256347695
4550,0.04250248316099114
4551,0.04251653569150648
4552,0.041749528701385825
4553,0.040373960939280376
4554,0.06100614973771065
4555,0.039234120872637945
4556,0.038910291480914155
4557,0.035054155117861224
4558,0.04088063965393747
4559,0.03950467392784502
4560,0.03933939839755613
4561,0.0377434489162068
4562,0.03871679091322239
4563,0.012348014385443707
4564,0.03828038420418304
4565,0.038036892266622206
4566,0.037964155319136
4567,0.03460229617546388
4568,0.03705083399824298
4569,0.04466993737044092
4570,0.05807624910628843
4571,0.0889692922717992
4572,0.09904110482559554
4573,0.10310492264166775
4574,0.1095299484949511
4575,0.10716463749378384
4576,0.017790279892740724
4577,0.03230329062949119
4578,0.09677233075858105
4579,0.09880786473940154
4580,0.2597664284778703
4581,0.03507934725868795
4582,0.05919533148415893
4583,0.030769962666340692
4584,0.09598465480388194
4585,0.08536783749556458
4586,0.03186564181470932
4587,0.08693375027320945
4588,0.08779778299782652
4589,0.029172905906696835
4590,0.03716781399494595
4591,0.08516786576975396
4592,0.0841102974814878
4593,0.07593339254303473
4594,0.08172519790168474
4595,0.08041334804135138
4596,0.07744067869955486
4597,0.040967108108070846
4598,0.05882027114022027
4599,0.07558222592188055
4600,0.0750160857861623
4601,0.06200059829815904
4602,0.0742305259728028
4603,0.07193072809680681
4604,0.06269837670526243
4605,0.05906401805147405
4606,0.06068660438975775
4607,0.06770288878885537
4608,0.06609668277712402
4609,0.06307765545903253
4610,0.05534142697031447
4611,0.05449986359734114
4612,0.054920281648850246
4613,0.048328625202394546
4614,0.059636849805022235
4615,0.05866311883916566
4616,0.0597260047203247
4617,0.05997823126594028
4618,0.03553181004718281
4619,0.057975266475548834
4620,0.057085319142518076
4621,0.054151323424889236
4622,0.054754554741813115
4623,0.05430469481196319
4624,0.05358400213358131
4625,0.04934943865777071
4626,0.046177901646338004
4627,0.050729698735317574
4628,0.03368729251232394
4629,0.050948116877556654
4630,0.033260724321622935
4631,0.034342251140444514
4632,0.04924719014716626
4633,0.0376449621607746
4634,0.035090335191473414
4635,0.03444484057630832
4636,0.0300829157383282
4637,0.04718309552505484
4638,0.03255320310142093
4639,0.030820959007761863
4640,0.029029946249419066
4641,0.0430730622104308
4642,0.03793962733848388
4643,0.0375806037035652
4644,0.03426724287008578
4645,0.02972754146330368
4646,0.029385236810402893
4647,0.033156735437387654
4648,0.03235125562818693
4649,0.03004454923659986
4650,0.03002293651390544
4651,0.038347071942563475
4652,0.03936152615406157
4653,0.038591723398232275
4654,0.035531964202062595
4655,0.038023562315947716
4656,0.028977777826985844
4657,0.03983864900593915
4658,0.04008071334726743
4659,0.03985371853309979
4660,0.029451199955529594
4661,0.02812205341068833
4662,0.03793950477738407
4663,0.03029931921592233
4664,0.03849942157575873
4665,0.028341119956762795
4666,0.027918322401373322
4667,0.03432216114271193
4668,0.03613090098483303
4669,0.03645986107641273
4670,0.03316217719527323
4671,0.02766996198244801
4672,0.03472839314822737
4673,0.02677563249160878
4674,0.034505784892037705
4675,0.028379700087567322
4676,0.034144644342866765
4677,0.04774924642397721
4678,0.033357311832805395
4679,0.03188526131397656
4680,0.03205008948401353
4681,0.012991560409168903
4682,0.03165671902100422
4683,0.031075405209410836
4684,0.017349486821288108
4685,0.024405408673728105
4686,0.018682197264905307
4687,0.029445815596974453
4688,0.01876351484175988
4689,0.0182786942472895
4690,0.028993913776073705
4691,0.024409851749524654
4692,0.022265421215550127
4693,0.021989813515761413
4694,0.02198433781477628
4695,0.02153216585241843
4696,0.01608735176111234
4697,0.02245089183158218
4698,0.023235184924342404
4699,0.021670633240126864
4700,0.02142091216459454
4701,0.10703545707169061
4702,0.02484381114599913
4703,0.022678590904901565
4704,0.11660327235309159
4705,0.12338737821493308
4706,0.12084893854900683
4707,0.024142323452109045
4708,0.020720209022833093
4709,0.022011980790075
4710,0.021797241750026758
4711,0.022183647929640546
4712,0.021432031793535977
4713,0.02016866990899722
4714,0.019383477364103112
4715,0.14329751032295093
4716,0.02314160537024252
4717,0.022770107445991804
4718,0.02000784472957853
4719,0.02251148299679821
4720,0.020172619051606402
4721,0.02264073441861312
4722,0.021463458848242353
4723,0.022083314960699884
4724,0.01997295093903085
4725,0.020862072228256315
4726,0.020575255042901693
4727,0.02032978929541141
4728,0.020201320904811988
4729,0.019432389062949675
4730,0.020129605385515194
4731,0.019974284667280642
4732,0.019219258551469543
4733,0.019085333723235003
4734,0.020239556680309155
4735,0.018889646659229112
4736,0.020017362166222127
4737,0.019615385460978088
4738,0.01995266112914368
4739,0.019505976404244167
4740,0.019252012169056518
4741,0.01890925189821605
4742,0.019529931600115628
4743,0.01921487039291625
4744,0.01929570149181023
4745,0.01916667051012197
4746,0.018928325916001416
4747,0.01896307959730046
4748,0.0189300372107951
4749,0.018698333127977952
4750,0.011919912282596246
4751,0.01879239116145148
4752,0.018646983823964295
4753,0.01852487192907876
4754,0.01826882795052326
4755,0.018189632429134142
4756,0.015675423797417067
4757,0.01568071886752265
4758,0.01564644469292643
4759,0.015026421643697966
4760,0.014868067528980152
4761,0.014528359103551958
4762,0.010989852516291938
4763,0.016016866590153316
4764,0.015786687625578662
4765,0.017971492169201266
4766,0.014859019236830702
4767,0.14293362913502985
4768,0.01797830174521224
4769,0.017438888566268938
4770,0.012998300966085258
4771,0.017556015304576608
4772,0.01752109003451299
4773,0.017428434472964327
4774,0.015899376137423246
4775,0.01552649062903893
4776,0.017463853649989328
4777,0.01579240125704285
4778,0.01759905200655621
4779,0.016809708867292977
4780,0.01626058656330209
4781,0.014407672498422884
4782,0.014602520637298118
4783,0.01636592432040391
4784,0.017047550290392725
4785,0.016140915826010807
4786,0.015149379383656392
4787,0.014403519776793272
4788,0.016989416154149502
4789,0.016091599167423153
4790,0.014909986853200979
4791,0.014450006261030912
4792,0.016758350137069153
4793,0.016425168303276824
4794,0.016816023638676878
4795,0.01643380663129744
4796,0.016192201765929188
4797,0.015959665378207123
4798,0.014874279916838228
4799,0.015416152215535753
4800,0.014922708783408513
4801,0.014316643393788204
4802,0.016565831184492574
4803,0.015791560297557718
4804,0.015398461586460813
4805,0.01512325130433097
4806,0.01434626390073408
4807,0.014179756069723553
4808,0.014124008829952416
4809,0.08762526094995218
4810,0.016075401985067846
4811,0.015009137814369201
4812,0.014670081099208062
4813,0.014237431037659112
4814,0.03971511144701876
4815,0.055090083861604924
4816,0.014664389368738266
4817,0.016024152663015174
4818,0.014264986879730962
4819,0.01407778894396689
4820,0.01624898335471305
4821,0.014774582403827698
4822,0.014237268565461649
4823,0.014184682285052888
4824,0.014158319664499625
4825,0.01580786188495768
4826,0.01607987620342606
4827,0.015953207437392904
4828,0.015542354396030422
4829,0.01552377807823198
4830,0.014797869152627024
4831,0.015664373419431662
4832,0.015649481918848678
4833,0.015634375094088847
4834,0.014699041821101322
4835,0.014296008077363236
4836,0.013415711530389549
4837,0.013394667189532857
4838,0.0136465406932694
4839,0.015443161579113976
4840,0.014393847409978037
4841,0.014259473747209837
4842,0.014973591536831721
4843,0.01435770400403583
4844,0.013668595073604487
4845,0.06646962716278888
4846,0.015089625166873491
4847,0.06538715639636564
4848,0.015333815664325826
4849,0.014927170498918046
4850,0.014199910011378712
4851,0.013213550283278237
4852,0.01479569278078054
4853,0.014744503029802509
4854,0.014601348749457106
4855,0.014812613217535416
4856,0.015142575025924053
4857,0.014748008737770374
4858,0.01473234383583799
4859,0.014618165758909688
4860,0.013262414801288518
4861,0.014572335055325672
4862,0.01411718905993831
4863,0.01397655565940235
4864,0.013703596113091241
4865,0.015087511604915869
4866,0.014944698855101251
4867,0.014460707946745312
4868,0.014268308570160352
4869,0.015025316111772357
4870,0.014572307170665533
4871,0.01452710629841915
4872,0.014383140381632997
4873,0.014366411401093421
4874,0.014155162801618309
4875,0.014136738679177622
4876,0.013946329084605013
4877,0.014942639956420594
4878,0.014434468994104383
4879,0.013948903021381687
4880,0.05722671668018529
4881,0.014874791173319234
4882,0.014814476700442019
4883,0.05529001537980159
4884,0.013747319558636638
4885,0.013672239532918493
4886,0.0131523111867482
4887,0.014605143607202716
4888,0.014207172883719773
4889,0.013940235331522114
4890,0.013486067696685984
4891,0.01322809934222872
4892,0.053456818729575646
4893,0.014540603604275565
4894,0.014308705984371213
4895,0.014544521271684022
4896,0.014259938903077382
4897,0.01382830028388734
4898,0.013569514360589946
4899,0.014222942072680912
4900,0.014111492066821038
4901,0.014030263050112266
4902,0.01335786521860404
4903,0.01309570410385898
4904,0.014102564014365845
4905,0.014006583646100596
4906,0.013928223118866205
4907,0.013640489701145115
4908,0.01351350069362169
4909,0.013075819071626431
4910,0.013616645353078397
4911,0.013845313974740066
4912,0.013808628819846812
4913,0.012998897203108168
4914,0.013788302288119439
4915,0.013727194869082783
4916,0.013714552740535993
4917,0.013403693994067312
4918,0.013276811012834554
4919,0.013160638637626032
4920,0.013109493867417924
4921,0.013881062904683815
4922,0.01369594978027698
4923,0.013581115015311866
4924,0.013540459700604529
4925,0.013803879204320064
4926,0.01379402447535354
4927,0.013406155158853288
4928,0.013336355961801211
4929,0.013030268647769079
4930,0.04330723107635124
4931,0.013703988537011071
4932,0.013577700213786676
4933,0.01338699644457593
4934,0.013375103747157283
4935,0.012838430508315813
4936,0.041602216449626334
4937,0.040952289480868036
4938,0.012804949905289582
4939,0.012995466934692505
4940,0.012865548164249832
4941,0.012739962930597856
4942,0.012945818218853593
4943,0.012749315554653442
4944,0.039231805146897544
4945,0.039165937888699556
4946,0.012932534265328
4947,0.012920645513379996
4948,0.012787079906713843
4949,0.012050263886961836
4950,0.011938165328308182
4951,0.012517086810661833
4952,0.012208450758626905
4953,0.011907102774900693
4954,0.012196185213522732
4955,0.011994908680905282
4956,0.012503654847853684
4957,0.0124810030500612
4958,0.012457951481952036
4959,0.012260989551234969
4960,0.011757284227552182
4961,0.01168918606850728
4962,0.011659535665268487
4963,0.012232305202721085
4964,0.01222075943540253
4965,0.011877945984352567
4966,0.01189147535597042
4967,0.011604025283643302
4968,0.011589755150439246
4969,0.012156255675518216
4970,0.01207924979677886
4971,0.011705614977192403
4972,0.011528740678611215
4973,0.011449692125833875
4974,0.011984476843992762
4975,0.011766302328460125
4976,0.0117950098054625
4977,0.011717011743412083
4978,0.01170556223330261
4979,0.011688370274140103
4980,0.011755428395338788
4981,0.011612800230504558
4982,0.011626826098222189
4983,0.01151621338191966
4984,0.010934423176208454
4985,0.011477185018568885
4986,0.011397885147104912
4987,0.01088826569835208
4988,0.011580246124581974
4989,0.01157201128831901
4990,0.011322159699983143
4991,0.011370889788975278
4992,0.011160832299769927
4993,0.011150088090187991
4994,0.011428702151408237
4995,0.011286065392144731
4996,0.011239181936036414
4997,0.011150823314765891
4998,0.011266183246168699
4999,0.011073815424382854
5000,0.010955749277106035
