object_id,mean_ozone,matched_fips,dist_to_tract_m
1,56.186,06093000400,6369
2,50.834,06093000500,6395
3,45.648,06015000104,644
4,45.269,06015000101,277
5,42.223,06015000102,1527
6,54.53,06093000702,6742
7,57.192499999999995,06093000902,11583
8,42.0745,06015000203,3502
9,56.298,06049000100,4522
10,55.561,06093001000,2662
11,39.4965,06023010400,8202
12,42.679500000000004,06023940000,14464
13,39.353,06023010504,1957
14,43.335,06023010502,3009
15,43.688,06023001101,1112
16,43.688,06023001101,500
17,57.584,06089012701,1300
18,43.645,06023001000,835
19,39.006,06023001001,427
20,60.3065,06089012702,11881
21,43.888,06023000500,651
22,43.872,06023000100,741
23,56.303,06105000101,8287
24,43.898,06023000700,60
25,38.852000000000004,06023000700,254
26,38.852000000000004,06023000700,499
27,44.347,06023010600,4943
28,62.164,06089012604,11905
29,58.7855,06089011802,2871
30,61.051,06089010703,1846
31,61.051,06089010703,776
32,58.79600000000001,06089011801,1731
33,58.79600000000001,06089011801,2037
34,43.417,06023010901,1578
35,43.486,06023010800,7881
36,60.871,06089010100,474
37,43.448,06023011000,1586
38,59.998,06089010602,611
39,62.251,06089011900,3494
40,57.33200000000001,06089010900,1163
41,61.581,06089011300,911
42,57.7295,06089011401,1077
43,39.3935,06023011000,2804
44,58.31933333333333,06089010601,1540
45,57.3685,06089010400,820
46,57.4585,06089011002,1274
47,57.615500000000004,06089011100,318
48,58.603,06089011502,1024
49,58.812999999999995,06089012102,857
50,60.06,06089012302,3237
51,66.741,06035040304,1964
52,58.8175,06089012000,4020
53,59.933499999999995,06089012200,4052
54,61.4015,06103000201,4896
55,59.1655,06103000202,2749
56,40.0555,06023011100,17636
57,59.605,06035040500,3139
58,64.0715,06063000502,8428
59,64.0715,06063000502,7693
60,59.897,06063000502,17550
61,60.597,06103000400,4814
62,62.8215,06103000701,1315
63,61.469500000000004,06103001102,1436
64,61.469500000000004,06103001102,778
65,61.469500000000004,06103001102,1093
66,61.822,06007001600,1680
67,61.138,06007001703,2139
68,61.138,06007001703,2181
69,65.349,06063000300,15293
70,60.802,06007001900,1344
71,60.445,06007000201,802
72,60.283,06021010101,1831
73,60.802,06007001900,1361
74,60.188,06007000300,574
75,60.642,06007000103,294
76,60.188,06007000300,46
77,59.918,06007002000,442
78,60.6,06007000800,810
79,59.918,06007002000,865
80,62.70399999999999,06007000403,138
81,61.032,06007000904,724
82,62.70399999999999,06007000403,499
83,62.9385,06007000904,1253
84,61.565,06021010501,3152
85,62.947500000000005,06007000903,629
86,60.2555,06021010102,882
87,59.68,06007001100,721
88,58.541,06021010401,9859
89,65.2635,06007002402,3883
90,55.234,06021010400,1571
91,61.795,06007002700,479
92,61.776,06007002900,469
93,65.3815,06007002800,1210
94,61.948,06007002800,1644
95,62.333,06007003001,954
96,65.361,06007002900,2654
97,62.671,06007003002,3432
98,43.795,06045010500,302
99,43.795,06045010500,649
100,46.544,06045010700,10367
101,45.8375,06045010700,1141
102,45.8375,06045010700,2963
103,63.013,06115041100,8362
104,66.66499999999999,06115041102,2171
105,64.6765,06007003400,3575
106,69.6365,06057001205,1867
107,64.6765,06007003400,3422
108,64.6765,06007003400,3529
109,45.4585,06045010601,3424
110,59.898,06057001206,1298
111,51.010999999999996,06045010802,4928
112,67.064,06057000802,5246
113,51.010999999999996,06045010802,7622
114,48.544,06045010801,5338
115,66.6215,06057000701,2751
116,67.064,06057000802,837
117,70.95100000000001,06061020107,795
118,48.4595,06045011501,8745
119,68.64750000000001,06057000504,1085
120,67.84299999999999,06057000404,362
121,68.656,06057000502,1631
122,48.4595,06045011501,5043
123,67.954,06057000600,2358
124,49.059,06045011502,3002
125,59.9,06061022200,2027
126,49.059,06045011502,2996
127,65.374,06115040201,422
128,48.4595,06045011501,543
129,68.786,06057000104,226
130,69.516,06057000104,1042
131,49.327,06045011600,628
132,49.049499999999995,06045011600,791
133,60.724,06101050202,643
134,65.998,06115040301,908
135,64.6115,06101050201,687
136,65.791,06115040304,374
137,49.049499999999995,06045011600,1410
138,68.7155,06057000102,1465
139,62.027,06115040303,358
140,60.327,06101050401,739
141,59.793,06101050503,2152
142,65.791,06115040304,1059
143,69.878,06061022002,5082
144,52.325,06033000502,4576
145,69.878,06061022002,3155
146,69.878,06061022002,3201
147,60.876,06101050403,310
148,65.7435,06115040600,569
149,64.992,06115040701,551
150,64.992,06115040701,390
151,69.35849999999999,06061021801,3918
152,68.51650000000001,06061021902,1967
153,55.423,06011000100,3837
154,52.727,06033000900,1359
155,71.155,06061021604,3646
156,60.123,06017031600,610
157,60.175,06017030401,718
158,69.161,06017030404,550
159,53.657,06033000801,3862
160,69.0155,06061020401,343
161,71.342,06061020401,154
162,67.5195,06061021403,516
163,67.5195,06061021403,385
164,68.433,06061023300,557
165,69.038,06061020402,1214
166,67.6355,06061023300,25
167,59.917,06017030502,2808
168,69.268,06061023500,396
169,69.268,06061023500,494
170,69.268,06061023500,663
171,68.873,06061021309,817
172,68.10050000000001,06061021203,1029
173,68.7335,06061020608,2416
174,67.2055,06061021324,271
175,67.5875,06061021122,884
176,67.2055,06061021324,472
177,66.98400000000001,06017030605,3594
178,68.37,06061022900,223
179,66.717,06061021044,695
180,66.717,06061021044,563
181,67.247,06061021128,311
182,65.91,06061021044,122
183,67.357,06061021034,572
184,66.607,06061022600,843
185,65.063,06061021326,1061
186,65.548,06061021325,882
187,66.607,06061022600,748
188,65.6955,06061021040,703
189,67.264,06061021003,785
190,65.6955,06061021040,910
191,67.904,06061022400,530
192,67.264,06061021003,89
193,66.901,06061021046,372
194,66.662,06061021037,681
195,66.422,06061021038,776
196,66.717,06061021045,773
197,67.264,06061021003,679
198,62.961,06017031302,1080
199,67.282,06061020717,727
200,67.785,06061020604,1696
201,68.6475,06061020604,1671
202,67.64500000000001,06061020712,574
203,68.6475,06061020604,2667
204,68.15,06061020605,1676
205,67.399,06061020711,0
206,67.181,06061020713,773
207,68.15,06061020605,200
208,67.189,06061020712,482
209,68.14,06061020711,465
210,66.038,06017031200,2337
211,67.643,06061020710,387
212,67.643,06061020710,1281
213,69.257,06061020605,523
214,67.987,06017030801,137
215,65.329,06067007430,279
216,66.038,06017031200,1881
217,64.55,06067007417,464
218,65.7975,06067007437,542
219,64.5955,06017031405,1398
220,65.34649999999999,06067007439,526
221,66.03800000000001,06067008127,334
222,68.406,06067008124,145
223,66.934,06067008143,267
224,67.096,06067008124,0
225,67.096,06067008124,626
226,69.577,06067008211,853
227,66.16,06067008127,325
228,65.039,06067007434,248
229,67.6625,06067008142,1019
230,66.564,06067008132,486
231,65.2975,06067007429,174
232,65.5275,06067007428,248
233,66.874,06067008211,553
234,68.81649999999999,06017031700,1221
235,68.81649999999999,06017031700,982
236,66.457,06017031502,1223
237,67.48400000000001,06017030811,1637
238,64.721,06067007414,234
239,59.604,06113010901,840
240,67.02,06067008402,513
241,67.529,06067008509,823
242,67.818,06017030803,1125
243,66.949,06017030812,117
244,64.509,06017031506,1026
245,61.649,06067007109,247
246,61.649,06067007109,96
247,67.02,06067008402,657
248,62.6925,06067007208,812
249,65.68,06067008135,653
250,69.39,06067008402,552
251,67.928,06017031800,1467
252,65.4185,06017031505,1709
253,61.66,06067007105,295
254,67.001,06067008135,577
255,67.3505,06017030810,503
256,67.3505,06017030810,978
257,66.457,06017031502,1745
258,62.507,06067007104,144
259,61.548500000000004,06067007110,271
260,64.8885,06067007403,540
261,67.86699999999999,06067008137,366
262,67.107,06067008207,930
263,59.42400000000001,06113011001,671
264,59.675,06113011101,539
265,62.507,06067007104,18
266,62.827,06067007105,572
267,65.24350000000001,06067007423,0
268,65.571,06067007501,238
269,66.7155,06067008134,232
270,69.244,06067008506,619
271,67.369,06017030808,532
272,60.498,06113011205,0
273,65.571,06067007501,584
274,67.107,06067008207,622
275,59.917,06113011102,263
276,61.548500000000004,06067007110,426
277,61.918,06067007106,745
278,65.448,06067007424,398
279,68.636,06067008139,409
280,65.30199999999999,06067007424,329
281,65.30199999999999,06067007424,0
282,65.805,06067007503,283
283,66.799,06067008204,1181
284,66.2575,06067007604,361
285,67.309,06067008006,834
286,67.293,06067008505,1087
287,60.23649999999999,06113011211,1549
288,66.2575,06067007604,181
289,68.504,06067008008,557
290,68.9055,06067008006,317
291,66.569,06067007905,808
292,69.20949999999999,06067008504,390
293,67.77,06067008507,251
294,60.23649999999999,06113011211,2102
295,61.374500000000005,06067007025,464
296,62.916,06067006704,372
297,67.309,06067008006,493
298,62.988,06067007018,272
299,62.788,06067007016,551
300,61.5055,06067007028,749
301,61.5055,06067007028,446
302,66.045,06067007602,338
303,65.094,06067006400,878
304,64.79050000000001,06067006003,327
305,64.79050000000001,06067006003,101
306,66.396,06067007602,69
307,61.5055,06067007028,1259
308,62.5975,06067006705,448
309,63.632000000000005,06067006300,682
310,61.599000000000004,06067007013,0
311,65.066,06067006300,263
312,64.86699999999999,06067006004,2
313,64.86699999999999,06067006004,241
314,65.4425,06067005904,598
315,66.396,06067007602,647
316,66.844,06067007801,917
317,65.066,06067006300,374
318,64.4925,06067006102,454
319,66.383,06067006002,760
320,63.672,06067007011,301
321,64.4925,06067006102,520
322,61.908,06067007024,475
323,62.784000000000006,06067006902,482
324,66.419,06067005601,111
325,66.626,06067005701,165
326,67.30733333333333,06067008908,163
327,65.242,06067006900,210
328,66.017,06067005505,330
329,66.419,06067005601,522
330,65.5335,06067007702,234
331,64.4945,06067005701,344
332,67.30733333333333,06067008908,756
333,61.5895,06113010103,285
334,61.5775,06113010104,507
335,62.0515,06067005301,151
336,66.0645,06067008910,0
337,61.832499999999996,06067000600,304
338,66.808,06067005702,196
339,61.832499999999996,06067000600,119
340,66.2595,06067009008,635
341,52.088,06055202000,30
342,63.650999999999996,06067005510,86
343,67.776,06067009010,679
344,62.0775,06067000400,336
345,63.782,06067005606,0
346,49.079,06097153902,3885
347,67.496,06067009006,942
348,65.8065,06067009007,221
349,67.79,06067009011,1132
350,60.8105,06113010203,957
351,67.707,06067009007,500
352,53.32,06055202000,2365
353,61.9615,06067001300,345
354,64.066,06067009106,573
355,64.605,06067001200,161
356,61.8785,06067001201,100
357,65.108,06067001500,106
358,64.701,06067002000,33
359,59.04900000000001,06113010611,665
360,61.847500000000004,06067001900,143
361,49.874,06097153804,463
362,59.093500000000006,06113010703,371
363,58.959999999999994,06113010701,726
364,59.04900000000001,06113010611,502
365,59.04900000000001,06113010611,228
366,61.069500000000005,06113010313,325
367,61.665000000000006,06067002300,587
368,60.94500000000001,06113010315,326
369,64.376,06067005204,628
370,63.794,06067009108,538
371,59.218,06113010610,499
372,62.014,06067002700,499
373,62.104,06113010608,110
374,66.748,06067009112,467
375,65.304,06067002800,836
376,64.954,06067003700,431
377,62.8125,06067003001,186
378,65.279,06067004402,440
379,65.248,06067004401,480
380,61.3835,06067003300,617
381,65.248,06067004401,137
382,63.612,06113010310,1663
383,64.646,06067003300,258
384,66.1175,06067008707,686
385,63.612,06113010310,1937
386,61.4705,06067003502,274
387,62.0925,06067004401,287
388,56.882,06113011302,814
389,65.163,06067004501,465
390,66.499,06005000200,7069
391,57.0175,06113011303,446
392,64.71,06067003400,544
393,64.802,06067003502,603
394,51.032,06097152701,1818
395,61.902499999999996,06067004602,326
396,62.4155,06067003203,0
397,51.032,06097152701,1998
398,52.954,06055201602,270
399,64.951,06067004100,370
400,64.495,06067004006,0
401,61.307,06067003800,490
402,64.951,06067004100,286
403,62.018499999999996,06067004701,517
404,68.406,06067008600,2458
405,53.602,06055201602,373
406,61.5815,06067004100,461
407,62.0415,06067004702,547
408,64.995,06067003800,776
409,61.5815,06067004100,717
410,68.406,06067008600,2216
411,62.58800000000001,06067005102,786
412,64.485,06067004009,169
413,66.465,06067005102,210
414,61.0835,06067004020,0
415,62.2435,06067005101,0
416,61.1805,06067004201,373
417,61.8695,06067005002,48
418,62.064,06067005003,230
419,61.0835,06067004020,535
420,61.620000000000005,06067004907,328
421,62.8845,06005000201,6033
422,49.462,06097153706,1261
423,51.297,06097152502,162
424,65.621,06067005001,858
425,66.255,06067009318,142
426,61.50149999999999,06067004910,0
427,66.647,06067009316,634
428,51.817499999999995,06097152205,0
429,62.331999999999994,06067009316,266
430,63.254,06067009330,628
431,67.846,06067009330,38
432,50.927,06097152400,1398
433,51.027,06097152501,1163
434,62.5475,06067009311,465
435,50.034,06097152904,814
436,67.065,06067009321,709
437,51.189499999999995,06097152803,208
438,61.429500000000004,06067009633,0
439,50.25,06097152903,419
440,66.417,06067009320,400
441,62.036,06067009317,294
442,50.25,06097152903,205
443,67.61,06067009329,338
444,63.254,06067009330,1621
445,65.778,06067009610,439
446,50.854,06097152300,919
447,57.8545,06095253402,928
448,61.417,06067009335,271
449,50.403,06097153001,322
450,51.465,06097151602,3233
451,57.581500000000005,06095253403,1070
452,49.8975,06097153601,1374
453,51.11866666666667,06097152203,332
454,57.8545,06095253402,179
455,50.124,06097153006,361
456,60.969500000000004,06067009614,71
457,66.263,06067009614,31
458,67.289,06067009323,1018
459,60.820499999999996,06067009643,484
460,67.289,06067009323,105
461,51.453,06097151506,244
462,60.820499999999996,06067009643,509
463,60.977,06067009642,306
464,48.175,06097154306,3499
465,51.321,06097153104,0
466,51.315,06097151404,12
467,51.315,06097151404,225
468,65.744,06067009619,231
469,51.28,06097153103,331
470,51.28,06097153103,157
471,51.275,06097153102,160
472,50.0625,06097153405,213
473,50.31,06097153102,308
474,60.0565,06067009645,3948
475,51.8395,06097151503,1943
476,65.912,06067009622,759
477,59.7445,06067009649,624
478,51.331,06097153302,969
479,53.6065,06055201300,1130
480,65.864,06005000402,1049
481,50.381,06097151402,566
482,59.9015,06067009622,844
483,60.025000000000006,06067009648,209
484,66.783,06067009632,0
485,52.313,06097151602,2570
486,56.25750000000001,06095253206,679
487,66.792,06067009637,442
488,60.7405,06067009310,371
489,67.05,06067009325,4992
490,58.523,06095253201,1027
491,51.5535,06097151505,805
492,58.523,06095253201,835
493,56.149,06095253208,132
494,48.175,06097154306,3994
495,51.289500000000004,06097153202,2030
496,51.5535,06097151505,2763
497,59.476,06095252911,6
498,59.476,06095252911,60
499,56.197,06095253203,412
500,51.391999999999996,06097151308,384
501,55.8735,06095253201,992
502,56.197,06095253203,1044
503,63.3085,06005000303,810
504,50.5375,06097153501,2737
505,63.497,06067009404,4454
506,50.5375,06097153501,1822
507,59.269,06095253105,313
508,48.952,06097153502,3015
509,61.7765,06005000500,4756
510,56.471000000000004,06095253106,520
511,59.343,06095253106,457
512,50.278,06097151306,209
513,51.4875,06097151310,387
514,50.248,06097151305,484
515,56.616,06095252908,400
516,50.305,06097151310,547
517,59.42,06095252913,890
518,54.157333333333334,06055200707,50
519,50.263,06097151203,0
520,56.4745,06095253000,460
521,54.313,06097150305,933
522,54.419,06097150304,646
523,53.844,06055200703,439
524,55.209500000000006,06095252203,3691
525,54.784,06055200503,273
526,53.0635,06097150304,710
527,54.812,06055200201,751
528,56.058499999999995,06095252311,631
529,54.47,06097150204,986
530,53.9745,06055200201,246
531,54.764,06055200301,324
532,54.3485,06055200301,875
533,56.0565,06095252316,527
534,60.027,06095252801,1405
535,50.173,06097151000,3372
536,50.97833333333333,06097150607,212
537,50.221,06097150609,731
538,57.539,06095252611,109
539,67.145,06067009408,6594
540,50.256,06097150610,645
541,51.093,06097150603,469
542,55.888,06095252401,181
543,67.089,06067009504,893
544,67.145,06067009408,1277
545,55.873999999999995,06095252401,318
546,51.2855,06097150901,248
547,55.525499999999994,06095252402,1905
548,56.016999999999996,06095252705,698
549,66.043,06009000300,278
550,60.84700000000001,06009000505,565
551,50.079,06097150902,1110
552,50.457,06097150701,713
553,61.159499999999994,06009000302,3418
554,50.282,06097150702,1634
555,54.5675,06095252204,3634
556,66.587,06051000102,7923
557,53.7915,06055201006,148
558,53.814,06055201007,187
559,53.625,06095251902,733
560,53.974,06095251902,543
561,60.048,06077004501,79
562,69.315,06009000210,5188
563,66.435,06009000122,2334
564,67.753,06077004203,47
565,59.9555,06077004203,192
566,59.83449999999999,06077004205,28
567,66.435,06009000122,968
568,53.4755,06095251901,7
569,59.9575,06077004502,712
570,59.9575,06077004502,68
571,68.095,06077004104,729
572,67.955,06077004204,719
573,68.242,06077004502,415
574,68.242,06077004502,301
575,50.446,06041102202,1021
576,53.295,06095251702,390
577,53.428,06095250105,740
578,50.446,06041102202,1359
579,50.471,06041102202,0
580,59.937,06077004403,603
581,68.733,06077004308,685
582,49.581,06041103100,1975
583,50.446,06041102202,667
584,51.443,06041102203,434
585,68.618,06077004305,198
586,50.446,06041102202,1614
587,65.054,06013301000,8875
588,50.301,06041103200,554
589,53.3625,06095250200,454
590,53.3625,06095250200,125
591,59.711999999999996,06077004308,532
592,50.633,06041103200,849
593,53.371,06095250900,1184
594,53.092,06095250502,1087
595,50.464,06041104102,232
596,53.315,06095250701,393
597,53.315,06095250701,670
598,52.944500000000005,06095250601,804
599,52.816,06095250605,192
600,50.918,06041104200,228
601,61.6655,06109003102,342
602,50.072500000000005,06041105001,132
603,53.739,06095252108,1931
604,68.847,06077003208,332
605,61.1905,06077004704,7834
606,50.072500000000005,06041105001,470
607,68.973,06077003404,921
608,59.745999999999995,06077003503,988
609,51.7315,06013392300,575
610,61.175,06013314200,1843
611,69.019,06077003311,589
612,56.030499999999996,06013314102,670
613,59.778,06077003405,327
614,71.391,06077004800,5626
615,49.6275,06041108100,596
616,55.152499999999996,06013314105,1419
617,68.993,06077003310,327
618,62.989,06013314104,357
619,68.955,06077003306,481
620,52.788,06013317000,249
621,56.504999999999995,06013313206,389
622,64.739,06013312000,590
623,64.739,06013312000,137
624,51.967,06041106002,1216
625,51.674,06013359105,36
626,58.1635,06013306003,803
627,68.944,06077003203,306
628,68.992,06077003410,295
629,65.268,06109002200,410
630,51.674,06013359105,285
631,64.943,06013313206,476
632,49.3215,06041108202,985
633,56.504999999999995,06013313206,531
634,57.08,06013313105,223
635,57.08,06013313105,452
636,57.271499999999996,06013313102,416
637,58.1635,06013306003,240
638,51.967,06041106002,1032
639,53.6125,06013329000,1139
640,57.586,06013307202,394
641,57.665,06013307102,435
642,49.401,06041115000,1131
643,50.4185,06013392202,124
644,53.6125,06013329000,865
645,56.745000000000005,06013313104,841
646,56.745000000000005,06013313104,315
647,57.337999999999994,06013307201,0
648,69.079,06077003305,268
649,70.084,06077003602,2907
650,51.402,06013359102,228
651,53.4005,06013327002,249
652,51.315,06013359103,903
653,53.6125,06013329000,156
654,53.6125,06013329000,671
655,56.745000000000005,06013313104,1196
656,65.053,06013307201,479
657,65.53,06013302005,836
658,48.644,06041110200,1351
659,51.0485,06013359202,1449
660,53.6125,06013329000,403
661,56.9625,06013313107,757
662,56.9625,06013313107,898
663,57.51649999999999,06013307205,281
664,57.665,06013307102,802
665,61.058499999999995,06109001100,368
666,61.6135,06109002201,2731
667,50.3735,06013364002,134
668,64.929,06013308001,162
669,58.974999999999994,06013302013,226
670,65.936,06013302010,737
671,69.282,06077001500,908
672,51.0485,06013359202,1458
673,59.571,06013330000,215
674,58.116,06013308001,209
675,59.4305,06077003119,158
676,59.4305,06077003119,84
677,59.528999999999996,06077003118,306
678,61.04600000000001,06109001200,1768
679,51.443,06013392200,421
680,50.325,06013360101,254
681,58.059,06013321200,551
682,60.84,06013332000,339
683,64.858,06013307101,431
684,58.116,06013308001,968
685,59.4305,06077003119,79
686,59.4305,06077003119,0
687,58.251,06013355109,891
688,65.936,06013302010,0
689,49.074,06041109002,423
690,50.052,06013363000,332
691,57.943,06013307101,576
692,65.539,06013355111,369
693,65.539,06013355111,113
694,59.2325,06013302014,442
695,67.01,06109001100,2013
696,49.472,06013366001,79
697,49.472,06013366001,512
698,50.893,06013360101,1044
699,59.785,06013328000,98
700,65.539,06013355111,307
701,59.813,06077001101,237
702,51.116,06013366001,226
703,51.116,06013366001,272
704,59.5095,06013302012,489
705,58.251,06013355109,680
706,65.539,06013355111,673
707,61.41,06109004102,1032
708,53.0035,06013336104,252
709,61.656,06013333200,0
710,65.934,06013355110,17
711,58.6815,06013355110,367
712,59.993,06077001200,629
713,48.938,06041111001,527
714,50.987,06041112201,0
715,48.430499999999995,06041112203,243
716,60.008,06013336102,0
717,59.849,06013336101,0
718,48.430499999999995,06041112203,437
719,50.867,06013368002,216
720,50.867,06013368002,600
721,50.698,06013360200,609
722,57.426,06013322000,461
723,52.991,06013336103,206
724,59.849,06013336101,220
725,58.031499999999994,06013355118,149
726,65.934,06013355110,723
727,58.996,06013302009,813
728,58.996,06013302009,735
729,69.14,06077001600,534
730,60.036,06077002701,132
731,53.6115,06013337100,821
732,54.3925,06013334007,254
733,52.42700000000001,06013321103,1585
734,61.901,06013334004,275
735,58.7365,06013303207,413
736,60.113,06077000900,823
737,48.2595,06041119202,923
738,48.913,06013368001,144
739,50.804,06013368001,121
740,59.889,06013337100,701
741,61.901,06013334004,359
742,55.993,06013355307,528
743,66.515,06013303102,466
744,69.422,06077002000,526
745,57.567,06013323000,575
746,61.901,06013334004,232
747,64.105,06013355304,495
748,69.132,06077000100,464
749,50.668,06013369002,906
750,52.589,06013324002,140
751,53.211,06013337202,432
752,54.191,06013334006,967
753,54.822,06013334008,102
754,60.036,06077000600,218
755,49.929,06041119100,786
756,48.2235,06041119201,293
757,67.924,06109005100,1814
758,60.263999999999996,06077000700,321
759,50.3,06013376000,222
760,49.112,06013375000,204
761,69.476,06077000700,413
762,56.077,06013326000,1098
763,67.176,06109004100,1935
764,48.313,06013377000,161
765,58.845,06013303206,915
766,49.753,06013384000,250
767,49.723,06013381000,0
768,69.485,06077002401,755
769,69.546,06077002202,373
770,49.411,06013386000,512
771,49.417,06013385200,297
772,59.3105,06013303208,991
773,59.736999999999995,06013303107,211
774,57.481,06013340001,404
775,58.58,06013338203,223
776,49.723,06013381000,778
777,53.1635,06013338301,651
778,60.343500000000006,06077002503,388
779,58.58,06013338203,562
780,60.343500000000006,06077002503,348
781,48.456,06013382000,180
782,55.791,06013340002,348
783,49.063,06013380000,136
784,48.668,06013391000,292
785,59.999,06013304007,1178
786,69.948,06077003802,231
787,48.4875,06013383000,288
788,48.555,06013390200,0
789,50.144000000000005,06013354002,935
790,60.187000000000005,06013304004,949
791,48.557,06001421100,0
792,52.392,06013340004,562
793,60.7095,06077003806,35
794,60.288,06077002800,3555
795,47.757999999999996,06041128200,431
796,47.3925,06041126200,698
797,48.117,06001420200,220
798,58.472,06013343001,737
799,69.498,06109985202,12
800,48.5185,06001421500,346
801,48.2305,06001421300,431
802,47.1835,06041125000,676
803,47.692499999999995,06001420401,172
804,47.854,06001421800,184
805,48.779,06013354001,1811
806,47.576,06041124200,516
807,48.1285,06001422500,209
808,48.1285,06001422500,44
809,47.522,06041123000,367
810,47.202,06001422100,119
811,59.587,06013343003,1124
812,53.161500000000004,06013346101,499
813,51.604,06013351200,660
814,47.17,06001423100,336
815,47.869,06001422700,105
816,47.702,06001422800,0
817,47.702,06001422800,16
818,47.702,06001422800,257
819,47.235,06001423100,171
820,47.653,06001423602,0
821,46.8335,06041130204,32
822,47.400999999999996,06001423500,256
823,47.808499999999995,06001423700,191
824,70.951,06077005135,1774
825,48.083,06001400100,1207
826,46.6215,06041130201,510
827,47.06,06001424001,224
828,47.1105,06001424001,196
829,49.289,06013353001,1682
830,53.420500000000004,06013346206,1821
831,46.6215,06041130201,317
832,64.1845,06109004202,6226
833,47.1945,06001400500,45
834,48.196,06001404400,939
835,47.2725,06001400300,201
836,51.6465,06013352101,1221
837,70.874,06077005131,2489
838,61.811,06013346201,544
839,46.8855,06001401000,394
840,61.361999999999995,06077005127,230
841,47.236999999999995,06001404101,283
842,46.8855,06001401000,0
843,53.420500000000004,06013346206,1156
844,61.2415,06077005134,1506
845,48.503,06001404502,767
846,47.139,06001404102,232
847,70.868,06077005129,377
848,47.5385,06001426100,598
849,47.0175,06001403502,0
850,47.431,06001403900,0
851,53.78,06013346203,323
852,55.0745,06013346204,1289
853,47.0175,06001403502,127
854,47.19766666666666,06001403600,0
855,47.252,06001403800,120
856,51.195,06013352102,1488
857,61.340999999999994,06077005129,533
858,47.86750000000001,06001404700,321
859,55.0745,06013346204,831
860,46.542,06001402802,33
861,64.76733333333333,06077005124,384
862,44.1755,06075010402,253
863,46.936,06001405301,255
864,49.314,06001408000,241
865,70.868,06077005129,1883
866,46.125,06075012700,0
867,45.147333333333336,06075012902,104
868,45.865,06075010400,0
869,46.53,06001402600,196
870,46.538,06001403100,0
871,46.668499999999995,06001403402,4
872,46.668499999999995,06001403402,0
873,47.38,06001405600,102
874,47.858000000000004,06001406700,150
875,72.782,06099000102,5900
876,46.677499999999995,06001403301,58
877,47.33,06001405302,67
878,54.323499999999996,06013345105,513
879,44.42,06075010901,0
880,45.833,06075010500,123
881,47.4815,06001406400,141
882,55.273,06013345113,850
883,56.48,06013355122,857
884,71.457,06077005132,276
885,45.851,06075011300,9
886,46.4985,06001983200,315
887,46.687,06001403302,127
888,47.49,06001405402,50
889,47.3135,06001405800,114
890,47.4815,06001406400,0
891,47.4815,06001406400,124
892,71.563,06077005110,361
893,61.7415,06077005138,958
894,63.8775,06077004903,622
895,45.1325,06075013402,99
896,45.883,06075013102,0
897,44.354,06075011901,0
898,44.2235,06075011700,65
899,46.687,06001403302,90
900,47.952,06001406300,197
901,45.4165,06075042800,0
902,45.1325,06075013402,203
903,45.09,06075013401,21
904,45.941,06075012100,20
905,44.353,06075061505,0
906,61.5955,06077005140,313
907,45.642,06075042800,182
908,45.381,06075040200,59
909,45.119,06075015500,49
910,45.715,06075015100,62
911,44.408,06075012301,0
912,47.3215,06001406201,99
913,56.146499999999996,06013355121,863
914,45.617,06075042700,78
915,45.464,06075042602,0
916,44.9895,06075015900,10
917,45.3835,06075045202,223
918,45.3585,06075015600,147
919,45.30500000000001,06075015702,0
920,45.758,06075015801,16
921,44.477999999999994,06075012504,0
922,47.096,06001427300,500
923,47.791,06001407600,236
924,48.233000000000004,06001407800,295
925,64.928,06013355116,1266
926,61.577,06077005122,629
927,45.671,06075047600,0
928,45.757,06075015700,24
929,45.0615,06075016101,100
930,44.714,06075012405,125
931,44.34,06075060703,186
932,47.599,06001406100,277
933,48.566,06001407700,52
934,49.283500000000004,06001408100,1481
935,56.146499999999996,06013355121,1247
936,61.549,06077005137,649
937,47.007,06001427600,290
938,47.337,06001427800,315
939,47.5595,06001407200,443
940,63.04,06013345108,256
941,65.09,06099000204,1087
942,45.346000000000004,06075016601,6
943,47.337,06001427800,126
944,48.856,06001408700,284
945,49.728,06001409900,1351
946,61.4,06013345116,783
947,45.712,06075016600,0
948,45.891,06075020100,57
949,47.0355,06001428000,220
950,47.684,06001427100,494
951,48.26,06001407400,267
952,48.088499999999996,06001408700,93
953,45.4555,06075017101,40
954,44.951,06075020102,28
955,73.128,06099000203,115
956,45.704499999999996,06075035101,163
957,45.61633333333334,06075032601,170
958,45.496,06075030101,0
959,47.377,06001428400,281
960,47.383,06001428000,183
961,48.3315,06001408600,281
962,48.543499999999995,06001408500,239
963,45.48350000000001,06075030202,252
964,45.526333333333334,06075017102,362
965,44.781000000000006,06075022704,0
966,47.435,06001428500,182
967,45.7125,06075032700,212
968,45.5115,06075020401,85
969,44.9695,06075020801,80
970,44.986999999999995,06075022803,140
971,44.7565,06075022802,0
972,47.64,06001428100,80
973,48.7465,06001409600,412
974,60.578500000000005,06077005311,99
975,60.578500000000005,06077005311,119
976,60.6365,06077005310,277
977,45.61833333333333,06075030301,368
978,44.9695,06075020801,130
979,44.986999999999995,06075022803,203
980,69.668,06077005305,163
981,45.57,06075032802,252
982,45.56366666666666,06075020402,113
983,45.146,06075020900,48
984,45.816,06075022903,58
985,65.3425,06099000202,434
986,45.67,06075032802,158
987,45.706,06075021300,135
988,45.737,06075022901,130
989,51.461,06001410000,524
990,60.3545,06077005224,345
991,45.678,06075035400,372
992,45.554,06075032801,361
993,45.57366666666667,06075021600,119
994,48.4235,06001409400,224
995,48.820499999999996,06001410300,141
996,49.736,06001410300,73
997,69.531,06077005308,299
998,69.56,06077005303,110
999,45.563,06075030600,22
1000,45.738,06075025200,71
1001,47.194,06001428302,674
1002,48.820499999999996,06001410300,443
1003,60.4765,06077005211,327
1004,69.56,06077005303,140
1005,45.84,06075025300,151
1006,47.444,06001428302,187
1007,49.883,06001410400,19
1008,62.835,06013345102,819
1009,72.297,06077005001,648
1010,45.579,06075033000,0
1011,45.174,06075025402,312
1012,45.25966666666667,06075023001,430
1013,45.819,06075061200,86
1014,48.5445,06001409300,10
1015,60.4765,06077005211,557
1016,60.8865,06077005406,538
1017,61.8935,06077005106,844
1018,72.297,06077005001,248
1019,45.8035,06075033002,525
1020,64.99,06099000301,1974
1021,64.99,06099000301,2459
1022,45.648,06075033100,249
1023,47.609,06001428301,13
1024,64.69550000000001,06099000302,970
1025,72.937,06099000301,227
1026,45.9325,06075033100,262
1027,45.647,06075031100,275
1028,45.634,06075025500,153
1029,45.58,06075025701,58
1030,45.898,06075023103,427
1031,48.4535,06001409100,368
1032,45.509,06075025502,172
1033,49.66,06001432300,404
1034,45.704,06075033201,99
1035,46.0075,06075031201,242
1036,45.5165,06075026002,47
1037,55.762,06013345101,773
1038,60.51650000000001,06077005212,582
1039,45.568,06075031202,167
1040,45.614,06075026001,224
1041,45.614,06075026001,42
1042,45.028999999999996,06075025800,51
1043,73.162,06099000402,446
1044,45.9295,06075031202,124
1045,45.665,06075026004,169
1046,50.095,06001432600,297
1047,62.319,06001450501,1322
1048,57.0265,06001450102,132
1049,64.784,06001450102,345
1050,58.4255,06001450750,1481
1051,60.6585,06077005216,39
1052,63.54900000000001,06099000514,1360
1053,45.9705,06075026202,234
1054,49.491,06001432501,72
1055,49.67033333333333,06001433104,217
1056,50.987,06001433000,0
1057,64.784,06001450102,916
1058,60.6585,06077005216,221
1059,73.162,06099000402,63
1060,45.725,06075026402,287
1061,49.491,06001432501,290
1062,56.2785,06001450400,73
1063,63.54900000000001,06099000514,757
1064,68.264,06001451201,246
1065,46.153,06075026201,164
1066,50.317,06001430500,402
1067,51.272,06001430700,750
1068,60.641999999999996,06077005217,0
1069,49.757,06001433300,324
1070,51.049,06001433102,342
1071,50.022,06001433801,251
1072,56.14,06001450501,373
1073,45.659,06081600600,113
1074,50.282,06001433900,0
1075,51.182,06001430900,579
1076,65.347,06001450744,203
1077,61.0395,06077005219,741
1078,73.367,06099000503,591
1079,73.211,06099000504,817
1080,46.3005,06081601100,413
1081,53.546,06001430900,0
1082,67.004,06001451403,530
1083,61.0395,06077005219,834
1084,73.367,06099000503,232
1085,46.3005,06081601100,163
1086,49.757,06001433300,498
1087,46.3005,06081601100,59
1088,46.2545,06081601301,1
1089,45.745,06081600100,358
1090,49.0105,06001433300,643
1091,64.841,06001450743,921
1092,58.3275,06001450744,715
1093,67.773,06001451503,843
1094,67.46266666666666,06099000806,677
1095,51.8815,06001431100,417
1096,55.133,06001435200,299
1097,56.679500000000004,06001450603,314
1098,60.4815,06001451403,782
1099,52.6225,06001435200,23
1100,60.4815,06001451403,568
1101,73.626,06099000907,709
1102,65.5635,06099000915,233
1103,49.789,06001435800,388
1104,49.789,06001435800,291
1105,56.679500000000004,06001450603,492
1106,64.804,06001450604,151
1107,73.525,06099000807,296
1108,73.666,06099000908,0
1109,45.540499999999994,06081600100,858
1110,61.203500000000005,06001451506,563
1111,73.647,06099000803,363
1112,49.794,06001435900,624
1113,50.1875,06001435700,395
1114,51.97,06001435300,398
1115,64.832,06001450605,583
1116,65.032,06001450746,396
1117,65.032,06001450746,302
1118,61.1125,06001451503,681
1119,45.85,06081601501,73
1120,51.670500000000004,06001436403,566
1121,63.851,06001450606,506
1122,73.671,06099000911,204
1123,45.85,06081601501,285
1124,50.045,06001436100,0
1125,63.066,06001450602,43
1126,73.878,06099000801,775
1127,73.671,06099000911,163
1128,50.316,06001436000,211
1129,60.696,06001451701,303
1130,64.9505,06099001400,656
1131,64.9505,06099001400,779
1132,49.513,06001436000,332
1133,54.441,06001436401,427
1134,66.513,06001451704,369
1135,60.6335,06001451704,366
1136,64.9505,06099001400,557
1137,65.5055,06099001100,394
1138,46.682500000000005,06081601700,542
1139,49.513,06001436000,467
1140,60.6335,06001451704,75
1141,67.377,06001451601,770
1142,73.76,06099002803,641
1143,45.892,06081601605,483
1144,45.892,06081601605,345
1145,46.682500000000005,06081601700,328
1146,45.94,06081601902,0
1147,54.31,06001436500,442
1148,73.87,06099001300,513
1149,46.7475,06081602800,420
1150,46.891999999999996,06081601605,4
1151,45.94,06081601902,282
1152,64.5165,06099000601,922
1153,46.193,06081602200,36
1154,50.879000000000005,06001436800,377
1155,55.585,06001435102,953
1156,73.794,06099000905,403
1157,46.915,06081601800,307
1158,51.271,06001436602,89
1159,74.496,06099001200,574
1160,51.41,06001437500,337
1161,65.601,06099001200,231
1162,73.972,06099002005,267
1163,66.27850000000001,06099002006,106
1164,66.354,06099002802,6766
1165,46.9685,06081602602,55
1166,46.691500000000005,06081602400,569
1167,65.895,06099001900,597
1168,51.679,06001437702,226
1169,66.354,06099002802,6481
1170,46.9025,06081602500,85
1171,66.037,06001451102,2380
1172,52.861,06001437300,0
1173,65.673,06099001700,25
1174,66.3565,06099002002,989
1175,45.806,06081603000,306
1176,47.1175,06081603700,137
1177,46.605999999999995,06081604104,159
1178,52.243,06001437102,0
1179,74.195,06099001601,456
1180,47.1465,06081603802,775
1181,46.563,06081603801,232
1182,66.1585,06099002302,285
1183,65.6575,06099001603,126
1184,74.053,06099001604,44
1185,66.94149999999999,06099002904,2748
1186,46.741,06081604500,700
1187,74.126,06099002301,155
1188,66.4075,06099002702,1133
1189,66.554,06099002604,378
1190,66.6135,06099002603,552
1191,74.105,06099002605,558
1192,74.105,06099002605,898
1193,74.126,06099002301,441
1194,66.01950000000001,06099002402,29
1195,74.201,06099003001,374
1196,47.213499999999996,06081603200,1173
1197,46.792,06081604600,227
1198,46.803,06081604800,267
1199,74.226,06099001603,4180
1200,74.056,06099002602,571
1201,51.582499999999996,06001440304,388
1202,52.4725,06001440307,209
1203,74.056,06099002602,263
1204,56.073,06001440308,0
1205,47.314,06081605200,157
1206,53.349,06001440304,43
1207,54.029,06001440306,205
1208,53.911,06001440338,186
1209,56.801,06001440335,1108
1210,74.056,06099002602,140
1211,69.14,06099002503,401
1212,47.535,06081606100,0
1213,53.706,06001440305,264
1214,53.838,06001440336,520
1215,58.471,06001441100,1094
1216,54.179,06001441301,455
1217,47.843999999999994,06081605502,278
1218,48.344,06081608200,288
1219,57.671,06001441800,815
1220,58.172,06001441924,952
1221,48.6135,06081608200,401
1222,58.172,06001441924,459
1223,52.5745,06001441524,538
1224,57.671,06001441800,57
1225,66.6035,06099002505,2942
1226,68.725,06043000101,7813
1227,55.085499999999996,06001441929,690
1228,55.085499999999996,06001441929,290
1229,56.87,06001441602,599
1230,53.301500000000004,06001444100,175
1231,53.838,06001441701,101
1232,48.3865,06081606500,615
1233,48.378,06081608400,463
1234,48.9615,06081608023,199
1235,58.467,06001441921,107
1236,48.757999999999996,06081608400,391
1237,54.8395,06001441926,208
1238,54.519499999999994,06001442502,457
1239,56.1335,06001442200,572
1240,67.3685,06099003611,395
1241,49.2435,06081610304,382
1242,56.120666666666665,06001442400,254
1243,59.29,06001442200,552
1244,67.3065,06099003612,28
1245,48.199,06081607200,168
1246,48.282,06081608502,317
1247,59.29,06001442200,327
1248,67.3685,06099003611,149
1249,56.120666666666665,06001442400,304
1250,59.613,06001443104,281
1251,67.4795,06099003608,1598
1252,47.6215,06081613600,2076
1253,48.954499999999996,06081606900,418
1254,48.466,06081608600,254
1255,57.08,06001444601,184
1256,57.08,06001444601,381
1257,48.404,06081608700,109
1258,57.08,06001444601,957
1259,67.3945,06099003609,415
1260,67.3945,06099003609,278
1261,49.2205,06081608700,411
1262,49.03,06081609000,558
1263,58.401,06001442900,113
1264,58.977,06001443002,138
1265,48.429,06081608800,325
1266,74.262,06099003909,325
1267,67.4795,06099003608,968
1268,58.977,06001443002,570
1269,67.5205,06099003907,300
1270,49.445499999999996,06081609000,1216
1271,74.241,06099003906,182
1272,74.241,06099003906,399
1273,74.265,06099003804,608
1274,59.952,06001443321,319
1275,73.973,06099003803,723
1276,50.1835,06081609300,629
1277,64.406,06099003205,1025
1278,50.289500000000004,06081609900,270
1279,53.288,06081611800,39
1280,72.308,06099003201,714
1281,51.134,06081610900,43
1282,50.6725,06081610201,659
1283,51.831,06081610500,267
1284,64.406,06099003205,639
1285,72.308,06099003201,424
1286,51.941,06081610601,274
1287,52.719,06081611600,445
1288,51.411,06081612001,166
1289,57.577,06001443301,199
1290,51.766,06081610700,89
1291,53.529,06081612000,96
1292,72.538,06099003202,421
1293,64.4105,06099003204,439
1294,50.7635,06081611200,479
1295,57.928000000000004,06085504422,159
1296,50.7635,06081611200,271
1297,60.926,06085504422,699
1298,51.71,06081612102,86
1299,50.919,06081611300,67
1300,52.188,06081611300,0
1301,58.194,06085504421,697
1302,54.649,06085511100,313
1303,57.650499999999994,06085504506,445
1304,62.617,06085504412,711
1305,50.870000000000005,06081613300,672
1306,51.962,06085511100,367
1307,54.761,06085511400,284
1308,52.0965,06085511000,145
1309,51.2115,06081612900,0
1310,60.602000000000004,06085504423,0
1311,70.903,06043000102,10197
1312,53.382,06081612900,117
1313,68.04249999999999,06047000205,562
1314,51.945,06085511501,579
1315,54.42,06085513000,312
1316,54.641,06085511500,360
1317,51.945,06085511501,645
1318,55.568,06085510700,416
1319,55.568,06085510700,382
1320,52.0765,06085510700,218
1321,58.4735,06085504510,266
1322,70.903,06043000102,5847
1323,57.3965,06085505015,0
1324,56.869499999999995,06085505014,183
1325,63.917,06085504411,160
1326,59.6425,06085504315,1297
1327,67.9875,06047000403,1822
1328,67.9875,06047000403,1376
1329,59.6425,06085504315,278
1330,54.849,06085511705,494
1331,53.118,06085509202,174
1332,61.983,06085504505,0
1333,63.467,06085504410,39
1334,55.407,06085504805,117
1335,58.40650000000001,06085505006,925
1336,52.7555,06085509404,203
1337,58.152,06085504803,129
1338,60.1015,06085504314,84
1339,53.3605,06085509201,316
1340,57.54600000000001,06085504903,0
1341,63.306,06085504323,122
1342,56.097,06085510500,307
1343,54.8385,06085509002,440
1344,67.099,06085504201,991
1345,69.1785,06047000504,332
1346,54.8385,06085509002,269
1347,58.528,06085504806,676
1348,59.181000000000004,06085504322,346
1349,68.521,06047000306,1605
1350,69.1785,06047000504,142
1351,52.2425,06085510500,469
1352,59.181000000000004,06085504322,496
1353,72.066,06047000304,1286
1354,69.1785,06047000504,1201
1355,69.1785,06047000504,507
1356,58.132,06085508800,361
1357,54.688,06085508800,350
1358,59.683,06085505007,39
1359,60.473,06085503803,124
1360,66.139,06085503802,420
1361,53.8295,06085509107,373
1362,62.821,06085504318,762
1363,69.1785,06047000504,1408
1364,59.733000000000004,06085504317,354
1365,68.2525,06047000305,0
1366,59.566,06085504311,227
1367,66.139,06085503802,605
1368,66.838,06085503902,573
1369,56.306,06085511701,1481
1370,53.635999999999996,06085509110,72
1371,64.568,06027000400,1187
1372,51.352000000000004,06081613200,226
1373,64.472,06085504319,307
1374,60.938500000000005,06085503903,314
1375,56.747,06085510200,202
1376,60.7975,06085503713,373
1377,61.0385,06085504101,255
1378,61.0385,06085504101,11
1379,67.862,06085504102,539
1380,56.747,06085510200,595
1381,57.583,06085508401,395
1382,67.549,06085504101,186
1383,53.259,06085509901,532
1384,60.5655,06085503712,27
1385,71.662,06047000603,999
1386,56.78,06085511702,749
1387,57.142,06085510001,473
1388,58.497,06085508505,118
1389,59.437,06085505303,155
1390,57.2405,06085505303,668
1391,65.731,06085503712,2
1392,71.275,06047000601,595
1393,58.131,06085508503,250
1394,58.865,06085505304,225
1395,60.6275,06085503707,247
1396,60.888999999999996,06085504002,259
1397,54.47,06085508403,348
1398,58.674,06085508507,244
1399,58.865,06085505304,426
1400,57.2405,06085505303,253
1401,57.2405,06085505303,275
1402,57.2405,06085505303,460
1403,61.153999999999996,06085503508,89
1404,69.93766666666667,06047000602,531
1405,69.93766666666667,06047000602,68
1406,53.318,06085510001,575
1407,56.3935,06085505401,288
1408,64.605,06085501401,636
1409,67.829,06085503510,439
1410,69.93766666666667,06047000602,391
1411,66.107,06085503711,329
1412,68.12,06085503508,450
1413,68.676,06085503509,45
1414,54.7055,06085508306,171
1415,61.009,06085505700,311
1416,66.107,06085503711,249
1417,69.31099999999999,06047001007,276
1418,55.295500000000004,06085508204,0
1419,57.403,06085505500,360
1420,61.009,06085505700,132
1421,63.173,06085501101,476
1422,71.004,06047000701,953
1423,56.5155,06085505403,371
1424,57.384499999999996,06085506000,416
1425,62.078,06085500400,147
1426,69.31099999999999,06047001007,777
1427,72.131,06047001801,1489
1428,57.285,06085510002,850
1429,54.7245,06085508305,482
1430,56.23433333333333,06085508203,574
1431,61.089,06085503322,278
1432,69.875,06085503312,983
1433,69.3135,06047000802,412
1434,62.436,06085500600,284
1435,64.159,06085500902,233
1436,64.508,06085501300,164
1437,71.727,06047001002,398
1438,69.3655,06039000111,7736
1439,54.7845,06085507806,712
1440,58.186,06085508101,211
1441,60.506,06085505900,195
1442,57.817,06085507806,76
1443,55.355999999999995,06085508101,0
1444,59.686,06085506102,0
1445,59.686,06085506102,79
1446,61.05800000000001,06085503306,0
1447,68.464,06085503321,141
1448,69.851,06085503313,488
1449,58.186,06085508101,339
1450,63.594,06085500800,363
1451,66.102,06085503117,497
1452,58.186,06085508101,574
1453,64.849,06085503112,174
1454,71.578,06047000902,1082
1455,69.5355,06047001005,1560
1456,58.367,06085508004,507
1457,60.875,06085503402,184
1458,60.944,06085503325,157
1459,65.65299999999999,06099003501,572
1460,69.5095,06047001003,280
1461,71.999,06047001101,339
1462,67.633,06039000104,5666
1463,56.688,06085506203,393
1464,68.195,06085503305,265
1465,69.5095,06047001003,276
1466,69.292,06039000104,2827
1467,54.6405,06085507807,328
1468,59.164,06085506204,177
1469,60.945499999999996,06085503118,305
1470,65.65299999999999,06099003501,1206
1471,71.523,06047001005,398
1472,57.274499999999996,06085506304,464
1473,61.428,06085506401,354
1474,58.040000000000006,06085506401,163
1475,58.040000000000006,06085506401,500
1476,59.0215,06085502103,489
1477,60.194,06085503113,439
1478,69.4675,06047001004,443
1479,57.661,06085507807,453
1480,58.040000000000006,06085506401,469
1481,59.0215,06085502103,156
1482,59.0215,06085502103,324
1483,57.772,06085507905,515
1484,56.099999999999994,06085507904,585
1485,57.6965,06085506302,9
1486,67.489,06085503212,270
1487,61.102,06085503336,45
1488,57.992,06085507906,239
1489,59.991,06085502400,209
1490,60.9675,06085503221,515
1491,69.104,06085503329,787
1492,71.65,06047001401,637
1493,60.136,06085506305,207
1494,66.578,06085503214,361
1495,61.0205,06085503213,22
1496,56.617,06085506202,277
1497,61.796,06085506402,120
1498,58.73950000000001,06085502204,92
1499,64.995,06085503123,186
1500,65.217,06085503121,613
1501,68.998,06085503333,828
1502,69.5835,06047001502,169
1503,61.796,06085506402,370
1504,63.43,06085502202,24
1505,58.982,06085502202,471
1506,71.636,06047002600,1191
1507,56.877,06085506601,97
1508,60.549,06085506605,451
1509,61.1575,06085503333,925
1510,71.279,06047001502,693
1511,58.013,06085507401,989
1512,64.597,06085502500,78
1513,60.974000000000004,06085503207,202
1514,68.998,06085503333,953
1515,57.787000000000006,06085506503,312
1516,67.543,06085503217,185
1517,60.974000000000004,06085503207,1374
1518,61.051500000000004,06085503339,1131
1519,71.636,06047002600,7118
1520,59.888,06085506604,434
1521,60.92,06085503127,220
1522,60.92,06085503127,0
1523,61.051500000000004,06085503339,383
1524,67.959,06085503332,980
1525,60.325,06085503124,86
1526,60.325,06085503124,328
1527,60.92,06085503127,326
1528,71.681,06047001700,999
1529,62.9,06085502604,244
1530,65.973,06085503116,216
1531,67.959,06085503332,637
1532,69.3655,06039000111,933
1533,68.19,06085503208,226
1534,60.37,06085506701,335
1535,60.37,06085506701,351
1536,65.553,06085512005,527
1537,65.973,06085503116,339
1538,65.973,06085503116,181
1539,60.717,06085503116,307
1540,56.945,06085507600,0
1541,62.846,06085502701,219
1542,64.08,06085502902,222
1543,60.8725,06085512019,247
1544,67.132,06085512020,0
1545,60.93000000000001,06085512057,318
1546,61.1935,06085503338,788
1547,58.44,06085502701,244
1548,59.1245,06085502902,367
1549,68.149,06085512017,334
1550,59.323499999999996,06085502908,667
1551,60.540499999999994,06085512025,538
1552,66.665,06085512019,460
1553,61.0295,06085512042,44
1554,55.264,06085507500,1180
1555,60.373000000000005,06085512024,278
1556,61.0295,06085512043,570
1557,55.264,06085507500,1397
1558,57.3475,06085506703,362
1559,59.429500000000004,06085502907,122
1560,59.743,06085502909,655
1561,57.3475,06085506703,617
1562,59.429500000000004,06085502907,476
1563,60.5715,06085512026,175
1564,60.7115,06085512023,195
1565,60.867000000000004,06085512039,477
1566,58.227,06085502704,549
1567,65.62,06085512052,256
1568,59.5385,06085511915,333
1569,65.701,06085512053,250
1570,59.821999999999996,06085512052,521
1571,59.966,06085512047,286
1572,59.105999999999995,06085511916,436
1573,59.821999999999996,06085512052,426
1574,58.164500000000004,06085506804,666
1575,60.089,06085512045,195
1576,60.428000000000004,06085512036,374
1577,64.868,06085511916,947
1578,60.533500000000004,06085512034,309
1579,70.434,06047001902,2702
1580,59.182500000000005,06085511914,57
1581,67.123,06085512032,274
1582,66.767,06085512031,323
1583,60.45700000000001,06085512035,328
1584,67.123,06085512032,1186
1585,58.49550000000001,06085511917,717
1586,65.918,06085511912,232
1587,58.49550000000001,06085511917,74
1588,72.427,06039000106,291
1589,52.087500000000006,06087120500,5715
1590,64.981,06085512100,689
1591,70.36099999999999,06039000106,4196
1592,70.36099999999999,06039000106,2470
1593,65.1545,06027000100,22566
1594,49.618,06087120400,4063
1595,49.618,06087120400,2301
1596,60.724999999999994,06085512308,803
1597,68.5075,06047000901,10219
1598,58.8395,06085512305,1253
1599,59.918499999999995,06085512312,789
1600,64.153,06085512310,1416
1601,70.271,06039000202,7829
1602,70.402,06039000201,1557
1603,59.236999999999995,06085512307,1300
1604,70.402,06039000201,1042
1605,70.402,06039000201,4912
1606,64.664,06047002202,786
1607,49.858,06087120600,2287
1608,63.737,06047002305,37
1609,56.06,06085512200,3819
1610,63.6195,06047002201,1062
1611,70.271,06039000202,2791
1612,64.639,06047002201,900
1613,63.525,06047002303,938
1614,49.522999999999996,06087120902,1631
1615,49.2525,06087120800,1967
1616,61.922,06085512503,1066
1617,61.867,06085512505,1352
1618,72.224,06039000507,739
1619,56.388000000000005,06085512516,172
1620,57.3395,06085512505,846
1621,52.825,06087120800,1482
1622,56.464,06085512511,1009
1623,61.967,06085512604,618
1624,64.905,06047002404,3121
1625,61.922,06085512503,4691
1626,48.994,06087100400,734
1627,48.994,06087100400,725
1628,49.897000000000006,06087122204,1626
1629,49.3845,06087122005,776
1630,48.870999999999995,06087100100,753
1631,48.8765,06087121401,587
1632,48.962,06087121402,1089
1633,48.902,06087100500,7307
1634,48.863,06087100200,334
1635,48.8765,06087121401,247
1636,48.962,06087121402,338
1637,49.0415,06087121801,668
1638,72.2495,06019006406,3032
1639,53.246,06087122100,430
1640,71.286,06039000604,445
1641,48.912,06087100802,72
1642,50.407,06087123100,2381
1643,48.912,06087100802,76
1644,50.11366666666667,06087100600,88
1645,53.782,06087122202,1138
1646,71.6605,06039000901,578
1647,48.951,06087101001,41
1648,50.407,06087123100,1659
1649,52.908,06087121600,243
1650,50.407,06087123100,1299
1651,71.55199999999999,06039000903,94
1652,49.7485,06087122203,471
1653,71.55199999999999,06039000903,659
1654,48.495000000000005,06087101200,1184
1655,70.864,06039000702,970
1656,70.864,06039000702,841
1657,50.102000000000004,06087110504,645
1658,50.0095,06087110505,123
1659,74.333,06019005503,2071
1660,50.010999999999996,06087110301,0
1661,54.568,06053010102,2875
1662,54.075,06087110400,467
1663,74.333,06019005503,1205
1664,73.048,06019005529,217
1665,73.2715,06019005505,503
1666,73.0345,06019005516,1109
1667,54.159,06053010101,2197
1668,73.0345,06019005516,370
1669,74.983,06019005505,572
1670,54.159,06053010101,2777
1671,73.0345,06019005516,637
1672,73.104,06019006407,4065
1673,54.59,06053010202,1079
1674,54.623000000000005,06069000400,834
1675,73.565,06019005524,453
1676,74.433,06019004406,483
1677,70.354,06039001000,6932
1678,73.62,06019004301,83
1679,58.139,06069000400,314
1680,58.139,06069000400,689
1681,73.16,06019005526,397
1682,73.928,06019005513,775
1683,74.177,06019005518,1684
1684,53.923,06069000702,677
1685,55.0265,06069000501,482
1686,58.335,06069000501,1007
1687,72.9685,06019004301,769
1688,73.16,06019005526,39
1689,73.16,06019005526,283
1690,57.991,06069000702,1161
1691,54.868,06069000602,22
1692,72.145,06019004215,765
1693,76.239,06019005701,686
1694,74.707,06019005907,552
1695,73.299,06019004215,297
1696,72.4515,06019004211,262
1697,73.232,06019005406,260
1698,72.9855,06019004504,166
1699,74.2195,06019005701,285
1700,72.4515,06019004211,459
1701,73.2535,06019005405,265
1702,72.4515,06019004211,487
1703,73.964,06019005602,473
1704,54.436,06053014700,1769
1705,72.464,06019004207,676
1706,74.255,06019004506,586
1707,73.2565,06019005409,299
1708,73.2565,06019005409,411
1709,73.964,06019005602,795
1710,74.8355,06019005912,458
1711,75.026,06019005408,733
1712,72.139,06019004217,437
1713,54.659,06069000801,285
1714,73.93733333333333,06019005302,735
1715,73.93733333333333,06019005302,220
1716,77.297,06019005905,1934
1717,72.139,06019004217,214
1718,73.718,06019004601,62
1719,73.93733333333333,06019005302,300
1720,75.1415,06019005913,673
1721,75.1415,06019005913,479
1722,75.008,06019005301,728
1723,75.597,06019003103,18
1724,74.762,06019005802,210
1725,55.126,06053010501,1352
1726,72.725,06019004205,587
1727,73.795,06019004802,640
1728,73.13499999999999,06019004703,106
1729,75.314,06019005100,687
1730,75.314,06019005100,384
1731,74.63,06019004901,84
1732,73.1635,06019004704,204
1733,73.356,06019004801,102
1734,74.866,06019005203,466
1735,72.7855,06019003805,513
1736,73.295,06019004802,356
1737,76.285,06019005804,648
1738,72.784,06019003804,365
1739,72.283,06019003803,675
1740,73.433,06019003805,582
1741,72.62100000000001,06019003807,1001
1742,73.2765,06019003701,161
1743,74.526,06019002200,339
1744,75.148,06019003001,246
1745,73.02250000000001,06019002000,632
1746,74.725,06019002300,91
1747,74.967,06019002800,502
1748,74.7195,06019002906,438
1749,75.148,06019003001,16
1750,74.786,06019002400,238
1751,75.767,06019003001,442
1752,65.2975,06019008303,3920
1753,73.283,06019002100,890
1754,74.11449999999999,06019000502,175
1755,74.11449999999999,06019000502,252
1756,74.888,06019002702,125
1757,74.888,06019002702,32
1758,69.576,06019004002,1032
1759,74.5835,06019002702,384
1760,75.571,06019003003,262
1761,74.04166666666666,06019000400,491
1762,48.6545,06053010506,621
1763,74.98649999999999,06019001407,649
1764,48.671,06053010505,127
1765,72.8285,06019000701,253
1766,74.41499999999999,06019001303,302
1767,74.662,06019001304,529
1768,68.4765,06019004003,802
1769,72.8285,06019000701,100
1770,72.8285,06019000701,359
1771,74.556,06019001303,266
1772,48.620000000000005,06053000103,448
1773,55.085,06053000103,623
1774,73.774,06019001100,628
1775,75.537,06019001417,270
1776,55.085,06053000103,436
1777,48.620000000000005,06053000103,197
1778,48.9125,06053000104,375
1779,48.9125,06053000104,242
1780,75.537,06019001417,551
1781,48.665,06053000300,443
1782,73.933,06019000901,967
1783,74.94,06019001202,677
1784,75.4905,06019001416,341
1785,76.475,06019006002,930
1786,76.7815,06019006102,1205
1787,73.305,06019000800,1252
1788,76.7815,06019006102,405
1789,48.5325,06053001801,493
1790,48.881,06053010604,177
1791,55.615,06053010605,512
1792,48.825,06053000701,392
1793,48.3255,06053014202,1685
1794,48.825,06053000701,281
1795,55.134,06053001802,137
1796,55.496,06053000702,151
1797,55.542,06053000701,246
1798,73.774,06019001100,2541
1799,52.862,06053014201,756
1800,55.127,06053001700,355
1801,53.063,06053014202,356
1802,55.127,06053001700,0
1803,48.818,06053000702,931
1804,55.302,06053000501,536
1805,48.5815,06053001200,458
1806,54.924,06053001600,492
1807,54.924,06053001600,571
1808,48.456,06053001500,924
1809,55.258,06053001500,0
1810,74.377,06019001700,3643
1811,78.3,06019006502,1732
1812,78.3,06019006502,1912
1813,72.526,06019001800,3631
1814,77.571,06019006501,2366
1815,51.004,06053012502,447
1816,52.163,06053013700,187
1817,47.965,06053013800,34
1818,52.695,06053013800,248
1819,77.321,06019008503,635
1820,77.321,06019008503,1140
1821,77.441,06019006604,641
1822,47.519999999999996,06053012503,205
1823,48.4215,06053014110,3375
1824,77.321,06019008503,1109
1825,77.321,06019008503,1355
1826,57.657,06053014800,3523
1827,77.76499999999999,06019006603,1433
1828,51.481,06053012000,312
1829,77.9255,06019006602,565
1830,48.4215,06053014110,3510
1831,77.08250000000001,06019007004,1748
1832,77.08250000000001,06019007004,1547
1833,76.711,06019007102,869
1834,75.847,06019007002,710
1835,76.711,06019007102,253
1836,78.2975,06107000402,2072
1837,74.067,06019007300,2423
1838,76.757,06107000501,227
1839,78.89099999999999,06107000204,95
1840,52.5555,06053010804,4755
1841,77.9925,06107000303,1762
1842,76.7855,06019007202,525
1843,72.23249999999999,06019007400,2315
1844,76.7855,06019007202,4217
1845,75.96,06107000100,8504
1846,72.465,06019007400,2811
1847,56.617,06053011104,125
1848,72.465,06019007400,3043
1849,79.4685,06107000702,439
1850,47.9845,06053990000,5270
1851,80.00450000000001,06107000801,1291
1852,80.00450000000001,06107000801,2760
1853,80.00450000000001,06107000801,364
1854,72.032,06031000602,1278
1855,72.0505,06031000604,356
1856,72.0505,06031000604,374
1857,72.0505,06031000604,440
1858,79.3815,06107001012,863
1859,79.666,06107001009,30
1860,76.263,06107001004,313
1861,79.828,06107001303,159
1862,71.685,06031000603,353
1863,72.11600000000001,06031000901,875
1864,78.8475,06107001005,696
1865,79.81450000000001,06107001101,260
1866,72.11600000000001,06031000901,1003
1867,79.93100000000001,06107001305,822
1868,72.13,06031000900,374
1869,79.66499999999999,06107001102,624
1870,79.1035,06107001006,173
1871,79.1035,06107001006,380
1872,57.1555,06053011202,303
1873,74.691,06107002008,538
1874,76.03,06107001701,414
1875,79.3235,06107002002,466
1876,71.699,06031001002,168
1877,56.9685,06053011203,0
1878,79.3235,06107002002,641
1879,79.3235,06107002002,441
1880,75.105,06107001901,547
1881,71.433,06031001003,671
1882,71.433,06031001003,863
1883,80.0735,06107001705,1005
1884,80.18,06107001601,855
1885,74.707,06107002004,198
1886,78.92150000000001,06107002004,365
1887,68.9465,06031000406,261
1888,70.36,06031000405,217
1889,79.91300000000001,06107001706,745
1890,77.067,06107001601,539
1891,69.0505,06031000402,302
1892,78.753,06107002010,830
1893,80.436,06107001502,161
1894,69.239,06031000300,6025
1895,78.66,06107002401,1190
1896,77.01400000000001,06107002203,566
1897,76.137,06107002602,1018
1898,58.086,06053011302,458
1899,80.3065,06107002602,321
1900,76.137,06107002602,502
1901,77.518,06107002304,106
1902,76.137,06107002602,278
1903,80.3065,06107002602,734
1904,77.151,06107003001,140
1905,65.9925,06019007801,5896
1906,75.211,06107002800,616
1907,75.211,06107002800,593
1908,77.5775,06107002904,331
1909,77.5775,06107002904,89
1910,65.575,06019008000,1613
1911,65.674,06019008100,1734
1912,65.674,06019008100,1728
1913,78.032,06107002702,5430
1914,70.46833333333333,06031001500,538
1915,70.5595,06031001401,907
1916,70.5595,06031001401,562
1917,70.324,06107003200,5970
1918,74.041,06107003700,760
1919,80.292,06107003801,280
1920,80.1925,06107003601,314
1921,73.91,06107003602,568
1922,73.868,06107003802,152
1923,80.235,06107003903,304
1924,78.5735,06107003202,4272
1925,80.398,06107003602,316
1926,80.3085,06107004104,349
1927,70.402,06031980100,467
1928,70.402,06031980100,915
1929,80.2025,06107003904,954
1930,79.99449999999999,06107004102,1153
1931,66.104,06031001702,2310
1932,65.7315,06031981800,432
1933,71.8945,06029004903,1254
1934,70.477,06029004902,0
1935,70.4905,06029004606,1376
1936,70.4905,06029004606,1416
1937,71.925,06029005006,312
1938,70.842,06029005004,934
1939,69.338,06029005300,9194
1940,71.279,06029004701,969
1941,58.164,06079010201,1100
1942,56.5505,06079010104,62
1943,73.8295,06029005205,4767
1944,57.12,06079010102,674
1945,68.9465,06029005409,1087
1946,56.5075,06079010205,1021
1947,69.2485,06029005408,826
1948,47.939499999999995,06079010404,6154
1949,56.946,06079010204,1151
1950,69.2485,06029005408,466
1951,68.4165,06029004404,410
1952,68.5955,06029004402,162
1953,68.7365,06029005410,2991
1954,53.891999999999996,06079012707,2433
1955,54.213,06079012502,3079
1956,54.213,06079012502,708
1957,55.566,06079012502,675
1958,68.15700000000001,06029004102,125
1959,53.388000000000005,06079012602,757
1960,71.897,06029004102,1038
1961,55.577,06079012800,2179
1962,72.19800000000001,06029000105,379
1963,72.19800000000001,06029000105,224
1964,70.238,06029000509,218
1965,75.831,06029000503,141
1966,70.51350000000001,06029000508,1097
1967,71.13300000000001,06029000202,448
1968,71.902,06029000201,353
1969,69.56700000000001,06029003825,508
1970,75.297,06029003804,541
1971,77.502,06029000300,0
1972,48.164500000000004,06079010505,3269
1973,70.03399999999999,06029003817,565
1974,71.502,06029000400,410
1975,77.891,06029000902,214
1976,47.924499999999995,06079010506,766
1977,69.7265,06029003815,318
1978,70.03399999999999,06029003817,304
1979,70.4015,06029000505,888
1980,75.209,06029000911,484
1981,75.948,06029003806,632
1982,74.3415,06029000902,468
1983,78.366,06029000700,0
1984,75.972,06029003807,259
1985,68.6375,06029003823,4008
1986,69.27799999999999,06029003822,1821
1987,78.324,06029001300,79
1988,77.974,06029001201,398
1989,69.27799999999999,06029003822,1452
1990,73.67949999999999,06029001202,519
1991,69.27799999999999,06029003822,1377
1992,76.031,06029003811,178
1993,78.376,06029000906,256
1994,69.428,06029003819,437
1995,78.246,06029001103,397
1996,75.0665,06029001104,237
1997,75.0665,06029001104,446
1998,75.936,06029003810,821
1999,73.26050000000001,06029002202,114
2000,49.489,06079010602,1202
2001,76.416,06029003812,1106
2002,73.26050000000001,06029002202,12
2003,76.368,06029002806,1147
2004,70.35,06029001803,254
2005,77.618,06029001902,56
2006,72.6285,06029002001,51
2007,74.5775,06029002304,272
2008,69.27799999999999,06029003822,869
2009,70.35,06029001803,561
2010,76.844,06029001802,433
2011,71.1965,06029001801,80
2012,72.3005,06029002002,131
2013,78.389,06029002100,300
2014,73.35300000000001,06029002201,164
2015,74.932,06029002402,325
2016,77.19,06029002812,246
2017,74.932,06029002402,62
2018,72.1525,06029002701,149
2019,70.75200000000001,06029002804,387
2020,70.045,06029003212,0
2021,70.4995,06029002822,636
2022,72.3035,06029002901,185
2023,70.4995,06029002822,537
2024,76.985,06029002818,556
2025,77.077,06029002817,240
2026,77.965,06029003000,83
2027,71.2165,06029002817,288
2028,71.8465,06029002815,402
2029,73.428,06029002503,729
2030,76.741,06029002821,500
2031,49.111,06079010703,960
2032,72.829,06029003127,487
2033,77.051,06029003123,515
2034,77.476,06029003124,106
2035,77.476,06029003124,626
2036,71.8985,06029003132,627
2037,71.8985,06029003132,414
2038,77.798,06029003114,0
2039,70.431,06029003134,314
2040,71.8985,06029003132,296
2041,72.339,06029003136,659
2042,51.355,06079011200,975
2043,49.921,06079010903,340
2044,72.857,06029003128,150
2045,49.941500000000005,06079010902,248
2046,71.84649999999999,06029003209,166
2047,72.84,06029003214,692
2048,50.104,06079011002,450
2049,72.84,06029003214,430
2050,49.451,06079011105,287
2051,49.4315,06079011104,563
2052,50.561,06079011300,363
2053,78.332,06029006403,246
2054,75.84899999999999,06029006406,126
2055,78.332,06029006403,346
2056,77.48249999999999,06029006301,1067
2057,76.9985,06029006304,1096
2058,77.105,06029006008,689
2059,78.698,06029006303,1084
2060,75.17949999999999,06029006010,1085
2061,49.626,06079011800,3490
2062,48.1565,06079011704,20
2063,70.197,06029003500,1434
2064,49.165,06079011701,815
2065,70.197,06029003500,430
2066,70.197,06029003500,0
2067,70.197,06029003500,906
2068,74.9335,06029006006,2699
2069,74.86,06029006003,105
2070,70.3355,06029005512,1263
2071,74.358,06029006003,837
2072,48.4195,06079012002,854
2073,49.119,06079011800,993
2074,74.358,06029006003,1067
2075,48.345,06079012102,236
2076,48.8195,06079011903,1161
2077,74.068,06029006100,556
2078,74.719,06029006002,281
2079,73.634,06029006102,956
2080,49.002,06079012200,494
2081,75.889,06029006002,982
2082,48.5315,06079012305,1492
2083,64.7875,06029003303,4198
2084,72.287,06029005900,2267
2085,48.832,06079012404,2422
2086,49.2615,06079012406,201
2087,49.738,06079012401,453
2088,49.738,06079012401,738
2089,49.377,06079012402,400
2090,49.09,06079012405,518
2091,49.334500000000006,06083002308,1094
2092,49.046499999999995,06083002309,0
2093,49.608,06083002305,0
2094,49.853,06083002209,102
2095,49.668000000000006,06083002210,103
2096,49.556,06083002303,674
2097,49.198,06083002206,86
2098,49.198,06083002206,540
2099,49.208,06083002304,25
2100,49.406,06083002101,0
2101,48.8105,06083002406,317
2102,48.8705,06083002405,885
2103,73.886,06071009300,523
2104,48.7915,06083002015,415
2105,73.013,06071009502,337
2106,73.013,06071009502,47
2107,72.893,06071009501,329
2108,73.933,06071009500,393
2109,73.40899999999999,06071012001,799
2110,73.721,06071011800,4200
2111,48.138,06083002009,262
2112,48.138,06083002009,668
2113,71.781,06029005806,715
2114,70.848,06029003306,9841
2115,62.499,06071010700,4844
2116,62.499,06071010700,5182
2117,70.424,06029003305,1172
2118,78.6895,06071012106,31835
2119,72.917,06037901209,12752
2120,74.0865,06071011601,374
2121,54.76,06083001901,4318
2122,72.9755,06037900301,839
2123,75.18,06037901003,573
2124,73.338,06037901008,625
2125,75.351,06037900501,295
2126,75.47,06037900703,36
2127,73.7445,06037901012,523
2128,73.2165,06037900701,222
2129,73.049,06037900505,63
2130,45.540000000000006,06083980400,1633
2131,73.7995,06037901214,521
2132,73.2175,06037900703,1043
2133,73.2165,06037900701,966
2134,73.16900000000001,06037900501,1077
2135,51.143,06083001909,5431
2136,75.95,06037900504,1137
2137,44.803,06083002806,895
2138,47.499,06083002802,543
2139,45.132,06083002706,506
2140,44.903999999999996,06083002710,325
2141,47.468,06083002706,278
2142,49.665499999999994,06083001912,3278
2143,47.568,06083002703,530
2144,47.568,06083002703,0
2145,44.876999999999995,06083002709,358
2146,77.643,06037910301,454
2147,78.393,06037910210,1138
2148,50.9545,06083001910,298
2149,75.725,06037910215,97
2150,75.86250000000001,06037910721,1090
2151,75.86250000000001,06037910721,1049
2152,79.147,06037910402,185
2153,76.22,06037910501,376
2154,76.12450000000001,06037910502,776
2155,76.5,06037900104,352
2156,76.258,06071009116,230
2157,76.12450000000001,06037910502,509
2158,78.442,06037910601,651
2159,75.52799999999999,06037910719,481
2160,75.52799999999999,06037910719,55
2161,70.748,06037920104,3319
2162,78.805,06037910501,465
2163,76.1705,06037910605,510
2164,79.653,06037910403,356
2165,76.54599999999999,06037910504,204
2166,75.81,06037910713,89
2167,77.928,06037910001,3221
2168,76.5735,06037910607,289
2169,80.053,06037910404,214
2170,76.015,06037910714,342
2171,75.9735,06037910718,570
2172,79.078,06071009716,1717
2173,76.586,06037910712,1060
2174,78.01,06071009800,2538
2175,80.69550000000001,06071009722,1830
2176,80.79050000000001,06071009727,1185
2177,80.79050000000001,06071009727,497
2178,77.215,06071009114,1172
2179,75.986,06037910706,3173
2180,79.38550000000001,06071009127,662
2181,79.38550000000001,06071009127,557
2182,77.852,06071009112,557
2183,81.227,06071009713,5108
2184,79.7535,06071009917,594
2185,77.6755,06071009122,4294
2186,80.306,06071009715,1468
2187,81.2255,06071009723,999
2188,79.436,06071009139,217
2189,81.6085,06071009724,977
2190,81.97149999999999,06071009721,691
2191,79.85033333333334,06071009911,457
2192,80.852,06071010036,187
2193,79.85033333333334,06071009911,902
2194,82.00399999999999,06071009712,1351
2195,80.25166666666667,06071009910,760
2196,76.54400000000001,06037920120,913
2197,78.599,06037920015,904
2198,80.1195,06071009137,205
2199,81.67099999999999,06071010039,847
2200,80.4585,06071009906,551
2201,80.532,06037910812,2786
2202,73.35499999999999,06037920116,941
2203,77.58850000000001,06037920015,850
2204,81.92,06071009725,1417
2205,72.801,06037920106,2364
2206,78.415,06037920109,1024
2207,80.1195,06071009137,1497
2208,79.338,06037920016,238
2209,79.077,06037920018,666
2210,79.077,06037920018,512
2211,50.163,06083002913,1590
2212,59.352,06083000501,1507
2213,79.077,06037920018,487
2214,50.1935,06083002906,1154
2215,64.724,06111000901,1912
2216,79.3455,06037910808,900
2217,79.4345,06071009135,2412
2218,72.801,06037920106,586
2219,80.741,06037920032,1113
2220,57.112,06083002914,1028
2221,57.473,06083002913,493
2222,78.3665,06037920111,460
2223,58.459,06083000102,97
2224,80.393,06037920044,336
2225,81.55000000000001,06071010010,1348
2226,79.682,06037910807,838
2227,82.21000000000001,06071012103,5750
2228,79.0325,06037920017,493
2229,50.149,06083002909,573
2230,57.699,06083003005,288
2231,50.7395,06083000400,616
2232,56.9535,06111001002,958
2233,50.7395,06083000400,851
2234,82.91333333333333,06071010015,426
2235,51,06083000806,1479
2236,57.177,06083003004,548
2237,58.563,06083000301,277
2238,51.2525,06083001404,1282
2239,81.823,06037920029,214
2240,81.255,06071010009,2281
2241,56.077,06083002930,243
2242,80.35849999999999,06037920048,127
2243,82.375,06037920036,214
2244,82.375,06037920035,431
2245,83.101,06071010028,437
2246,83.368,06071010029,470
2247,82.375,06037920036,548
2248,82.685,06071010031,158
2249,84.902,06071010018,202
2250,49.7335,06083002926,0
2251,79.55,06037920329,268
2252,83.094,06071010030,972
2253,49.821,06083002924,147
2254,50.379000000000005,06083001001,484
2255,82.48,06037920030,792
2256,80.10900000000001,06037920047,0
2257,79.3865,06071009109,1878
2258,83.15100000000001,06071010041,1480
2259,51.6605,06083001601,852
2260,83.15100000000001,06071010041,1276
2261,79.55,06037920329,581
2262,82.7305,06071010042,744
2263,83.15100000000001,06071010041,893
2264,87.397,06071009708,7777
2265,49.8,06083001308,635
2266,58.497,06083001208,199
2267,61.51,06083001604,736
2268,86.216,06071010020,637
2269,86.509,06071010021,843
2270,66.106,06111000304,3697
2271,80.8655,06037920043,1071
2272,86.509,06071010021,642
2273,62.0905,06111000303,3853
2274,62.0905,06111000303,4011
2275,77.577,06037920338,721
2276,51.386,06083001604,570
2277,51.545500000000004,06083001704,848
2278,55.6505,06111001101,1465
2279,76.219,06037920338,502
2280,79.465,06037920334,1449
2281,86.509,06071010021,1439
2282,76.219,06037920338,0
2283,84.5615,06071010032,1649
2284,81.52250000000001,06037920332,389
2285,80.169,06037920322,724
2286,84.5875,06071010023,1282
2287,84.5875,06071010023,396
2288,79.3865,06071009109,4395
2289,80.057,06037920313,490
2290,57.547,06111000701,293
2291,57.547,06111000701,779
2292,52.6905,06111002302,2146
2293,81.113,06037106405,12
2294,81.09033333333333,06037106407,424
2295,54.4305,06111001201,1286
2296,80.12049999999999,06037106604,440
2297,80.2885,06037107010,0
2298,80.064,06037980022,673
2299,81.117,06037107020,379
2300,80.12049999999999,06037320101,170
2301,75.8135,06037108203,407
2302,79.98949999999999,06037107020,175
2303,79.6465,06037320102,561
2304,62.844,06111007613,1942
2305,68.17,06111008306,1557
2306,79.3205,06037106649,491
2307,69.3295,06111008401,723
2308,79.3205,06037106649,240
2309,64.201,06111001202,425
2310,68.17,06111008306,880
2311,80.268,06037106645,436
2312,62.788,06111002000,364
2313,52.586,06111001901,621
2314,52.988,06111001801,803
2315,53.339,06111009400,866
2316,68.304,06111008202,561
2317,81.07,06037320300,19
2318,62.844,06111007613,807
2319,67.8135,06111008101,373
2320,68.304,06111008202,436
2321,72.888,06037113211,1567
2322,74.8215,06037108202,653
2323,75.299,06037108204,0
2324,52.86,06111001602,675
2325,66.19999999999999,06111007901,0
2326,67.55,06111008101,513
2327,76.0985,06037108101,184
2328,78.202,06037109500,342
2329,68.978,06111008302,311
2330,80.371,06037109400,544
2331,80.94,06037109500,355
2332,81.446,06037104108,520
2333,52.549,06111002700,408
2334,53.171499999999995,06111001510,125
2335,64.98,06111007609,565
2336,66.881,06111007700,686
2337,70.3095,06111008302,340
2338,76.0985,06037108101,702
2339,62.178,06111007610,95
2340,67.075,06111007800,744
2341,65.8305,06111007800,0
2342,67.821,06111008303,208
2343,68.978,06111008302,660
2344,75.685,06037111206,97
2345,80.14,06037109604,796
2346,63.858,06111001503,48
2347,64.659,06111007607,597
2348,61.264,06111007607,466
2349,72.5855,06037113212,567
2350,75.004,06037113101,88
2351,76.623,06037111202,503
2352,80.603,06037104404,165
2353,82.648,06037103102,253
2354,52.878,06111001511,95
2355,75.67349999999999,06037111304,361
2356,80.034,06037109700,149
2357,80.236,06037109601,556
2358,77.85300000000001,06037103201,113
2359,83.088,06037101122,418
2360,52.586,06111001509,20
2361,64.046,06111001506,548
2362,66.437,06111008004,48
2363,70.25999999999999,06111008304,1070
2364,73.594,06037113212,349
2365,74.87950000000001,06037111204,296
2366,82.72,06037101110,65
2367,53.1125,06111001506,301
2368,77.044,06037111205,413
2369,77.417,06037101110,273
2370,67.092,06111007505,510
2371,74.8365,06037111205,471
2372,75.9485,06037111401,134
2373,82.55,06037101210,186
2374,65.6285,06111008005,858
2375,76.13149999999999,06037109800,488
2376,79.772,06037109800,313
2377,76.26400000000001,06037104824,80
2378,76.6905,06037101222,26
2379,64.844,06111005203,818
2380,71.504,06037113237,207
2381,73.4335,06037113301,277
2382,76.598,06037111302,631
2383,79.882,06037119002,111
2384,53.1095,06111005004,354
2385,73.711,06037113303,775
2386,75.9725,06037104821,113
2387,81.578,06037300100,152
2388,55.7565,06111005204,586
2389,65.502,06111006400,784
2390,75.9725,06037104821,423
2391,79.883,06037121210,483
2392,75.0935,06037117301,368
2393,94.4085,06071011004,1137
2394,90.25200000000001,06071011102,1976
2395,82.9915,06071011204,865
2396,63.473,06111003012,350
2397,63.473,06111003012,600
2398,57.638999999999996,06111005307,757
2399,74.60300000000001,06037117405,162
2400,81.007,06037300400,605
2401,76.32900000000001,06037300100,625
2402,57.638999999999996,06111005307,430
2403,63.423,06111007507,1811
2404,74.45150000000001,06037117510,192
2405,78.32,06037117510,0
2406,81.007,06037300400,574
2407,77.755,06037117407,0
2408,74.568,06037120108,11
2409,78.129,06037120103,53
2410,78.173,06037119900,146
2411,52.1025,06111002901,176
2412,63.148,06111003010,344
2413,52.533500000000004,06111009200,65
2414,52.845,06111005005,399
2415,72.3775,06037113424,139
2416,74.36949999999999,06037120103,104
2417,74.187,06037119900,138
2418,79.192,06037121221,251
2419,75.4685,06037300400,563
2420,62.824,06111002901,1061
2421,61.037,06111006301,426
2422,71.8,06037113422,122
2423,71.8,06037113422,0
2424,74.187,06037119900,449
2425,62.824,06111002901,461
2426,52.3735,06111003010,38
2427,55.791,06111005502,303
2428,63.034000000000006,06111007510,834
2429,71.987,06037113423,200
2430,73.7845,06037117530,168
2431,74.418,06037102103,212
2432,52.3735,06111003010,325
2433,61.702,06111006302,245
2434,65.155,06111007508,667
2435,69.68,06037134305,246
2436,76.338,06037127520,0
2437,78.648,06037121010,470
2438,94.4265,06071011101,5004
2439,71.56200000000001,06071010422,3208
2440,52.085499999999996,06111003301,956
2441,64.392,06111005304,521
2442,64.77,06111006500,561
2443,78.773,06037122200,131
2444,74.476,06037300601,242
2445,52.44799999999999,06111003101,180
2446,52.827,06111004901,397
2447,64.77,06111006500,542
2448,73.321,06037131010,52
2449,73.12899999999999,06037120030,98
2450,73.58,06037122121,9
2451,74.476,06037300601,315
2452,69.9015,06037134306,0
2453,72.48150000000001,06037131300,306
2454,74.67433333333334,06037121801,249
2455,52.44799999999999,06111003101,324
2456,62.3315,06111007508,848
2457,69.5015,06037134522,379
2458,70.82900000000001,06037134104,281
2459,71.717,06037131801,265
2460,75.454,06037127210,210
2461,77.182,06037121600,182
2462,77.398,06037121020,341
2463,79.967,06037300502,315
2464,63.435,06111004901,795
2465,64.366,06111006600,735
2466,67.629,06037134421,498
2467,70.353,06037134720,86
2468,71.4875,06037131023,0
2469,72.168,06037123301,474
2470,93.2815,06071004512,1012
2471,52.3475,06111003201,452
2472,70.16650000000001,06037134710,121
2473,71.2715,06037131702,111
2474,73.954,06037127712,443
2475,72.3695,06037127102,236
2476,74.47999999999999,06037460301,740
2477,92.7735,06071004511,1236
2478,52.397000000000006,06111009100,689
2479,70.947,06037132501,308
2480,74.433,06037127803,121
2481,80.06,06037460200,434
2482,60.083,06111006101,0
2483,60.083,06111006101,86
2484,66.529,06037135205,390
2485,69.164,06037134520,321
2486,72.316,06037132300,90
2487,71.4675,06037123510,80
2488,77.758,06037310601,342
2489,78.752,06037310300,310
2490,51.9135,06111003613,45
2491,52.0305,06111008601,32
2492,63.04900000000001,06111007406,344
2493,66.529,06037135205,1
2494,70.087,06037133000,179
2495,70.96000000000001,06037132302,183
2496,71.60499999999999,06037127712,214
2497,71.96433333333333,06037127805,98
2498,74.939,06037123420,133
2499,75.289,06037123304,174
2500,71.904,06037123203,78
2501,74.10849999999999,06037460200,928
2502,61.739,06111003605,501
2503,61.691,06111006800,626
2504,70.1195,06037133000,287
2505,70.14850000000001,06037132502,248
2506,71.122,06037132002,246
2507,71.96433333333333,06037127805,0
2508,73.51,06037128102,145
2509,70.9995,06037128102,0
2510,71.9675,06037123304,422
2511,72.3595,06037310601,180
2512,68.102,06037134904,123
2513,68.81,06037134901,70
2514,69.73949999999999,06037133102,289
2515,70.7975,06037132101,69
2516,70.9995,06037128102,32
2517,71.527,06037311000,333
2518,73.062,06037461100,548
2519,51.882000000000005,06111003614,459
2520,52.0005,06111008800,269
2521,61.1435,06111007000,356
2522,65.006,06111007406,950
2523,69.4245,06037134901,390
2524,72.881,06037128220,250
2525,75.577,06037311100,187
2526,71.905,06037310701,291
2527,77.453,06037310202,271
2528,79.297,06037461000,377
2529,73.10300000000001,06037461000,585
2530,79.375,06037461100,66
2531,79.375,06037461100,816
2532,96.096,06071002706,500
2533,92.7735,06071004511,625
2534,75.73849999999999,06071010410,2035
2535,59.1195,06111006000,217
2536,61.1435,06111007000,73
2537,67.58500000000001,06037135115,467
2538,67.58500000000001,06037135115,104
2539,70.4705,06037128303,0
2540,92.7735,06071004511,884
2541,52.7185,06111004716,577
2542,58.328500000000005,06111005803,854
2543,62.938,06111005908,590
2544,62.528,06111007402,421
2545,65.522,06037137301,585
2546,67.58500000000001,06037135115,613
2547,69.4615,06037139001,448
2548,71.89233333333333,06037123700,370
2549,71.5875,06037311100,593
2550,78.876,06037461502,433
2551,52.1055,06111003617,982
2552,52.1695,06111003700,576
2553,69.4615,06037139001,267
2554,71.1015,06037310703,159
2555,70.386,06037301100,1634
2556,78.876,06037461502,281
2557,78.876,06037461502,171
2558,52.667500000000004,06111004717,197
2559,69.175,06037139302,69
2560,71.419,06037128400,57
2561,71.40966666666667,06037123902,319
2562,70.356,06037124204,116
2563,71.1015,06037310703,169
2564,70.602,06037301203,1085
2565,72.3595,06037460900,376
2566,74.40066666666667,06037461501,0
2567,74.40066666666667,06037461501,236
2568,57.891999999999996,06111005804,150
2569,71.094,06037128500,402
2570,73.219,06037125310,209
2571,94.479,06071004507,247
2572,65.43199999999999,06037137000,113
2573,68.4255,06037139401,264
2574,70.1505,06037124400,507
2575,70.4725,06037311200,490
2576,75.621,06037301502,470
2577,70.7305,06037301205,455
2578,70.386,06037301100,668
2579,93.174,06071004101,463
2580,93.174,06071004101,263
2581,93.687,06071004601,120
2582,95.01050000000001,06071004505,204
2583,52.348,06111004200,428
2584,52.348,06111004200,341
2585,62.253,06111004717,950
2586,66.29650000000001,06037137502,521
2587,68.015,06037139402,83
2588,68.56700000000001,06037139504,0
2589,69.7065,06037128500,350
2590,69.75550000000001,06037124903,23
2591,71.939,06037125100,130
2592,70.2015,06037125321,0
2593,70.2015,06037125321,234
2594,75.577,06037301205,576
2595,70.602,06037301203,368
2596,71.839,06037462600,539
2597,71.87049999999999,06037462500,316
2598,81.71,06037430502,377
2599,72.166,06037430502,463
2600,94.9915,06071005102,564
2601,65.43199999999999,06037137000,1341
2602,70.639,06037124600,341
2603,71.201,06037124000,111
2604,69.8605,06037311700,147
2605,71.4495,06037460800,40
2606,71.33850000000001,06037461700,471
2607,71.839,06037462600,170
2608,52.348,06111004200,10
2609,58.772,06111005901,779
2610,62.046,06037800325,1767
2611,65.254,06037930401,631
2612,69.742,06037125200,298
2613,75.18,06037301100,417
2614,86.5035,06071002017,532
2615,96.395,06071004101,1416
2616,52.285,06111004305,931
2617,52.348,06111004200,405
2618,52.522,06111004710,558
2619,69.99,06037128702,108
2620,68.7705,06037143301,349
2621,75.165,06037301000,231
2622,52.310500000000005,06111004505,346
2623,61.49,06111004504,279
2624,61.49,06111004504,185
2625,52.412499999999994,06111004504,679
2626,52.522,06111004710,857
2627,68.0505,06037141400,133
2628,69.8295,06037301801,0
2629,70.3675,06037301000,92
2630,77.371,06037460800,647
2631,77.529,06037461901,54
2632,71.384,06037462301,313
2633,71.366,06037462700,254
2634,71.666,06037463000,0
2635,88.372,06037400501,1276
2636,93.681,06071002021,776
2637,88.291,06071002043,129
2638,60.81,06111004400,419
2639,61.943,06111005907,971
2640,70.732,06037143100,372
2641,73.09549999999999,06037430400,1038
2642,73.0435,06037431004,431
2643,88.291,06071002043,188
2644,52.428,06111004507,218
2645,62.046,06037800325,741
2646,67.5865,06037141304,0
2647,67.93233333333333,06037141102,53
2648,68.047,06037141101,319
2649,68.448,06037143200,373
2650,91.145,06071000813,1362
2651,88.291,06071002043,560
2652,60.81,06111004400,287
2653,68.5615,06037143101,226
2654,68.92150000000001,06037311602,411
2655,77.805,06037462302,257
2656,75.3315,06037400603,696
2657,85.1965,06071000820,1047
2658,99.348,06071006203,52
2659,62.421,06037800337,954
2660,63.8305,06037800204,217
2661,77.805,06037462302,483
2662,76.44749999999999,06037400605,608
2663,76.964,06037400801,697
2664,90.152,06071002314,832
2665,96.231,06071004104,570
2666,97.175,06071004103,572
2667,94.33850000000001,06071004604,427
2668,96.476,06071007412,483
2669,63.794,06037800101,689
2670,65.7535,06037139802,723
2671,73.294,06037302103,201
2672,69.29599999999999,06037302104,303
2673,69.29599999999999,06037302104,318
2674,70.782,06037463601,0
2675,76.909,06037463601,201
2676,70.66050000000001,06037463500,328
2677,70.66050000000001,06037463500,424
2678,70.842,06037463300,230
2679,77.759,06037463300,407
2680,73.4995,06037430101,308
2681,74.301,06037430005,38
2682,87.36,06037400900,504
2683,87.298,06071002019,359
2684,95.497,06071002705,321
2685,95.497,06071002705,1055
2686,93.64750000000001,06071004103,17
2687,96.88766666666666,06071006201,169
2688,100.4,06071007404,302
2689,79.127,06071010411,1837
2690,72.747,06037302202,111
2691,73.294,06037302103,393
2692,73.294,06037302103,291
2693,73.003,06037181300,542
2694,70.45150000000001,06037463602,130
2695,70.782,06037463601,153
2696,77.759,06037463300,99
2697,74.301,06037430005,58
2698,92.828,06071002014,750
2699,94.339,06071002304,335
2700,94.339,06071002304,245
2701,96.35,06071003801,1018
2702,97.19333333333333,06071006204,287
2703,67.134,06037143801,151
2704,68.4365,06037302503,192
2705,75.4375,06037400602,524
2706,88.83633333333333,06071002013,354
2707,88.83633333333333,06071002013,585
2708,93.64750000000001,06071004103,928
2709,100.038,06071007407,450
2710,96.675,06071007404,637
2711,72.559,06037302102,134
2712,69.521,06037463900,490
2713,91.357,06071000816,636
2714,92.613,06071000820,490
2715,94.042,06071002025,426
2716,94.042,06071002025,544
2717,88.26050000000001,06071002045,369
2718,89.0805,06071002041,1028
2719,92.21600000000001,06071003506,343
2720,95.009,06071005400,688
2721,95.861,06071006301,546
2722,100.038,06071007407,539
2723,97.02449999999999,06071007905,897
2724,67.51050000000001,06037189704,297
2725,80.114,06037430723,324
2726,81.858,06037430721,815
2727,83.365,06037430902,381
2728,89.591,06037400206,243
2729,89.10933333333334,06071002023,250
2730,89.10933333333334,06071002023,35
2731,93.978,06071002033,113
2732,90.5315,06071002310,154
2733,99.182,06071005400,351
2734,63.8305,06037800204,1969
2735,67.80799999999999,06037302506,312
2736,71.471,06037430724,458
2737,82.401,06037430802,554
2738,75.174,06037404401,197
2739,75.559,06037404301,250
2740,86.885,06037401101,48
2741,81.32900000000001,06037400208,1049
2742,92.826,06071000819,26
2743,94.047,06071002029,449
2744,92.994,06071003804,356
2745,96.24,06071006304,253
2746,77.119,06071010427,1017
2747,66.125,06037141500,1707
2748,63.924,06037261200,1247
2749,71.174,06037186202,402
2750,71.051,06037480011,24
2751,79.941,06037430724,570
2752,72.945,06037431200,250
2753,83.9375,06071000815,120
2754,93.978,06071002033,410
2755,92.70750000000001,06071003801,264
2756,96.24,06071006304,426
2757,69.298,06037183401,277
2758,72.673,06037183220,100
2759,69.137,06037480601,275
2760,75.492,06037464100,68
2761,86.122,06037404201,469
2762,86.123,06037401311,1117
2763,81.32900000000001,06037400208,474
2764,83.041,06037400206,388
2765,90.243,06071002311,591
2766,90.5315,06071002310,558
2767,94.108,06071004202,418
2768,100.23,06071007409,172
2769,67.733,06037186201,87
2770,69.298,06037183401,168
2771,82.13550000000001,06037401705,578
2772,87.67099999999999,06071002048,64
2773,95.899,06071003505,0
2774,96.456,06071007605,65
2775,100.23,06071007409,535
2776,100.551,06071007903,600
2777,96.518,06071007906,1698
2778,67.671,06037189102,342
2779,69.137,06037480601,657
2780,85.454,06037404302,319
2781,87.886,06037401601,89
2782,81.57,06037401601,657
2783,94.257,06071002801,594
2784,99.428,06071004800,421
2785,100.933,06071006402,349
2786,101.079,06071007603,444
2787,100.551,06071007903,1001
2788,96.828,06071007904,1544
2789,65.58000000000001,06037189501,458
2790,71.617,06037183610,0
2791,84.03,06037404600,640
2792,86.712,06037400302,313
2793,81.57,06037401601,336
2794,90.442,06071000817,400
2795,94.71350000000001,06071005601,336
2796,101.205,06071007604,745
2797,66.138,06037189600,59
2798,71.253,06037183701,242
2799,75.35499999999999,06037404504,184
2800,86.221,06037401202,130
2801,79.527,06037401311,558
2802,88.371,06037401701,245
2803,85.4465,06071000808,227
2804,93.534,06071000812,750
2805,86.16,06071002016,366
2806,94.257,06071002801,664
2807,91.315,06071002901,589
2808,95.434,06071003507,743
2809,92.0565,06071003509,730
2810,99.428,06071004800,0
2811,94.71350000000001,06071005601,585
2812,66.65299999999999,06037186404,120
2813,70.748,06037183520,180
2814,73.41,06037480400,673
2815,69.93199999999999,06037480202,394
2816,70.2115,06037480102,278
2817,70.5095,06037480101,28
2818,82.667,06037401802,543
2819,83.11500000000001,06037401801,619
2820,94.458,06071003404,81
2821,95.996,06071006502,710
2822,64.8425,06037190202,171
2823,65.611,06037190401,65
2824,67.616,06037187200,95
2825,86.221,06037401202,765
2826,80.1425,06037400304,204
2827,81.84100000000001,06037401706,460
2828,82.08850000000001,06037401707,318
2829,92.712,06071000901,585
2830,87.72749999999999,06071002047,529
2831,92.0565,06071003509,217
2832,92.3355,06071003700,604
2833,92.7945,06071003900,600
2834,93.2055,06071004404,780
2835,101.106,06071006500,181
2836,64.814,06037189903,57
2837,66.88,06037185101,172
2838,71.012,06037183702,374
2839,67.4395,06037183702,539
2840,75.525,06037481102,170
2841,83.701,06037405001,616
2842,84.629,06037405800,223
2843,76.7775,06037403801,245
2844,91.72200000000001,06071003510,428
2845,92.3355,06071003700,219
2846,93.2055,06071004404,114
2847,101.106,06071006500,95
2848,83.35,06037405101,305
2849,84.629,06037405800,282
2850,94.195,06071002038,1480
2851,63.456,06037262100,784
2852,69.14,06037480302,402
2853,87.237,06037401703,791
2854,85.9445,06071002103,704
2855,94.175,06071002804,171
2856,91.654,06071003401,244
2857,96.564,06071003700,303
2858,92.8385,06071004401,288
2859,62.137,06037800202,3244
2860,64.505,06037700200,82
2861,64.75133333333333,06037190901,0
2862,65.363,06037195400,159
2863,70.692,06037201120,116
2864,71.535,06037480804,141
2865,68.21549999999999,06037480804,22
2866,73.17699999999999,06037405101,41
2867,73.88550000000001,06037405400,330
2868,84.806,06037406101,308
2869,90.4685,06071002804,376
2870,91.654,06071003401,481
2871,93.56049999999999,06071006604,597
2872,81.367,06071010413,4651
2873,62.9585,06037700502,126
2874,63.811,06037700101,366
2875,65.037,06037191204,84
2876,64.7705,06037195901,212
2877,65.285,06037195500,270
2878,68.21549999999999,06037480804,332
2879,74.576,06037481103,538
2880,76.002,06037432202,585
2881,82.852,06037404903,301
2882,74.60050000000001,06037405702,29
2883,87.819,06037402002,316
2884,64.26433333333333,06037191810,363
2885,64.26433333333333,06037191810,122
2886,64.48466666666667,06037191720,0
2887,66.562,06037185320,0
2888,66.057,06037199400,261
2889,82.948,06037405102,213
2890,83.226,06037405201,406
2891,85.025,06037403722,370
2892,86.601,06037402102,890
2893,91.66499999999999,06071003603,425
2894,61.811,06037700700,655
2895,64.418,06037194401,108
2896,64.418,06037194401,6
2897,64.774,06037191820,120
2898,66.80449999999999,06037201301,165
2899,69.74866666666667,06037481603,126
2900,82.852,06037404903,127
2901,83.226,06037405201,233
2902,74.243,06037405701,735
2903,84.59,06037406000,565
2904,85.025,06037403722,156
2905,86.601,06037402102,67
2906,84.7775,06071001305,356
2907,92.903,06071001311,0
2908,94.106,06071002207,867
2909,94.42,06071003101,83
2910,91.66499999999999,06071003603,498
2911,93.693,06071006700,462
2912,62.619,06037194402,66
2913,66.0925,06037199110,373
2914,68.72,06037201503,267
2915,69.316,06037480802,387
2916,73.103,06037481401,245
2917,75.183,06037432201,308
2918,75.183,06037432201,352
2919,69.986,06037432802,346
2920,72.3575,06037404805,217
2921,83.867,06037405600,282
2922,75.285,06037406103,491
2923,98.58,06071006603,206
2924,64.161,06037700600,956
2925,62.751000000000005,06037194401,296
2926,64.954,06037192420,90
2927,65.05,06037192510,5
2928,64.231,06037195903,0
2929,65.322,06037195600,31
2930,66.199,06037199000,0
2931,68.095,06037201602,382
2932,70.101,06037480902,93
2933,84.451,06071001310,133
2934,84.8755,06071001308,503
2935,84.8755,06071001308,263
2936,90.48400000000001,06071003102,481
2937,96.997,06071003611,87
2938,62.986000000000004,06037194500,148
2939,63.441,06037192300,267
2940,64.62066666666666,06037195804,2
2941,64.60533333333333,06037195720,345
2942,64.79,06037197300,358
2943,65.617,06037199201,39
2944,68.6115,06037481500,374
2945,69.2915,06037481300,22
2946,76.345,06037432902,58
2947,78.448,06037433304,638
2948,82.655,06037405203,282
2949,74.757,06037406201,54
2950,86.204,06037402705,653
2951,86.842,06037402703,165
2952,84.529,06071001309,277
2953,88.951,06071002501,287
2954,89.30799999999999,06071002504,90
2955,93.172,06071006601,487
2956,99.329,06071006700,679
2957,63.654,06037265301,445
2958,64.159,06037700801,501
2959,61.554,06037214800,257
2960,62.45,06037214000,0
2961,66.306,06037199201,86
2962,68.821,06037482301,198
2963,72.883,06037482301,300
2964,74.415,06037481300,334
2965,76.345,06037432902,296
2966,76.94,06037432802,309
2967,77.986,06037432700,484
2968,78.448,06037433304,399
2969,83.606,06037405500,418
2970,76.952,06037403601,882
2971,86.605,06037402706,575
2972,82.6485,06071000207,491
2973,83.78,06071001104,252
2974,85.5945,06071002109,675
2975,88.951,06071002501,83
2976,89.5415,06071002503,441
2977,61.43566666666666,06037265304,362
2978,64.597,06037214800,0
2979,61.849500000000006,06037214505,253
2980,63.2675,06037211310,41
2981,65.065,06037211122,0
2982,64.8185,06037206010,231
2983,68.32,06037481901,0
2984,70.078,06037433200,366
2985,83.413,06037406500,737
2986,81.70349999999999,06037402602,100
2987,85.5945,06071002109,1141
2988,93.84649999999999,06071007002,0
2989,65.161,06037211310,80
2990,65.221,06037208610,202
2991,65.178,06037208620,87
2992,64.144,06037208402,334
2993,66.384,06037199800,336
2994,65.8215,06037199120,366
2995,69.819,06037481713,258
2996,70.396,06037481711,322
2997,72.3,06037482303,14
2998,73.993,06037433601,133
2999,77.021,06037433200,41
3000,77.021,06037433200,228
3001,82.195,06037406800,570
3002,85.376,06037402405,317
3003,84.482,06071001504,266
3004,94.206,06071003301,199
3005,95.452,06071007201,244
3006,97.02000000000001,06071008405,408
3007,96.376,06071008601,932
3008,60.192,06037265306,0
3009,60.4135,06037265201,0
3010,64.462,06037214700,403
3011,61.851,06037214504,0
3012,63.60733333333334,06037211804,0
3013,63.101,06037211803,0
3014,65.155,06037208710,0
3015,65.279,06037199900,210
3016,67.157,06037201402,356
3017,68.1095,06037481711,0
3018,71.136,06037481712,194
3019,70.999,06037433307,142
3020,81.70349999999999,06037402602,350
3021,86.956,06071000301,231
3022,83.7915,06071001400,222
3023,94.123,06071002501,778
3024,90.006,06071003301,893
3025,96.79849999999999,06071008004,198
3026,101.549,06071008002,51
3027,63.493,06037265305,0
3028,61.12866666666667,06037265602,261
3029,60.5585,06037701000,381
3030,63.0465,06037212102,0
3031,65.071,06037212101,0
3032,65.16,06037208720,0
3033,65.186,06037208401,0
3034,65.298,06037208000,2
3035,65.383,06037203100,383
3036,67.88,06037201700,405
3037,67.162,06037481902,122
3038,68.90799999999999,06037482401,364
3039,80.987,06037406901,353
3040,85.233,06037402301,506
3041,85.421,06037402303,289
3042,86.08633333333333,06071001501,355
3043,96.376,06071008601,1376
3044,61.595,06037262604,829
3045,61.12866666666667,06037265602,0
3046,60.614000000000004,06037700902,151
3047,60.731,06037700901,187
3048,61.193,06037216302,147
3049,62.724000000000004,06037211704,148
3050,62.6535,06037212502,143
3051,63.0335,06037212303,13
3052,65.16,06037208720,134
3053,63.798500000000004,06037208301,0
3054,68.19149999999999,06037482502,104
3055,76.242,06037433401,248
3056,77.438,06037433403,141
3057,77.659,06037433901,121
3058,85.376,06037402405,643
3059,85.315,06037402304,562
3060,90.9085,06071004001,1085
3061,101.229,06071007306,532
3062,61.595,06037262604,496
3063,61.595,06037262604,702
3064,59.787,06037264102,148
3065,63.876,06037701000,268
3066,62.86,06037212410,16
3067,64.899,06037212304,56
3068,63.542500000000004,06037209105,15
3069,65.1985,06037203300,107
3070,67.071,06037530700,69
3071,66.0595,06037530603,417
3072,71.497,06037407001,162
3073,83.978,06037406300,31
3074,93.936,06071007110,378
3075,62.465,06037267100,178
3076,63.372,06037217001,233
3077,62.146,06037212701,144
3078,65.155,06037212306,0
3079,65.176,06037209401,36
3080,75.12,06037433504,310
3081,75.372,06037433503,27
3082,76.242,06037433401,341
3083,84.274,06037403405,618
3084,81.209,06037408800,469
3085,85.714,06037402801,401
3086,88.902,06071001813,717
3087,93.98,06071002601,191
3088,90.3865,06071002608,939
3089,95.3715,06071007306,188
3090,59.07,06037264303,187
3091,62.179,06037264301,47
3092,60.822,06037217102,105
3093,62.44799999999999,06037213201,34
3094,63.388666666666666,06037213320,63
3095,65.239,06037209403,0
3096,70.754,06037482521,360
3097,75.789,06037433801,318
3098,70.17150000000001,06037434001,82
3099,71.408,06037407101,441
3100,72.888,06037406602,531
3101,82.908,06037406601,297
3102,85.342,06037402501,347
3103,87.083,06071001702,730
3104,94.563,06071007303,349
3105,96.4845,06071008100,868
3106,96.4745,06071008201,53
3107,59.55,06037265523,208
3108,59.512,06037267202,180
3109,59.587,06037267902,284
3110,63.299,06037269100,328
3111,64.289,06037217100,210
3112,64.848,06037213202,211
3113,62.3305,06037213202,0
3114,65.126,06037209810,0
3115,62.849,06037209810,55
3116,65.4,06037206200,176
3117,81.169,06037407501,339
3118,73.3155,06037408003,787
3119,76.7695,06037403409,239
3120,80.32849999999999,06037402503,338
3121,88.902,06071001813,46
3122,96.4745,06071008201,115
3123,100.155,06071008403,1166
3124,59.175,06037262501,210
3125,62.187,06037267902,37
3126,63.516,06037216700,157
3127,64.59,06037218220,281
3128,61.691500000000005,06037212900,192
3129,65.24,06037207710,0
3130,64.6835,06037203800,299
3131,67.548,06037482600,479
3132,69.63149999999999,06037434003,426
3133,81.169,06037407501,309
3134,93.849,06071002602,494
3135,94.03,06071002606,495
3136,88.759,06071002610,496
3137,58.6685,06037800410,2417
3138,62.683499999999995,06037224310,72
3139,63.576499999999996,06037206302,76
3140,68.033,06037482521,764
3141,78.25,06037408301,560
3142,71.8515,06037407301,0
3143,81.478,06037407502,0
3144,83.452,06037403407,490
3145,85.663,06037402804,430
3146,82.15700000000001,06071000404,416
3147,94.072,06071007308,1266
3148,100.155,06071008403,1670
3149,62.059,06037267200,332
3150,61.682,06037269300,366
3151,61.929,06037269000,262
3152,60.0175,06037270300,105
3153,64.087,06037218210,89
3154,60.715500000000006,06037218210,216
3155,61.08,06037218220,91
3156,65.024,06037224200,0
3157,63.550000000000004,06037206303,13
3158,66.896,06037531000,212
3159,67.1435,06037482801,660
3160,79.229,06037407102,358
3161,71.56,06037407302,84
3162,82.748,06071001702,191
3163,88.759,06071002610,681
3164,92.49549999999999,06071008800,1053
3165,62.022,06037267502,57
3166,58.9135,06037267504,59
3167,61.682,06037269300,386
3168,59.9885,06037218400,83
3169,62.861000000000004,06037221402,195
3170,64.508,06037531101,157
3171,66.473,06037531102,118
3172,70.305,06037408301,715
3173,83.297,06071001812,383
3174,58.3675,06037701701,347
3175,62.739,06037218400,286
3176,62.739,06037218400,50
3177,62.39633333333333,06037218800,330
3178,66.166,06037531101,0
3179,66.473,06037531102,234
3180,81.994,06037402902,361
3181,86.8445,06071002604,0
3182,59.372,06037269800,168
3183,59.657,06037269700,240
3184,61.899,06037218900,288
3185,61.899,06037218900,0
3186,63.911,06037204700,141
3187,63.911,06037204700,322
3188,76.095,06037408302,469
3189,81.994,06037402902,0
3190,85.931,06071000403,623
3191,86.324,06071000603,923
3192,88.614,06071001808,877
3193,94.072,06071007308,916
3194,95.0135,06071008705,604
3195,61.422,06037701302,241
3196,60.2235,06037220000,334
3197,65.896,06037203900,261
3198,66.636,06037531503,128
3199,65.77633333333333,06037531603,0
3200,67.369,06037530302,159
3201,72.0375,06037407602,88
3202,75.1935,06037403407,825
3203,83.832,06037403403,187
3204,79.449,06037403318,0
3205,81.994,06037402902,264
3206,95.75450000000001,06071008501,947
3207,97.791,06071008705,721
3208,97.791,06071008705,278
3209,95.0135,06071008705,203
3210,59.309,06037800408,215
3211,58.885999999999996,06037269907,0
3212,61.388999999999996,06037222100,94
3213,64.974,06037221900,0
3214,63.039,06037221820,176
3215,72.9805,06037407801,399
3216,61.141,06037269906,0
3217,63.845,06037204820,105
3218,66.176,06037530203,309
3219,79.303,06071000103,890
3220,93.265,06065040102,1801
3221,61.396,06037701402,171
3222,57.952,06037701302,537
3223,65.193,06037226410,315
3224,65.475,06037204820,149
3225,64.851,06037531604,93
3226,64.851,06037531604,94
3227,64.851,06037531604,290
3228,65.76599999999999,06037531701,169
3229,67.697,06037531800,338
3230,66.126,06037530006,406
3231,80.2485,06071000401,639
3232,86.274,06071000604,158
3233,57.4835,06037701402,0
3234,58.1355,06037271600,238
3235,61.129,06037271801,161
3236,59.8165,06037219500,105
3237,61.604,06037222002,217
3238,60.9005,06037222500,193
3239,61.483000000000004,06037222600,176
3240,63.86,06037204920,216
3241,66.1015,06037530101,648
3242,82.42,06037403401,510
3243,80.70750000000001,06071000503,450
3244,83.723,06071001906,1367
3245,96.697,06065042300,884
3246,57.6245,06037701802,150
3247,58.0165,06037271801,0
3248,61.112,06037236204,70
3249,59.57599999999999,06037236203,76
3250,61.108333333333334,06037231400,252
3251,61.108333333333334,06037231400,90
3252,60.8035,06037231301,0
3253,65.878,06037531302,406
3254,80.412,06037408138,284
3255,78.047,06037403321,807
3256,80.70750000000001,06071000503,38
3257,61.168,06037701902,71
3258,61.133,06037236100,255
3259,59.6095,06037236101,0
3260,60.9245,06037231210,0
3261,64.503,06037231100,82
3262,69.621,06037500500,247
3263,71.596,06037980035,86
3264,72.80799999999999,06037408139,22
3265,86.178,06071000605,355
3266,81.588,06071000606,337
3267,81.682,06071001901,465
3268,83.723,06071001906,1126
3269,89.5155,06065030101,1752
3270,91.03,06065042300,1630
3271,96.422,06071008708,634
3272,60.839,06037702501,301
3273,59.2345,06037236204,320
3274,60.9245,06037231210,266
3275,64.945,06037228310,239
3276,62.247,06037228100,13
3277,71.596,06037980035,313
3278,81.959,06037408136,98
3279,92.9,06065040303,544
3280,93.339,06065030104,448
3281,92.02950000000001,06071008708,309
3282,57.2635,06037702002,444
3283,60.891,06037271902,285
3284,60.737,06037702802,160
3285,60.2345,06037234002,290
3286,61.1405,06037231800,0
3287,61.1405,06037231800,114
3288,65.13,06037228210,358
3289,65.285,06037228100,14
3290,66.43299999999999,06037500600,0
3291,85.761,06071000503,666
3292,92.987,06065040501,350
3293,61.007,06037702002,69
3294,60.765,06037272301,0
3295,62.503,06037231600,125
3296,63.813,06037231800,85
3297,64.081,06037228420,177
3298,66.43299999999999,06037500600,272
3299,89.5155,06065030101,824
3300,97.068,06071008709,942
3301,60.545,06037272302,102
3302,62.143,06037232110,265
3303,64.231,06037228600,149
3304,69.715,06037408505,0
3305,76.558,06037408631,213
3306,86.90199999999999,06065040303,514
3307,92.193,06065040204,459
3308,89.5155,06065030101,691
3309,89.5155,06065030101,539
3310,60.869,06037702102,94
3311,60.869,06037702102,333
3312,60.672,06037273700,158
3313,60.434,06037275102,417
3314,69.91,06037501200,0
3315,84.957,06071000104,1896
3316,84.957,06071000104,551
3317,87.9925,06065040304,0
3318,92.14,06065040203,479
3319,57.233999999999995,06037702803,20
3320,59.7195,06037232401,206
3321,60.7695,06037231901,53
3322,64.259,06037228710,133
3323,69.241,06037500900,509
3324,66.738,06037501200,324
3325,77.3665,06037403320,785
3326,92.093,06065040405,758
3327,57.2615,06037275500,251
3328,60.013999999999996,06037232701,171
3329,60.013999999999996,06037232701,99
3330,64.179,06037228900,141
3331,64.179,06037228900,322
3332,65.199,06037533300,180
3333,77.3665,06037403320,1207
3334,88.244,06065040203,25
3335,57.701,06037235100,565
3336,60.183,06037232702,0
3337,61.058,06037229100,0
3338,65.414,06037533403,278
3339,79.051,06037408211,653
3340,73.6485,06037408212,334
3341,73.6485,06037408212,370
3342,80.961,06037403304,400
3343,85.7255,06065040405,384
3344,87.33500000000001,06065040305,842
3345,92.14,06065040203,531
3346,57.084,06037273600,382
3347,57.0505,06037275603,357
3348,60.489999999999995,06037229410,313
3349,65.398,06037533402,72
3350,70.5385,06037408624,478
3351,90.797,06065040607,1770
3352,83.576,06065040604,354
3353,56.820499999999996,06037273502,0
3354,60.377,06037273502,100
3355,65.414,06037533403,125
3356,75.07,06037408625,709
3357,75.07,06037408625,232
3358,84.05,06071000117,847
3359,82.8485,06065040617,695
3360,85.7255,06065040405,271
3361,88.244,06065040203,809
3362,88.6,06065030200,166
3363,59.802,06037237102,213
3364,61.7395,06037533105,0
3365,63.322,06037533703,86
3366,66.226,06037501400,173
3367,92.841,06065030502,396
3368,89.19550000000001,06065046502,350
3369,56.870000000000005,06037273902,252
3370,59.892,06037600912,317
3371,59.892,06037600912,240
3372,58.141999999999996,06037234901,39
3373,59.17,06037237401,161
3374,62.388,06037532900,21
3375,60.664,06037532900,111
3376,60.952,06037533001,0
3377,64.402,06037533106,131
3378,68.979,06037502200,254
3379,77.9995,06071000117,516
3380,85.238,06071000107,877
3381,86.44149999999999,06065040202,164
3382,89.19550000000001,06065046502,0
3383,80.995,06065044509,1587
3384,57.626000000000005,06037600912,377
3385,58.732,06037237300,366
3386,58.9795,06037237402,246
3387,59.46,06037237500,0
3388,61.522,06037237600,75
3389,62.388,06037532900,25
3390,62.758,06037533001,180
3391,61.177,06037533103,112
3392,61.177,06037533103,0
3393,61.4345,06037533104,0
3394,61.4345,06037533104,99
3395,62.731,06037533805,199
3396,62.8245,06037534101,510
3397,63.180499999999995,06037533901,345
3398,68.068,06037502402,384
3399,73.462,06037408503,853
3400,76.174,06037408627,841
3401,79.323,06037408706,96
3402,79.62899999999999,06071000119,0
3403,79.62899999999999,06071000119,83
3404,91.73,06065030200,1051
3405,90.67,06065042410,1351
3406,56.732,06037276102,36
3407,59.37,06037601303,53
3408,60.081,06037235202,178
3409,58.732,06037237300,324
3410,61.578,06037239601,170
3411,60.9275,06037533002,150
3412,64.183,06037533107,121
3413,64.733,06037533203,390
3414,65.776,06037534001,633
3415,63.120000000000005,06037534002,695
3416,69.19999999999999,06037408629,267
3417,85.161,06065040404,785
3418,94.514,06065043807,1617
3419,59.196,06037601302,221
3420,57.932500000000005,06037235202,141
3421,58.052,06037235201,233
3422,59.924,06037237710,0
3423,61.991,06037239501,303
3424,62.113,06037535001,0
3425,60.768,06037534900,24
3426,63.546,06037534802,168
3427,64.733,06037533203,201
3428,65.229,06037533804,225
3429,62.75,06037534102,77
3430,66.25,06037550700,739
3431,85.585,06071000113,566
3432,82.2465,06065040620,852
3433,88.992,06065040603,913
3434,94.514,06065043807,1543
3435,56.494,06037276601,645
3436,59.35,06037600902,165
3437,62.251,06037535002,73
3438,60.768,06037534900,228
3439,63.067,06037534803,313
3440,63.9,06037534700,54
3441,65.091,06037534403,0
3442,65.091,06037534403,151
3443,61.936499999999995,06037534405,320
3444,62.75,06037534102,0
3445,65.498,06037533902,88
3446,63.120000000000005,06037534002,281
3447,65.7655,06037501803,193
3448,65.7325,06037501804,0
3449,74.49199999999999,06037403305,833
3450,86.62,06071001903,390
3451,82.531,06065040621,243
3452,90.818,06065030800,756
3453,90.67,06065042410,423
3454,59.505,06037277000,400
3455,59.393,06037276000,155
3456,59.727,06037600801,0
3457,60.128,06037239701,156
3458,63.9,06037534700,319
3459,65.263,06037534406,197
3460,65.498,06037533902,285
3461,64.84166666666667,06037502602,214
3462,65.898,06037501802,292
3463,74.696,06037403325,697
3464,86.62,06071001903,0
3465,86.937,06065040611,492
3466,88.30250000000001,06065030400,515
3467,96.816,06065042411,0
3468,62.388,06037535300,187
3469,65.32,06037534202,393
3470,82.2465,06065040620,0
3471,88.30250000000001,06065030400,695
3472,81.05,06065044522,537
3473,59.686,06037278102,169
3474,59.101,06037601211,433
3475,62.388,06037535300,345
3476,61.0215,06037535501,119
3477,65.04,06037534301,315
3478,62.565,06037534203,255
3479,63.167,06037550700,421
3480,64.73400000000001,06037502004,180
3481,86.62,06071001903,1074
3482,87.538,06065040615,753
3483,90.2595,06065042409,1005
3484,94.089,06065043810,1204
3485,56.5275,06037278001,194
3486,60.95,06037240200,304
3487,60.0355,06037535102,32
3488,61.286,06037535701,312
3489,64.73400000000001,06037502004,168
3490,87.538,06065040615,1042
3491,90.204,06065031100,664
3492,94.356,06065043814,512
3493,81.05,06065044522,70
3494,56.2855,06037276606,0
3495,56.4555,06037601212,0
3496,59.551,06037240020,374
3497,60.3915,06037535400,72
3498,68.586,06037500100,921
3499,88.4505,06065050902,471
3500,90.244,06065043807,301
3501,78.7285,06065044510,473
3502,58.72966666666667,06037238400,280
3503,60.371,06037600100,338
3504,60.371,06037600100,161
3505,60.536,06037240401,238
3506,59.551,06037240020,40
3507,61.227,06037240020,413
3508,60.174,06037242201,250
3509,62.497,06037535604,85
3510,62.629000000000005,06037550802,0
3511,62.793,06037550902,589
3512,63.189499999999995,06037550602,137
3513,63.189499999999995,06037550602,463
3514,63.47,06037502604,354
3515,79.32650000000001,06071000120,1548
3516,81.9545,06065040611,906
3517,90.1,06065041001,243
3518,85.5765,06065031002,40
3519,87.459,06065031100,713
3520,89.8865,06065042406,308
3521,80.547,06065044510,315
3522,60.796,06037240500,323
3523,60.174,06037242201,67
3524,61.3375,06037536000,489
3525,62.629000000000005,06037550802,268
3526,62.66250000000001,06037550801,422
3527,86.937,06065040611,1307
3528,81.9545,06065040611,1112
3529,89.944,06065031002,275
3530,93.982,06065042212,705
3531,81.05,06065044522,1164
3532,59.446,06037240700,0
3533,65.951,06037550902,344
3534,69.112,06037502901,435
3535,64.409,06037502901,96
3536,72.987,06059001401,657
3537,89.944,06065031002,400
3538,92.892,06065043821,981
3539,58.406666666666666,06037238000,221
3540,59.827,06037600202,127
3541,61.103,06037536103,103
3542,70.532,06037503402,179
3543,71.915,06059001101,837
3544,90.113,06065041002,803
3545,84.56299999999999,06065031504,228
3546,85.36099999999999,06065031402,154
3547,87.2555,06065030602,472
3548,95.231,06065042402,262
3549,61.909,06037243000,89
3550,66.905,06037502801,412
3551,69.791,06037503302,434
3552,65.83149999999999,06037503402,202
3553,67.272,06059001401,119
3554,81.8825,06065040616,838
3555,88.802,06065041102,59
3556,90.1385,06065042404,330
3557,89.651,06065043818,446
3558,56.153000000000006,06037601502,377
3559,58.907,06037601900,225
3560,59.142,06037600400,62
3561,59.502,06037600303,238
3562,58.93533333333333,06037241201,176
3563,60.396,06037241120,124
3564,60.45,06037241110,193
3565,60.884,06037240800,129
3566,64.4425,06037503202,474
3567,89.4085,06065044103,1006
3568,58.597,06037601700,0
3569,56.704,06037602003,49
3570,59.209,06037242000,230
3571,62.494,06037540201,389
3572,62.596,06037540202,161
3573,62.97449999999999,06037551001,0
3574,64.4425,06037503202,380
3575,69.511,06037503501,255
3576,69.968,06037503502,302
3577,73.339,06059001402,189
3578,75.464,06059001506,674
3579,81.668,06065040702,727
3580,88.864,06065041202,516
3581,88.864,06065041202,275
3582,89.651,06065043818,77
3583,91.916,06065044103,485
3584,80.306,06065044515,1437
3585,58.635,06037602004,0
3586,61.571,06037242700,225
3587,62.97449999999999,06037551001,157
3588,63.227500000000006,06037577800,155
3589,63.973,06037503000,852
3590,68.38933333333333,06059001201,174
3591,74.172,06059001501,327
3592,81.08000000000001,06065040701,128
3593,89.04,06065041203,148
3594,84.4255,06065031503,414
3595,84.4405,06065031501,319
3596,93.898,06065042514,273
3597,92.848,06065043818,454
3598,58.5535,06037240901,136
3599,59.7245,06037540300,504
3600,64.867,06037551201,293
3601,62.97449999999999,06037551001,389
3602,66.672,06037550201,149
3603,66.672,06037550201,102
3604,66.672,06037550201,265
3605,65.8835,06037503401,552
3606,81.1145,06065040812,719
3607,81.1145,06065040812,1268
3608,84.4405,06065031501,60
3609,93.898,06065042514,403
3610,93.898,06065042514,248
3611,93.898,06065042514,363
3612,90.1805,06065042622,2355
3613,89.648,06065044000,653
3614,92.848,06065043818,721
3615,59.315,06037602801,399
3616,61.808,06037540501,269
3617,63.227500000000006,06037577800,345
3618,63.227500000000006,06037577800,505
3619,63.42,06037550201,284
3620,81.08000000000001,06065040701,524
3621,88.864,06065041202,630
3622,88.8,06065031602,500
3623,83.7375,06065031602,15
3624,93.898,06065042514,533
3625,88.09649999999999,06065044300,943
3626,56.325500000000005,06037602202,296
3627,58.2255,06037241002,158
3628,60.3635,06037540000,180
3629,65.244,06037551102,120
3630,67.867,06037503000,35
3631,63.973,06037503000,0
3632,65.257,06037503701,402
3633,88.313,06065041201,529
3634,92.644,06065042505,391
3635,88.19300000000001,06065042522,288
3636,88.19300000000001,06065042522,644
3637,60.899,06037540700,412
3638,61.6895,06037551203,46
3639,63.221000000000004,06037550202,293
3640,63.221000000000004,06037550202,0
3641,66.875,06037550100,92
3642,68.391,06037503105,205
3643,71.22,06059001301,0
3644,71.22,06059001301,489
3645,75.431,06059021814,869
3646,80.753,06065046601,166
3647,81.921,06065040903,164
3648,87.967,06065041302,17
3649,84.3785,06065031704,251
3650,88.155,06065042512,210
3651,91.916,06065044103,1511
3652,55.982,06037620102,268
3653,56.08,06037620002,2
3654,57.661,06037540901,266
3655,61.6895,06037551203,192
3656,65.999,06037550300,517
3657,63.973,06037503000,428
3658,67.929,06037503104,219
3659,65.99849999999999,06059001303,74
3660,87.967,06065041302,34
3661,93.791,06065042521,646
3662,59.699,06037541801,461
3663,67.929,06037503104,581
3664,73.575,06059001503,377
3665,71.3685,06059021831,505
3666,80.753,06065046601,542
3667,87.411,06065041407,687
3668,91.568,06065043820,1624
3669,56.408,06037602512,158
3670,63.471,06037553503,17
3671,63.5245,06037552301,237
3672,68.555,06037504001,488
3673,66.20400000000001,06059001604,602
3674,73.575,06059001503,393
3675,85.22,06065046602,623
3676,58.309,06037602402,94
3677,55.911,06037602402,297
3678,56.467,06037602900,572
3679,61.489,06037541604,243
3680,61.489,06037541604,343
3681,59.8475,06037541802,202
3682,66.727,06037552301,309
3683,74.489,06059011707,598
3684,88.0555,06065042510,0
3685,78.701,06065047201,628
3686,55.9775,06037602504,180
3687,58.786,06037602900,216
3688,58.786,06037602900,46
3689,59.0685,06037541604,0
3690,60.996,06037553300,288
3691,68.555,06037504001,224
3692,73.575,06059001503,704
3693,74.489,06059011707,303
3694,86.51,06065040813,1318
3695,86.658,06065040901,733
3696,87.994,06065031703,54
3697,86.3685,06065042012,188
3698,93.71,06065048700,2870
3699,55.846000000000004,06037602302,0
3700,56.3995,06037603007,84
3701,57.578,06037542800,510
3702,61.9615,06037553202,0
3703,66.84,06037552302,176
3704,74.489,06059011707,555
3705,84.686,06065040809,1287
3706,87.994,06065031703,355
3707,88.09100000000001,06065048901,390
3708,58.222,06037602301,322
3709,57.978,06037602504,207
3710,60.975,06037542601,348
3711,61.748,06037542000,189
3712,63.531000000000006,06037552302,343
3713,85.754,06065042018,700
3714,89.761,06065043813,7397
3715,58.127,06037603801,71
3716,60.387,06037542700,49
3717,59.275499999999994,06037542103,20
3718,62.341,06037553701,332
3719,61.027,06037554001,49
3720,64.696,06037553000,542
3721,65.07,06037552800,609
3722,64.607,06037503704,678
3723,64.78999999999999,06059001710,293
3724,68.3955,06059011707,722
3725,75.791,06059021809,379
3726,75.791,06059021809,568
3727,75.791,06059021809,980
3728,81.87700000000001,06065041406,297
3729,81.87700000000001,06065041406,281
3730,61.995,06037542104,286
3731,63.041,06037553502,338
3732,61.2965,06037554106,0
3733,64.696,06037553000,313
3734,62.3945,06037552800,18
3735,67.232,06037503902,1037
3736,65.51233333333333,06037503802,226
3737,80.623,06065040814,275
3738,89.347,06065042005,53
3739,87.0855,06065042508,127
3740,87.52799999999999,06065048902,146
3741,92.786,06065048901,335
3742,57.0635,06037543000,342
3743,57.542500000000004,06037542900,305
3744,60.554,06037542502,100
3745,61.8775,06037553000,0
3746,61.8775,06037553000,503
3747,63.021,06037552602,203
3748,67.232,06037503902,739
3749,68.571,06059110604,805
3750,77.066,06059021823,167
3751,80.623,06065040814,396
3752,85.785,06065041405,624
3753,92.203,06065048902,208
3754,58.112,06037620400,582
3755,56.42033333333333,06037603600,227
3756,55.8335,06037603400,173
3757,57.8735,06037542501,0
3758,57.8735,06037542501,180
3759,59.096500000000006,06037542105,337
3760,67.943,06037503901,91
3761,70.0715,06059021809,327
3762,79.751,06065048200,197
3763,85.7835,06065042015,376
3764,92.203,06065048902,576
3765,88.09649999999999,06065051100,685
3766,55.938,06037603101,103
3767,58.341,06037291210,12
3768,59.1485,06037542106,357
3769,65.266,06037552601,140
3770,65.266,06037552601,241
3771,62.5595,06037552601,444
3772,65.731,06037552602,422
3773,80.6555,06065040815,528
3774,89.534,06065042014,255
3775,86.292,06065042507,648
3776,92.203,06065048902,941
3777,59.275,06037543000,440
3778,60.35,06037542402,627
3779,58.735,06037542200,160
3780,63.618,06037554105,0
3781,85.376,06065042017,46
3782,58.038,06037620904,112
3783,57.725,06037603301,557
3784,57.725,06037603301,307
3785,56.44,06037541003,412
3786,58.955,06037570202,315
3787,58.955,06037570202,287
3788,76.614,06059021830,1701
3789,78.773,06065041704,551
3790,78.773,06065041704,748
3791,85.785,06065041405,939
3792,56.19433333333333,06037604001,250
3793,57.563,06037650004,296
3794,57.847,06037650001,371
3795,57.742,06037603102,417
3796,58.2935,06037570403,190
3797,62.468,06037554301,92
3798,63.988,06059011000,835
3799,72.322,06059011503,67
3800,82.073,06065041904,654
3801,84.719,06065041412,663
3802,84.5915,06065031701,2768
3803,58.038,06037620904,280
3804,55.253,06037620522,0
3805,64.626,06037554514,345
3806,63.63,06059110607,102
3807,63.63,06059110607,271
3808,65.4035,06059011503,67
3809,66.4465,06059011712,466
3810,82.073,06065041904,2427
3811,77.747,06065041904,832
3812,78.13650000000001,06065041905,816
3813,78.815,06065041703,139
3814,81.411,06065041411,331
3815,81.603,06065041414,242
3816,81.82050000000001,06065041413,2469
3817,87.918,06065042004,1287
3818,89.041,06065048800,721
3819,55.314,06037620802,443
3820,55.324,06037604102,339
3821,57.625,06037650003,357
3822,57.625,06037650003,0
3823,60.33,06037570403,202
3824,61.546,06037570204,213
3825,71.188,06059011403,318
3826,73.373,06059011712,76
3827,78.4405,06065041906,436
3828,83.159,06065041703,342
3829,83.233,06065041704,102
3830,81.82050000000001,06065041413,837
3831,55.253,06037620522,415
3832,58.1365,06037570402,260
3833,58.650999999999996,06037570504,232
3834,58.650999999999996,06037570504,14
3835,58.650999999999996,06037570504,541
3836,67.302,06059110606,464
3837,69.793,06059011200,397
3838,82.532,06065041905,307
3839,78.13650000000001,06065041905,163
3840,81.603,06065041414,980
3841,87.918,06065042004,1934
3842,84.6275,06065042009,2167
3843,55.1555,06037650300,207
3844,58.276,06037543321,301
3845,63.590999999999994,06059001801,350
3846,65.066,06059011502,426
3847,65.7955,06059011721,304
3848,67.2415,06059011716,713
3849,71.352,06059021817,256
3850,87.338,06065042003,2072
3851,55.081500000000005,06037620602,357
3852,57.452,06037650101,0
3853,61.242,06037570100,94
3854,61.471500000000006,06037554802,285
3855,61.471500000000006,06037554802,484
3856,69.21,06059011601,495
3857,68.7795,06059021813,723
3858,82.367,06065041906,242
3859,57.693,06037620702,84
3860,57.452,06037650101,266
3861,64.639,06037554517,430
3862,63.862500000000004,06059011601,777
3863,71.352,06059021817,550
3864,82.423,06065041805,0
3865,79.284,06065044605,0
3866,78.442,06065044604,1271
3867,55.0565,06037620703,0
3868,56.027,06037543400,403
3869,59.834,06037570303,155
3870,58.425,06037570503,351
3871,58.72,06037570603,429
3872,62.0355,06037554517,347
3873,63.555,06059001901,172
3874,68.935,06059011102,5
3875,63.862500000000004,06059011601,0
3876,78.6115,06065041812,0
3877,83.098,06065041813,523
3878,82.092,06065042008,1345
3879,88.388,06065042010,1299
3880,56.027,06037543400,717
3881,58.458,06037570602,99
3882,58.72,06037570603,28
3883,58.9825,06037570701,372
3884,63.480000000000004,06059001802,457
3885,72.8995,06059021922,1419
3886,85.8435,06065048800,1630
3887,57.419,06037650502,358
3888,60.104,06037570602,54
3889,58.9825,06037570701,329
3890,59.911,06037570901,326
3891,66.773,06059086801,663
3892,67.682,06059001802,743
3893,63.862500000000004,06059011601,470
3894,78.6115,06065041812,550
3895,82.313,06065041809,54
3896,88.388,06065042010,370
3897,57.929,06037571704,197
3898,58.637,06037570703,393
3899,63.1135,06059110401,0
3900,63.2475,06059086701,256
3901,88.388,06065042010,1037
3902,56.314499999999995,06037543322,578
3903,58.298,06037571505,232
3904,65.01,06059110301,335
3905,68.587,06059086601,357
3906,64.2505,06059086402,271
3907,77.625,06065041804,110
3908,78.554,06065041809,518
3909,87.338,06065042003,2548
3910,77.524,06065044923,1216
3911,58.696,06037571701,197
3912,63.154,06037555103,380
3913,63.1135,06059110401,592
3914,67.571,06059086702,603
3915,68.298,06059086602,198
3916,63.63,06059086502,295
3917,70.872,06059086402,221
3918,66.68933333333334,06059086406,246
3919,81.689,06065041808,0
3920,81.643,06065041909,878
3921,77.922,06065941200,1285
3922,55.027,06037650607,92
3923,56.966,06037650605,217
3924,58.6395,06037571300,570
3925,62.887,06059086802,173
3926,67.571,06059086702,482
3927,69.0455,06059021916,660
3928,80.866,06065041803,676
3929,81.941,06065041810,34
3930,55.6845,06037292002,421
3931,55.6845,06037292002,236
3932,55.7765,06037543502,172
3933,57.861999999999995,06037571502,218
3934,59.5405,06037571101,671
3935,60.480000000000004,06037555105,0
3936,61.4255,06059110102,116
3937,65.885,06059086803,660
3938,63.3245,06059086602,244
3939,81.941,06065041810,404
3940,78.4005,06065044602,1616
3941,55.104,06037650606,229
3942,56.949,06037650604,226
3943,60.545,06037571200,423
3944,60.038,06037555002,391
3945,62.509,06037555102,432
3946,62.674,06059110402,585
3947,70.004,06059086405,439
3948,74.566,06059021916,975
3949,88.094,06065042009,2542
3950,77.524,06065044923,400
3951,56.864,06037650901,300
3952,57.7185,06037571900,387
3953,59.7225,06037571000,191
3954,60.038,06037555002,211
3955,62.951,06059087102,0
3956,64.105,06059086304,762
3957,77.681,06065047901,0
3958,78.672,06065041909,317
3959,82.7115,06065042906,2023
3960,83.8935,06065042010,1634
3961,57.109,06037621324,26
3962,54.887,06037621301,356
3963,59.358,06037571400,243
3964,60.320499999999996,06037555106,445
3965,62.063,06059110201,562
3966,62.063,06059110201,803
3967,66.425,06059087101,339
3968,62.951,06059087102,333
3969,63.717,06059086301,0
3970,65.1025,06059076201,732
3971,77.681,06065047901,1008
3972,80.79,06065047900,1042
3973,57.109,06037621324,323
3974,56.525,06037650902,444
3975,55.591,06037293203,125
3976,58.7015,06037573601,286
3977,60.286,06037555212,496
3978,65.39,06059087001,524
3979,66.865,06059087103,464
3980,64.0595,06059086305,26
3981,72.017,06059076201,764
3982,72.956,06059075813,629
3983,80.79,06065047900,241
3984,56.864,06037621326,492
3985,56.579,06037650800,0
3986,63.825,06059110110,313
3987,61.6435,06059110202,367
3988,67.404,06059087105,235
3989,87.416,06065042620,259
3990,77.456,06065044925,271
3991,56.854,06037651201,318
3992,63.205,06059110104,376
3993,61.1935,06059110109,413
3994,83.628,06065042632,264
3995,55.139,06037651102,309
3996,59.326499999999996,06037573700,487
3997,62.311,06059086903,238
3998,62.4525,06059087002,289
3999,64.026,06059086306,695
4000,77.268,06065044926,238
4001,55.105999999999995,06037651221,480
4002,56.257,06037651002,450
4003,57.42,06037572001,328
4004,60.506,06037574000,404
4005,61.807,06059086901,551
4006,62.653999999999996,06059087601,628
4007,83.292,06065042631,267
4008,78.182,06065941400,292
4009,76.8715,06065044926,98
4010,76.318,06065044505,4337
4011,56.564,06037651304,427
4012,55.139,06037651102,377
4013,55.6285,06037293205,306
4014,56.468,06037572500,22
4015,59.697,06037574100,809
4016,77.628,06065044702,754
4017,55.2635,06037651002,42
4018,55.9165,06037543705,15
4019,56.832,06037572201,219
4020,62.469,06059110114,20
4021,66.446,06059087601,362
4022,67.888,06059087403,59
4023,72.049,06059075810,219
4024,77.4735,06065047902,1163
4025,77.996,06065044806,235
4026,77.158,06065044804,452
4027,76.318,06065044505,699
4028,76.318,06065044505,1083
4029,56.564,06037651304,216
4030,55.3865,06037293301,226
4031,63.51766666666667,06059087704,291
4032,62.653999999999996,06059087601,225
4033,64.2505,06059076205,530
4034,79.094,06065042007,3379
4035,83.1605,06065042627,122
4036,56.629,06037651222,356
4037,56.592,06037572202,0
4038,82.90899999999999,06065042628,408
4039,76.7065,06065044907,43
4040,59,06037574300,501
4041,59,06037574300,550
4042,58.7175,06037574400,249
4043,61.143,06059110108,402
4044,62.174499999999995,06059087806,413
4045,63.51766666666667,06059087704,430
4046,82.9235,06065042719,2162
4047,55.201499999999996,06037651402,997
4048,70.066,06059076205,305
4049,66.00800000000001,06059021918,549
4050,77.563,06065940700,886
4051,56.6525,06037573101,55
4052,56.790499999999994,06037573201,0
4053,58.195,06037574300,0
4054,65.982,06059087602,384
4055,64.57249999999999,06059076206,518
4056,82.6605,06065042746,625
4057,56.079,06037651402,519
4058,56.026,06037670003,0
4059,55.69,06037293304,367
4060,56.535,06037573003,257
4061,56.6485,06037573004,307
4062,57.491,06037573403,228
4063,63.0505,06059087504,316
4064,70.786,06059075815,415
4065,82.26150000000001,06065042801,1271
4066,82.6605,06065042746,0
4067,76.946,06065941100,483
4068,76.44,06065044916,293
4069,55.534499999999994,06037294301,294
4070,61.8115,06059088002,209
4071,65.616,06059021913,456
4072,82.6605,06065042746,256
4073,85.931,06065042706,479
4074,77.001,06065941000,1145
4075,56.026,06037670003,564
4076,55.6115,06037294421,6
4077,56.535,06037573003,172
4078,58.269,06037574901,152
4079,64.746,06059088202,349
4080,62.385000000000005,06059088401,287
4081,62.8445,06059088403,419
4082,55.598,06037293307,88
4083,55.184,06037294510,238
4084,57.5325,06037574902,375
4085,58.711,06059110007,154
4086,61.419,06059110001,28
4087,61.114000000000004,06059087902,478
4088,63.637,06059076105,446
4089,70.583,06059075816,646
4090,55.2055,06037651401,103
4091,55.4125,06037670101,326
4092,56.355,06037575202,10
4093,58.711,06059110007,371
4094,60.402,06059110003,8
4095,62.843500000000006,06059076103,149
4096,69.036,06059075806,483
4097,81.6855,06065042908,545
4098,80.88300000000001,06065043602,379
4099,76.455,06065940900,1273
4100,55.418,06037293306,304
4101,55.549499999999995,06037294302,227
4102,55.184,06037294510,297
4103,55.771,06037294620,343
4104,56.601,06037575102,281
4105,56.601,06037575102,57
4106,60.813,06059110005,502
4107,61.602,06059110003,209
4108,63.268,06059088105,58
4109,63.658,06059088203,689
4110,68.54,06059075902,150
4111,65.215,06059021914,119
4112,81.571,06065043601,408
4113,81.571,06065043601,919
4114,55.038,06037294810,0
4115,55.403,06037575803,29
4116,57.586,06037574800,279
4117,79.71799999999999,06065043518,1523
4118,83.888,06065043602,699
4119,81.571,06065043601,199
4120,55.4125,06037670101,358
4121,56.80233333333333,06037576904,0
4122,56.80233333333333,06037576904,295
4123,57.586,06037574800,512
4124,59.103,06059110012,92
4125,60.059,06059110012,0
4126,59.8695,06059110005,311
4127,62.521,06059088106,377
4128,60.842,06059088106,0
4129,61.11150000000001,06059088107,185
4130,63.924,06059075902,403
4131,69.036,06059075806,600
4132,83.734,06065043506,1030
4133,79.73150000000001,06065043522,752
4134,76.455,06065940900,176
4135,76.146,06065044922,1306
4136,55.16133333333333,06037670413,247
4137,55.4125,06037670101,669
4138,55.133,06037294900,0
4139,54.933,06037294830,159
4140,55.653,06037294830,229
4141,56.5665,06037575902,154
4142,56.706,06037576502,195
4143,62.772,06059088801,547
4144,65.736,06059088502,242
4145,83.734,06065043506,817
4146,56.6535,06037576200,0
4147,56.6535,06037576200,190
4148,55.497,06037576501,15
4149,55.623,06037576502,0
4150,57.864,06037577602,49
4151,60.842,06059088106,643
4152,61.1495,06059088801,0
4153,63.824,06059088601,417
4154,62.3985,06059089106,247
4155,69.893,06059075703,652
4156,72.201,06059052419,864
4157,73.949,06065044922,805
4158,56.6535,06037576200,334
4159,55.623,06037576502,158
4160,57.155,06037577605,335
4161,69.893,06059075703,840
4162,80.9655,06065042745,1727
4163,55.664,06037294701,1637
4164,57.155,06037577605,42
4165,61.576,06059099904,392
4166,61.66499999999999,06059088902,273
4167,65.769,06059089107,340
4168,55.298,06037670416,738
4169,55.115,06037670702,1229
4170,55.178,06037670701,708
4171,59.870999999999995,06059099902,154
4172,60.874,06059088802,405
4173,61.66499999999999,06059088902,559
4174,62.727500000000006,06059075302,270
4175,79.552,06065041910,2658
4176,82.59,06065043508,159
4177,82.59,06065043508,528
4178,75.826,06065044919,795
4179,54.9965,06037670405,589
4180,56.334,06037577300,254
4181,56.812999999999995,06037577400,89
4182,62.922,06059088902,116
4183,60.25,06059099602,709
4184,60.25,06059099602,589
4185,60.25,06059099602,790
4186,78.739,06065043703,392
4187,55.266999999999996,06037670701,563
4188,56.334,06037577300,377
4189,60.699,06059099601,530
4190,60.67,06059099803,71
4191,66.268,06059052419,784
4192,83.047,06065043504,492
4193,75.773,06065044927,1399
4194,59.5825,06059099602,72
4195,63.082,06059089004,89
4196,64.4575,06059075702,615
4197,83.976,06065042730,2290
4198,83.047,06065043504,486
4199,79.71033333333334,06065043503,620
4200,81.748,06065043702,174
4201,75.785,06065044929,810
4202,75.557,06065045233,912
4203,78.2565,06065043405,72
4204,73.68549999999999,06065044929,546
4205,56.346,06037577504,231
4206,56.838,06059099512,294
4207,63.082,06059089004,496
4208,63.582,06059089105,305
4209,64.094,06059075505,201
4210,83.976,06065042730,1413
4211,79.54533333333333,06065043309,581
4212,73.451,06065045305,74
4213,73.451,06065045305,189
4214,66.067,06059074501,600
4215,65.218,06059052434,645
4216,75.455,06065045214,968
4217,73.3545,06065045306,267
4218,54.856,06037296600,68
4219,60.209,06059099702,175
4220,62.597,06059074805,407
4221,62.63250000000001,06059074901,83
4222,62.63250000000001,06059074901,513
4223,68.328,06059075505,224
4224,77.787,06065043308,629
4225,78.503,06065043702,1170
4226,75.313,06065044911,1298
4227,61.898,06059099249,313
4228,62.597,06059074805,34
4229,79.9235,06065042731,320
4230,81.739,06065043404,431
4231,81.757,06065043403,450
4232,75.349,06065045119,570
4233,59.049,06059099604,9
4234,60.928,06059099223,241
4235,63.51966666666667,06059074601,58
4236,66.933,06059074407,79
4237,68.779,06059075507,19
4238,70.534,06059075607,616
4239,70.534,06059075607,430
4240,79.9235,06065042731,357
4241,78.0945,06065042723,1161
4242,77.4125,06065043404,136
4243,73.07400000000001,06065044911,450
4244,54.761,06037297110,91
4245,59.416,06059099604,407
4246,60.015,06059099703,545
4247,62.3175,06059074806,377
4248,67.866,06059075512,0
4249,67.866,06059075512,61
4250,78.0945,06065042723,827
4251,81.333,06065043312,74
4252,81.463,06065043313,59
4253,78.98150000000001,06065044404,7185
4254,75.313,06065044911,114
4255,60.593999999999994,06059099222,665
4256,64.516,06059074702,0
4257,69.385,06059052524,372
4258,64.6595,06059052524,0
4259,75.313,06065044911,0
4260,73.0815,06065045234,1071
4261,75.264,06065045212,97
4262,73.05850000000001,06065045303,1328
4263,55.453,06037297001,538
4264,57.319500000000005,06059099513,730
4265,58.133,06059099408,438
4266,59.3305,06059099410,459
4267,60.3355,06059099224,653
4268,61.599000000000004,06059074108,673
4269,63.833,06059074701,377
4270,64.65549999999999,06059052534,555
4271,81.781,06065042740,608
4272,57.576,06059099514,251
4273,62.6425,06059074200,342
4274,76.74350000000001,06065043007,902
4275,79.078,06065042740,180
4276,73.0815,06065045234,190
4277,73.269,06065045212,516
4278,75.153,06065045502,353
4279,64.0895,06059052502,236
4280,73.0815,06065045234,779
4281,73.126,06065045209,405
4282,58.760999999999996,06059099405,228
4283,59.341,06059099411,0
4284,60.816500000000005,06059099225,719
4285,62.3655,06059074103,133
4286,65.4795,06059052421,764
4287,78.3725,06065042741,1049
4288,77.4015,06065043318,596
4289,80.714,06065043316,1227
4290,57.631,06059099416,158
4291,64.732,06059074300,328
4292,64.732,06059074300,207
4293,72.83449999999999,06065045123,1149
4294,72.80799999999999,06065045207,933
4295,54.433,06037297500,144
4296,57.105,06059099417,341
4297,60.156,06059099250,480
4298,60.768,06059099229,883
4299,63.262,06059074005,643
4300,60.768,06059099229,668
4301,61.039,06059099229,569
4302,67.606,06059052527,127
4303,64.9435,06059052533,362
4304,72.811,06065049502,550
4305,64.9435,06059052533,267
4306,77.955,06065042751,321
4307,81.51,06065042723,1749
4308,64.9435,06059052533,615
4309,65.2065,06059052417,0
4310,77.5055,06065042717,679
4311,62.57333333333333,06059074004,431
4312,65.6555,06059052429,297
4313,79.388,06065042732,860
4314,72.73750000000001,06065045501,486
4315,72.481,06065049501,128
4316,62.57333333333333,06059074004,140
4317,65.3065,06059052431,152
4318,79.867,06065042711,526
4319,72.52,06065045129,501
4320,62.275,06059063907,392
4321,62.807,06059074006,20
4322,64.6395,06059052526,378
4323,64.699,06059052505,445
4324,77.363,06065043009,1213
4325,62.275,06059063907,430
4326,64.699,06059052505,56
4327,76.41300000000001,06065042724,152
4328,74.166,06065045226,1108
4329,59.035,06059099235,164
4330,62.275,06059063907,178
4331,63.6575,06059052530,7
4332,76.9505,06065042752,1220
4333,59.5625,06059099214,486
4334,59.556,06059099232,472
4335,60.836,06059063805,406
4336,62.873,06059075516,433
4337,63.6575,06059052530,160
4338,63.6575,06059052530,165
4339,76.431,06065043010,373
4340,77.125,06065042732,1443
4341,74.217,06065049100,328
4342,57.204,06059099308,676
4343,61.3095,06059063910,688
4344,62.448,06059063908,339
4345,71.796,06059052427,174
4346,58.4855,06059099305,297
4347,60.956500000000005,06059063902,649
4348,62.448,06059063908,418
4349,64.449,06059052521,138
4350,75.69800000000001,06065043010,308
4351,78.021,06065042715,918
4352,76.0895,06065042748,602
4353,74.166,06065045226,946
4354,60.5025,06059063802,370
4355,63.03,06059052523,756
4356,65.708,06059052513,397
4357,72.143,06065045128,5
4358,57.778,06059099305,107
4359,59.3565,06059099215,83
4360,61.541,06059063902,106
4361,61.345,06059063903,468
4362,75.26400000000001,06065043003,564
4363,70.78999999999999,06065045709,480
4364,72.534,06065045706,294
4365,61.203,06059063904,250
4366,61.203,06059063904,638
4367,64.32249999999999,06059052532,67
4368,75.26400000000001,06065043003,200
4369,64.243,06059052520,80
4370,75.193,06065043001,1596
4371,71.655,06065045110,777
4372,70.78999999999999,06065045709,0
4373,57.549,06059099309,605
4374,62.1165,06059062610,831
4375,77.405,06065042714,918
4376,70.74799999999999,06065045704,88
4377,70.113,06065045703,645
4378,63.028000000000006,06059062650,512
4379,72.787,06065045705,926
4380,60.7705,06059063906,565
4381,75.193,06065043001,1444
4382,76.775,06065042739,804
4383,58.291,06059099243,307
4384,62.759499999999996,06059062611,451
4385,73.424,06065045110,411
4386,70.356,06065045708,699
4387,72.139,06065045703,590
4388,61.108,06059063906,93
4389,63.423500000000004,06059062651,197
4390,71.59100000000001,06065045109,238
4391,64.58699999999999,06059052518,723
4392,75.26400000000001,06065043003,2116
4393,73.737,06065043274,1273
4394,71.59100000000001,06065045109,237
4395,59.505,06059063601,461
4396,62.021,06059062626,283
4397,65.903,06059052518,756
4398,59.505,06059063601,242
4399,60.187,06059063702,197
4400,60.187,06059063702,234
4401,62.5475,06059062627,240
4402,66.687,06059032031,543
4403,66.9595,06059032033,388
4404,59.357,06059063601,85
4405,67.751,06059032050,104
4406,60.4505,06059063202,204
4407,61.249,06059063103,0
4408,62.304,06059062631,649
4409,69.46,06059032031,150
4410,69.54,06059032034,981
4411,59.488,06059063604,387
4412,59.8685,06059063605,343
4413,62.141,06059063007,853
4414,73.152,06065050702,1365
4415,71.034,06065045609,665
4416,62.867000000000004,06059062631,58
4417,67.4615,06059032054,281
4418,74.157,06065046402,900
4419,66.9425,06059032034,1404
4420,71.034,06065045609,2087
4421,61.5265,06059062657,373
4422,73.152,06065050702,446
4423,73.152,06065050702,347
4424,59.007999999999996,06059063603,652
4425,61.6725,06059062645,1326
4426,67.221,06059032027,562
4427,67.221,06059032027,82
4428,66.2085,06059032027,221
4429,68.438,06059032032,697
4430,73.16900000000001,06065046403,2582
4431,73.152,06065050702,367
4432,75.103,06065050700,890
4433,61.0235,06059063004,730
4434,65.4445,06059052411,247
4435,66.0815,06059052416,901
4436,73.16900000000001,06065046403,769
4437,73.152,06065050702,584
4438,61.345,06059063008,929
4439,64.2785,06059062652,739
4440,65.442,06059032014,471
4441,66.21199999999999,06059032036,275
4442,61.3365,06059062658,315
4443,66.21199999999999,06059032036,252
4444,68.189,06059032053,621
4445,75.458,06065043235,975
4446,71.86,06065043204,459
4447,59.69,06059063500,133
4448,66.0205,06059032002,474
4449,72.9075,06065046405,1169
4450,71.86,06065043204,93
4451,60.446,06059063005,229
4452,65.442,06059032014,474
4453,66.74,06059032002,0
4454,61.844,06059062645,520
4455,62.886,06059062649,987
4456,63.476,06059062648,36
4457,66.74,06059032002,269
4458,66.623,06059032020,586
4459,71.2575,06065043205,797
4460,59.8675,06065046101,269
4461,62.334,06059062604,1722
4462,64.162,06059062647,465
4463,65.34,06059032015,692
4464,71.825,06065043278,187
4465,64.162,06059062647,568
4466,65.989,06059032020,676
4467,64.016,06059062635,427
4468,66.38850000000001,06059032043,1042
4469,71.2575,06065043205,558
4470,64.016,06059062635,421
4471,70.56,06065043295,1594
4472,60.461,06059062701,794
4473,64.48049999999999,06059062625,563
4474,65.009,06059042307,376
4475,65.409,06059032038,199
4476,72.499,06065043271,265
4477,70.6875,06065050401,805
4478,70.6875,06065050401,577
4479,74.401,06065043242,640
4480,65.0355,06059032012,203
4481,70.6875,06065050401,403
4482,70.5095,06065050302,1146
4483,72.962,06065050400,305
4484,64.046,06059042328,277
4485,63.7175,06059062638,328
4486,72.963,06065043239,2515
4487,69.83250000000001,06065050402,666
4488,69.735,06065050301,392
4489,64.053,06059042333,594
4490,69.34899999999999,06065050600,334
4491,69.2635,06065043228,120
4492,66.821,06065045611,736
4493,64.895,06059032057,247
4494,69.34899999999999,06065050600,556
4495,63.7995,06059042320,615
4496,64.6995,06059032057,2
4497,69.18950000000001,06065043296,624
4498,68.384,06065044403,7509
4499,63.0945,06059062633,487
4500,68.663,06065043209,498
4501,64.6995,06059032057,1044
4502,68.9465,06065043211,281
4503,72.153,06065043291,559
4504,68.663,06065043209,442
4505,57.054,06065981000,818
4506,71.926,06065043244,788
4507,72.963,06065043239,895
4508,67.379,06065045605,3823
4509,72.34,06065044407,9620
4510,62.582,06059042319,854
4511,64.397,06059032059,441
4512,64.243,06059032059,393
4513,67.65299999999999,06065050503,304
4514,71.088,06065050500,277
4515,71.926,06065043244,303
4516,63.036,06059042336,583
4517,64.243,06059032059,593
4518,67.91900000000001,06065043298,74
4519,62.582,06059042319,242
4520,63.8245,06059032022,297
4521,72.963,06065043239,2379
4522,61.841,06059062619,0
4523,70.666,06065049600,442
4524,68.65066666666667,06065043218,679
4525,69.2655,06065044406,2261
4526,63.072,06059042315,1094
4527,70.78,06065043217,761
4528,62.311,06059042326,503
4529,62.807,06059042330,557
4530,72.963,06065043239,4391
4531,66.03,06065043266,762
4532,62.7755,06059042312,514
4533,66.056,06065043262,468
4534,66.03,06065043266,250
4535,66.03,06065043266,378
4536,61.345,06059042324,433
4537,66.9055,06065043246,1089
4538,61.345,06059042324,181
4539,61.762,06059042332,727
4540,65.4785,06065043264,696
4541,70.368,06065043264,97
4542,61.131,06059042339,928
4543,70.368,06065043264,610
4544,61.643,06059042338,956
4545,61.643,06059042338,711
4546,61.381,06059042338,219
4547,61.381,06059042338,415
4548,69.617,06065043256,905
4549,65.4425,06065043202,112
4550,61.716499999999996,06059042339,138
4551,61.716499999999996,06059042339,202
4552,61.379,06059042201,1181
4553,62.1565,06059042111,362
4554,64.68950000000001,06065049702,4693
4555,69.336,06065043250,74
4556,69.336,06065043250,0
4557,65.4425,06065043202,1034
4558,60.805,06059042313,326
4559,62.504,06059042111,120
4560,61.38,06059042201,0
4561,62.6335,06059032063,466
4562,62.6335,06059032063,1014
4563,65.1515,06065045618,2198
4564,61.5015,06059042206,625
4565,61.5015,06059042206,628
4566,69.17,06065043252,674
4567,61.318,06059042107,416
4568,61.799,06059042113,227
4569,60.7115,06059042115,2783
4570,61.359,06059042114,7971
4571,62.5065,06073018903,730
4572,62.592,06073018904,384
4573,63.251,06073018906,915
4574,63.251,06073018906,682
4575,61.578,06073018801,634
4576,57.2915,06037599000,626
4577,67.089,06073019101,694
4578,61.2125,06073018804,702
4579,61.2125,06073018804,772
4580,61.487,06073018700,6775
4581,61.577,06073019103,3792
4582,60.5555,06073018803,2067
4583,62.557,06073019110,1390
4584,59.468,06073018618,443
4585,60.499,06073018612,899
4586,67.114,06073019106,2378
4587,59.2755,06073018525,834
4588,59.370999999999995,06073018520,490
4589,67.114,06073019106,1235
4590,65.084,06073019105,2311
4591,59.370999999999995,06073018520,272
4592,59.370999999999995,06073018520,341
4593,59.4885,06073019303,832
4594,59.6165,06073018601,1718
4595,59.37,06073018514,82
4596,59.6165,06073018601,615
4597,61.4625,06073019105,1330
4598,59.6275,06073019210,100
4599,59.541,06073018512,195
4600,59.451,06073018523,496
4601,60.371,06073019206,266
4602,59.581,06073018510,495
4603,59.045,06073018513,649
4604,59.563500000000005,06073019404,215
4605,60.371,06073019206,531
4606,60.215,06073019502,348
4607,59.713499999999996,06073018615,294
4608,59.713499999999996,06073018615,0
4609,59.645,06073018400,0
4610,60.042,06073019503,898
4611,59.91566666666667,06073019601,709
4612,59.5865,06073019503,509
4613,59.9315,06073019903,1681
4614,58.679,06073018518,53
4615,59.5115,06073018302,61
4616,59.677499999999995,06073018201,309
4617,59.477000000000004,06073018101,719
4618,61.6005,06073020111,721
4619,59.480000000000004,06073018517,431
4620,59.477000000000004,06073018101,875
4621,59.3905,06073019809,610
4622,58.68,06073019805,408
4623,58.771,06073017801,525
4624,59.5485,06073019803,490
4625,59.5995,06073019808,354
4626,59.796,06073019902,927
4627,59.4805,06073019804,1476
4628,54.911,06025010101,3150
4629,58.813,06073017900,732
4630,64.16,06073020105,403
4631,61.403,06073020305,709
4632,59.314,06073017809,586
4633,60.442,06073020041,0
4634,62.736,06073020024,264
4635,62.736,06073020024,446
4636,61.453500000000005,06073020208,492
4637,59.736000000000004,06073017810,397
4638,61.361000000000004,06073020106,879
4639,64.96,06073020109,235
4640,61.4135,06073020210,204
4641,59.8505,06073019905,1598
4642,60.639,06073020028,193
4643,60.639,06073020028,47
4644,60.974500000000006,06073020025,163
4645,65.26,06073020206,370
4646,65.26,06073020206,174
4647,62.916,06073020309,817
4648,61.4165,06073020309,181
4649,61.4285,06073020202,162
4650,61.316,06073020213,0
4651,60.0665,06073020019,643
4652,54.911,06025010101,7909
4653,60.0665,06073020019,754
4654,60.23266666666667,06073020026,1328
4655,60.1375,06073020042,908
4656,64.99,06073020602,224
4657,60.05200000000001,06073020030,789
4658,60.0065,06073022102,587
4659,59.914500000000004,06073017811,632
4660,63.562,06073020500,7
4661,61.4725,06073020707,472
4662,60.05200000000001,06073020030,805
4663,61.3835,06073020313,953
4664,59.914500000000004,06073017811,982
4665,64.662,06073020707,631
4666,61.4725,06073020707,0
4667,60.024,06073020027,889
4668,59.269,06073020014,0
4669,59.991,06073017808,1638
4670,60.2235,06073020043,621
4671,61.5,06073020403,378
4672,59.329,06073020015,0
4673,64.395,06073020708,193
4674,59.6295,06073017701,59
4675,61.174,06073020312,1386
4676,59.6295,06073017701,180
4677,58.494,06025010300,10419
4678,59.587,06073017701,739
4679,59.45,06073017107,905
4680,60.301500000000004,06073017107,732
4681,67.6575,06073020904,5002
4682,59.527,06073017604,40
4683,59.45,06073017107,696
4684,67.407,06073020809,3257
4685,61.906000000000006,06073017058,494
4686,67.544,06073020806,598
4687,59.638,06073017403,420
4688,63.959,06073020805,657
4689,67.544,06073020806,366
4690,59.8005,06073017407,321
4691,61.686,06073017064,702
4692,64.394,06073017006,1085
4693,64.394,06073017006,1386
4694,64.394,06073017006,544
4695,64.91,06073017053,1110
4696,67.83,06073020811,2091
4697,61.818,06073017034,367
4698,61.4965,06073008368,1726
4699,62.65,06073017055,581
4700,62.65,06073017055,576
4701,61.0775,06025010500,549
4702,60.013999999999996,06073017308,554
4703,61.4965,06073008368,935
4704,58.835,06025010700,1002
4705,61.5615,06025010700,671
4706,58.835,06025010700,778
4707,59.7335,06073017202,153
4708,63.591,06073017040,253
4709,61.672,06073008336,152
4710,61.713,06073017036,658
4711,61.177,06073008335,397
4712,61.713,06073017036,682
4713,61.953,06073017040,936
4714,62.573,06073017009,1389
4715,61.876999999999995,06025010600,736
4716,60.034000000000006,06073008324,479
4717,60.579,06073021501,520
4718,63.386,06073017048,837
4719,60.579,06073021501,46
4720,61.917500000000004,06073017067,1066
4721,60.035,06073008324,578
4722,60.802,06073008366,288
4723,60.292500000000004,06073008370,153
4724,61.822,06073017068,419
4725,61.3705,06073008347,971
4726,61.6085,06073008353,78
4727,61.61,06073008381,382
4728,61.825,06073008354,184
4729,62.971,06073017045,245
4730,61.61,06073008381,0
4731,61.61,06073008381,357
4732,61.847,06073017044,664
4733,62.0055,06073017045,765
4734,60.354,06073008348,71
4735,62.817,06073017047,580
4736,60.669,06073008349,553
4737,61.3565,06073008358,0
4738,60.354,06073008348,789
4739,61.3565,06073008358,58
4740,61.623999999999995,06073008359,423
4741,62.477,06073017022,562
4742,60.588,06073008351,413
4743,60.3615,06073008378,670
4744,60.007999999999996,06073008305,547
4745,60.007999999999996,06073008305,529
4746,60.3615,06073008378,141
4747,60.025,06073008361,307
4748,60.025,06073008361,26
4749,60.173,06073008340,218
4750,70.018,06073021202,4186
4751,59.63849999999999,06073008313,972
4752,60.1455,06073008363,66
4753,60.213499999999996,06073008343,106
4754,60.676,06073008344,0
4755,60.676,06073008344,330
4756,64.388,06073016607,207
4757,64.388,06073016607,660
4758,64.388,06073016607,405
4759,65.667,06073016810,619
4760,65.667,06073016810,176
4761,65.136,06073016811,1477
4762,70.018,06073021202,8512
4763,63.480666666666664,06073016613,194
4764,63.272999999999996,06073016614,24
4765,60.024,06073008306,195
4766,65.667,06073016810,538
4767,65.78299999999999,06025011002,310
4768,59.531,06073008201,471
4769,59.983,06073008505,818
4770,69.70599999999999,06073021205,1336
4771,60.059,06073008502,52
4772,60.059,06073008502,518
4773,59.983,06073008505,349
4774,62.2965,06073016618,487
4775,63.272000000000006,06073016616,489
4776,60.059,06073008502,332
4777,62.2965,06073016618,355
4778,59.599000000000004,06073008101,447
4779,60.309,06073008511,176
4780,62.695,06073009507,1006
4781,65.1505,06073016809,918
4782,64.45266666666667,06073016806,255
4783,61.375,06073009510,509
4784,59.865,06073008503,169
4785,61.4935,06073009506,557
4786,63.251000000000005,06073016201,539
4787,64.3035,06073016401,777
4788,60.0045,06073008503,153
4789,61.4935,06073009506,779
4790,63.251000000000005,06073016201,731
4791,64.05,06073016502,432
4792,59.737,06073007800,342
4793,60.202,06073008510,0
4794,59.645,06073008003,186
4795,60.040499999999994,06073008513,252
4796,59.962,06073009201,480
4797,61.138,06073009511,147
4798,64.887,06073016100,485
4799,63.074,06073009704,535
4800,62.608000000000004,06073009804,1051
4801,64.024,06073016302,83
4802,59.475,06073007908,94
4803,61.2295,06073009511,266
4804,63.074,06073009704,634
4805,61.881,06073009801,19
4806,63.932,06073016301,575
4807,64.1385,06073016404,620
4808,64.1385,06073016404,510
4809,63.337,06025011202,91
4810,60.497,06073008701,408
4811,63.612,06073009801,424
4812,63.275999999999996,06073016100,190
4813,64.542,06073015701,78
4814,63.404,06025011100,9112
4815,65.395,06025010900,1953
4816,63.0035,06073015100,556
4817,60.117999999999995,06073008600,158
4818,64.769,06073015802,23
4819,64.30533333333334,06073015704,0
4820,59.4655,06073007701,0
4821,62.483000000000004,06073015001,576
4822,63.80199999999999,06073015802,159
4823,63.818,06073015705,364
4824,63.818,06073015705,184
4825,59.857,06073008800,274
4826,59.4655,06073007701,553
4827,59.762,06073009104,816
4828,60.64,06073009204,800
4829,60.801,06073009305,762
4830,61.788,06073014804,440
4831,59.721500000000006,06073009000,0
4832,59.722,06073009000,237
4833,59.635,06073008901,418
4834,61.6325,06073014805,0
4835,62.94,06073015200,746
4836,64.625,06073015406,175
4837,64.625,06073015406,254
4838,63.845,06073015408,956
4839,59.593,06073009107,162
4840,61.55,06073014601,511
4841,62.236000000000004,06073014902,361
4842,59.874,06073001800,0
4843,61.508,06073014701,281
4844,64.587,06073013605,415
4845,68.0545,06025011803,0
4846,60.155,06073000500,62
4847,68.0545,06025011803,223
4848,59.279,06073006802,773
4849,59.888,06073001200,0
4850,61.55,06073014601,217
4851,63.8785,06073013604,879
4852,59.881,06073001700,196
4853,60.405,06073002201,206
4854,60.8615,06073002707,189
4855,60.2225,06073001302,23
4856,59.525999999999996,06073006802,188
4857,60.2225,06073001302,124
4858,59.756,06073001300,107
4859,59.835,06073002201,169
4860,63.55,06073013608,152
4861,60.3485,06073002401,0
4862,61.1885,06073014500,264
4863,61.283,06073014400,586
4864,62.144499999999994,06073013702,742
4865,59.3925,06073007304,197
4866,59.254000000000005,06073006600,22
4867,59.998,06073002402,253
4868,60.381,06073002710,494
4869,59.217,06073007301,0
4870,59.709,06073000800,331
4871,60.1495,06073001400,295
4872,59.773,06073002501,286
4873,60.439499999999995,06073002402,496
4874,60.877,06073002711,143
4875,60.877,06073002711,242
4876,62.324,06073014400,336
4877,59.24633333333333,06073007302,261
4878,59.980999999999995,06073004300,426
4879,61.229,06073014300,367
4880,68.34,06025011301,1165
4881,59.24633333333333,06073007302,87
4882,59.24633333333333,06073007302,423
4883,68.34,06025011301,599
4884,61.522,06073014200,223
4885,61.752,06073014101,568
4886,62.918000000000006,06073013506,802
4887,59.258,06073021400,312
4888,59.581,06073004400,272
4889,60.559,06073002712,572
4890,61.433,06073013906,228
4891,62.344,06073013504,349
4892,68.34,06025011301,232
4893,59.2375,06073021402,543
4894,59.268,06073005700,17
4895,59.028,06073007200,278
4896,59.295500000000004,06073005601,0
4897,59.921,06073003001,552
4898,61.14149999999999,06073014101,480
4899,59.149,06073005402,357
4900,59.454,06073004600,322
4901,59.691,06073004101,333
4902,61.417,06073003105,812
4903,62.411,06073013909,689
4904,59.149,06073005402,65
4905,59.468,06073004600,116
4906,59.258,06073004100,24
4907,59.548,06073003304,482
4908,60.424,06073003004,192
4909,62.411,06073013909,282
4910,59.9365,06073003304,58
4911,59.012,06073005100,189
4912,59.305,06073004800,321
4913,61.37949999999999,06073013903,263
4914,59.012,06073005100,161
4915,59.268,06073004900,127
4916,59.268,06073004900,378
4917,59.591,06073003111,250
4918,60.6485,06073003114,413
4919,61.36,06073003107,661
4920,61.0745,06073003107,273
4921,59.004,06073009902,413
4922,59.3535,06073004900,202
4923,59.306,06073003502,171
4924,59.6125,06073003502,378
4925,58.974,06073011100,287
4926,58.974,06073011100,30
4927,59.249,06073003303,268
4928,60.027,06073003305,273
4929,60.676,06073003115,324
4930,68.331,06025012003,1368
4931,58.7,06073011300,1027
4932,58.723,06073021800,23
4933,59.19,06073003800,319
4934,59.19,06073003800,103
4935,60.5475,06073003213,481
4936,68.12049999999999,06025012201,211
4937,68.331,06025012003,165
4938,59.718,06073003208,4
4939,59.484,06073011700,416
4940,59.587,06073012102,258
4941,59.157,06073003212,315
4942,59.037,06073011601,528
4943,59.302,06073003202,300
4944,68.34,06025012001,61
4945,67.736,06025012001,0
4946,58.83,06073021900,252
4947,58.83,06073021900,340
4948,59.1195,06073011602,407
4949,61.24,06073013424,211
4950,61.778999999999996,06073013425,502
4951,59.5805,06073003204,179
4952,60.481,06073013416,865
4953,63.343,06073013419,0
4954,59.15,06073013421,696
4955,60.6725,06073013418,403
4956,58.613,06073012502,409
4957,59.05,06073012402,474
4958,59.05,06073012402,19
4959,58.62,06073012800,608
4960,61.959,06073013311,0
4961,61.959,06073013311,456
4962,61.959,06073013311,922
4963,59.016,06073012800,548
4964,59.016,06073012800,327
4965,60.015,06073013322,382
4966,59.828500000000005,06073013414,46
4967,60.6075,06073013321,576
4968,60.6075,06073013321,411
4969,58.384,06073012600,286
4970,58.92333333333333,06073012900,366
4971,59.8575,06073013325,170
4972,60.6075,06073013321,410
4973,61.749,06073013314,364
4974,58.5865,06073013104,303
4975,58.424,06073013309,464
4976,58.5645,06073013203,22
4977,58.673500000000004,06073013303,416
4978,58.7015,06073013306,370
4979,58.673500000000004,06073013303,253
4980,58.314,06073013205,294
4981,58.411,06073013204,391
4982,57.915,06073010502,302
4983,57.874,06073010107,297
4984,59.4745,06073010016,2352
4985,57.874,06073010107,225
4986,57.856,06073010011,313
4987,59.4745,06073010016,2539
4988,57.575,06073010202,302
4989,57.575,06073010202,520
4990,58.328500000000005,06073010011,149
4991,58.167,06073010106,460
4992,58.5775,06073010018,442
4993,58.5775,06073010018,242
4994,57.788,06073010402,100
4995,57.715,06073010010,556
4996,58.018,06073010111,615
4997,58.294,06073010017,722
4998,57.948499999999996,06073010112,122
4999,58.107,06073010012,267
5000,57.452,06073010013,498
