object_id,avg_pm25
1,9.560000228881837
2,19.074999809265137
3,6.366666793823242
4,6.3416666984558105
5,6.491666674613953
6,11.59166669845581
7,11.749999761581421
8,8.991666793823242
9,7.599999904632568
10,9.483333110809326
11,8.200000166893005
12,23.34666633605957
13,9.553333282470703
14,11.13333339691162
15,10.833333492279053
16,10.800000190734863
17,9.183333396911621
18,10.916666507720947
19,11.141666650772095
20,9.383333206176758
21,10.013333129882813
22,9.358333110809326
23,12.946666526794434
24,9.872222105662027
25,9.808333158493042
26,9.716666460037231
27,11.4333336353302
28,6.583333253860474
29,8.472222010294596
30,9.100000143051147
31,9.291666746139526
32,9.11333351135254
33,9.233333349227905
34,9.641666650772095
35,7.008333325386047
36,9.958333492279053
37,9.791666507720947
38,10.113333320617675
39,9.1
40,9.566666603088379
41,9.220000267028809
42,9.158333539962769
43,9.758333444595337
44,9.624999761581421
45,9.533333539962769
46,9.786666679382325
47,9.674999952316284
48,9.21666669845581
49,9.316666603088379
50,9.699999809265137
51,12.78333330154419
52,9.133333444595337
53,9.483333349227905
54,8.791666746139526
55,9.879999923706055
56,10.833333492279053
57,11.791666507720947
58,14.772222201029459
59,15.1916663646698
60,12.608333349227905
61,9.120000076293945
62,12.246666717529298
63,9.950000047683716
64,9.879999923706055
65,9.919999885559083
66,7.6916667222976685
67,7.875
68,8.099999904632568
69,11.483333349227905
70,8.758333444595337
71,12.724999904632568
72,9.61333351135254
73,8.78666648864746
74,12.566666412353516
75,12.025000095367432
76,12.516666412353516
77,8.791666507720947
78,11.899999856948853
79,8.919999885559083
80,12.173333358764648
81,11.8166663646698
82,12.083333492279053
83,10.516666412353516
84,9.69333324432373
85,12.622222264607748
86,9.61333351135254
87,12.566666841506958
88,8.4416663646698
89,7.8166667222976685
90,9.626666831970216
91,9.458333253860474
92,9.649999856948853
93,9.979999923706055
94,10.225000143051147
95,9.400000190734863
96,9.641666650772095
97,9.13333339691162
98,6.908333420753479
99,6.8666666348775225
100,6.622222264607747
101,7.1000001430511475
102,7.2833335399627686
103,7.255555470784505
104,6.586666584014893
105,8.683333396911621
106,8.353333282470704
107,8.34000015258789
108,8.199999809265137
109,5.983333349227905
110,8.941666841506958
111,7.539999961853027
112,6.975000023841858
113,7.640000057220459
114,8.00666675567627
115,7.3416666984558105
116,7.425000071525574
117,6.566666603088379
118,8.100000143051147
119,7.491666674613953
120,6.8750001192092896
121,7.6250001192092896
122,8.200000047683716
123,7.050000071525574
124,7.8083332777023315
125,6.646666622161865
126,7.508333325386047
127,9.259999847412109
128,8.5
129,6.677777608235677
130,6.626666641235351
131,8.15833330154419
132,8.15833330154419
133,10.724999904632568
134,8.991666793823242
135,10.640000152587891
136,9.100000381469727
137,8.075000166893005
138,6.683333396911621
139,8.766666889190674
140,10.058333396911621
141,8.520000076293945
142,9.15833330154419
143,7.3199999809265135
144,6.3222222328186035
145,7.344444592793782
146,7.422222296396892
147,8.799999952316284
148,8.308333396911621
149,7.758333206176758
150,7.766666571299235
151,6.891666769981384
152,6.975000023841858
153,7.583333253860474
154,6.4066667556762695
155,6.799999872843425
156,7.506666469573974
157,8.539999961853027
158,8.160000133514405
159,6.833333373069763
160,7.3750001192092896
161,7.300000071525574
162,7.855555693308513
163,7.883333444595337
164,8.00000011920929
165,7.060000038146972
166,8.08000020980835
167,8.239999771118164
168,8.383333206176758
169,8.483333349227905
170,8.308333396911621
171,8.525000095367432
172,7.433333396911621
173,6.9866667747497555
174,8.53333330154419
175,8.275000095367432
176,8.375
177,7.5
178,8.825000047683716
179,8.633333444595337
180,8.633333444595337
181,8.825000047683716
182,8.883333365122477
183,9.2
184,9.024999856948853
185,8.533333778381348
186,8.383333206176758
187,9.09166669845581
188,8.566666841506958
189,9.125
190,8.650000095367432
191,8.811111132303873
192,9.100000143051147
193,8.883333444595337
194,8.906666946411132
195,9.00666675567627
196,8.941666603088379
197,9.083333253860474
198,6.626666641235351
199,8.855555534362793
200,8.333333333333334
201,7.5333331823349
202,8.911110877990723
203,7.449999928474426
204,7.6833332777023315
205,8.858333349227905
206,8.71666669845581
207,8.041666507720947
208,8.574999809265137
209,8.525000095367432
210,8.15833330154419
211,8.525000095367432
212,8.325000047683716
213,8.091666579246521
214,6.691666603088379
215,8.626666831970216
216,8.180000114440919
217,8.122222185134888
218,8.733333349227905
219,6.955555518468221
220,8.800000190734863
221,8.550000190734863
222,8.549999952316284
223,8.575000047683716
224,8.533333539962769
225,8.533333539962769
226,8.240000152587891
227,8.620000076293945
228,8.53333330154419
229,8.441666841506958
230,8.683333396911621
231,8.741666793823242
232,8.924999952316284
233,8.25
234,7.141666769981384
235,7.141666769981384
236,7.9750001430511475
237,7.088888804117839
238,8.816666841506958
239,8.808333396911621
240,8.208333492279053
241,7.6583333015441895
242,7.266666889190674
243,7.208333492279053
244,7.911111195882161
245,8.813333320617676
246,8.633333444595337
247,7.983333349227905
248,7.811111132303874
249,8.779999923706054
250,8.250000238418579
251,7.166666507720947
252,7.575000047683716
253,8.516666650772095
254,8.753333473205567
255,7.274999976158142
256,7.3166667222976685
257,7.699999809265137
258,8.753333282470702
259,8.666666507720947
260,9.308333158493042
261,8.688889185587565
262,8.174999952316284
263,8.799999952316284
264,8.799999952316284
265,8.8
266,8.53333339691162
267,9.233333015441895
268,9.153333282470703
269,8.766666793823243
270,7.7866668701171875
271,7.175000071525574
272,8.541666507720947
273,9.224999904632568
274,8.166666507720947
275,8.666666507720947
276,8.733333349227905
277,8.625
278,9.22499966621399
279,8.641666650772095
280,9.90833330154419
281,9.525000095367432
282,9.400000095367432
283,8.258333444595337
284,9.160000038146972
285,8.225000143051147
286,7.7166668176651
287,7.991666555404663
288,9.125000238418579
289,8.333333253860474
290,8.220000267028809
291,8.766666650772095
292,7.794444561004639
293,7.47777779897054
294,8.108333110809326
295,8.600000063578287
296,9.358333587646484
297,8.0583336353302
298,9.060000038146972
299,8.674999952316284
300,8.883333444595337
301,9.088888804117838
302,9.125
303,9.125
304,9.308333396911621
305,9.293333435058594
306,9.075000047683716
307,8.941666841506958
308,9.266666650772095
309,9.125
310,9.133332888285318
311,9.03333339691162
312,9.125000238418579
313,9.083333492279053
314,9
315,9.000000476837158
316,8.833333253860474
317,9.006666946411134
318,9.138888994852701
319,9.106666755676269
320,9.22499942779541
321,8.908333778381348
322,9.308332920074463
323,9.346666526794433
324,8.94444465637207
325,8.958333492279053
326,8.666666348775228
327,9.991666555404663
328,8.991666793823242
329,8.891667127609253
330,8.858333349227905
331,8.866666793823242
332,8.674999713897705
333,8.877778053283691
334,9.058333396911621
335,9.875000238418579
336,8.766666412353516
337,9.733333349227905
338,8.791666984558105
339,9.700000127156576
340,8.822221755981445
341,7.066666603088379
342,9.208333253860474
343,8.666666603088379
344,9.66111135482788
345,8.883333444595337
346,6.5333333015441895
347,8.883333444595337
348,8.924999952316284
349,8.739999961853027
350,8.97499966621399
351,9.083333492279053
352,6.9666666984558105
353,9.300000190734863
354,8.619999885559082
355,9.183333396911621
356,9.180000114440919
357,9.450000047683716
358,9.183333396911621
359,8
360,9.108333349227905
361,6.908333420753479
362,8.013333320617676
363,7.974999904632568
364,7.974999904632568
365,7.958333373069763
366,9.11333351135254
367,8.883333206176758
368,9.225000143051147
369,9.17222229639689
370,8.400000095367432
371,7.816666841506958
372,9.041666746139526
373,7.891666769981384
374,8.241666555404663
375,9.193333435058594
376,8.816666841506958
377,9.449999809265137
378,9.000000238418579
379,9.15000033378601
380,8.791666984558105
381,8.906666946411132
382,8.138889074325562
383,8.84166693687439
384,6.308333516120911
385,8.250000238418579
386,8.7866668701171875
387,8.900000190734863
388,7.233333587646484
389,8.860000038146973
390,7.125
391,7.144444545110066
392,8.888889153798422
393,8.926666831970214
394,7
395,9.083333492279053
396,9.125
397,6.933333317438762
398,6.816666841506958
399,9.158333539962769
400,8.53333330154419
401,9.153333473205567
402,9.175000190734863
403,9.074999809265137
404,6.024999976158142
405,6.8466668128967285
406,9.11333351135254
407,9.219999885559082
408,8.950000286102295
409,9.133333444595337
410,6.066666603088379
411,9.366666475931803
412,8.00000011920929
413,9.316666603088379
414,8.140000152587891
415,9.274999856948853
416,8.425000190734863
417,9.124999761581421
418,9.199999809265137
419,8.133333444595337
420,8.6916663646698
421,7.116666555404663
422,5.944444497426351
423,6.926666641235352
424,8.979999923706055
425,8.950000047683716
426,8.816666603088379
427,8.8166663646698
428,7.0333333015441895
429,8.88666648864746
430,7.026666736602783
431,6.886666774749756
432,7.2166668176651
433,6.69333324432373
434,8.325000047683716
435,6.8083332777023315
436,8.558333396911621
437,7.3416668176651
438,9
439,7.1916667222976685
440,8.46666693687439
441,8.533333539962769
442,7.286666774749756
443,7.891666889190674
444,6.8416668176651
445,9.191666603088379
446,7.108333230018616
447,7.475000023841858
448,8.458333492279053
449,7.291666746139526
450,6.483333349227905
451,7.139999961853027
452,5.900000095367432
453,7.3166667222976685
454,7.391666769981384
455,6.960000038146973
456,8.958333492279053
457,8.950000047683716
458,8.566666603088379
459,8.808333158493042
460,8.583333253860474
461,6.866666793823242
462,8.788888772328695
463,8.816666603088379
464,5.258333444595337
465,7.275000214576721
466,7.2833335399627686
467,7.266666889190674
468,8.075000047683716
469,7.2583335638046265
470,7.266666889190674
471,7.325000166893005
472,5.983333349227905
473,7.325000166893005
474,7.016666769981384
475,6.333333134651184
476,8.008333325386047
477,8.21333351135254
478,7.008333444595337
479,6.588888804117839
480,6.388888994852702
481,6.9750001430511475
482,8.113333320617675
483,8.386666870117187
484,8.483333587646484
485,5.766666507720947
486,7.9083333015441895
487,8.533333539962769
488,8.253333377838135
489,6.4666666984558105
490,7.3166667222976685
491,5.849999904632568
492,7.483333349227905
493,8.18333387374878
494,5.313333511352539
495,6.25
496,5.699999809265137
497,8.174999952316284
498,8.072222232818604
499,7.6499998569488525
500,6.400000095367432
501,7.213333415985107
502,7.933333396911621
503,7.206666660308838
504,5.816666603088379
505,6.583333253860474
506,5.686666488647461
507,7.883333444595337
508,5.266666769981384
509,7.683333396911621
510,7.883333444595337
511,7.825000166893005
512,6.333333492279053
513,6.3416668176651
514,6.3500001430511475
515,7.700000047683716
516,6.291666865348816
517,7.627777655919393
518,7.299999952316284
519,6.186666774749756
520,7.891666650772095
521,6.391666650772095
522,6.450000047683716
523,6.8
524,5.991666674613953
525,6.922222296396892
526,6.52222220102946
527,6.8416668176651
528,7.0666667222976685
529,6.593333339691162
530,6.800000190734863
531,6.900000095367432
532,6.8750001192092896
533,7.8166667222976685
534,7.333333492279053
535,5.546666622161865
536,6.083333253860474
537,6.083333253860474
538,7.566666603088379
539,7.149999976158142
540,6.280000114440918
541,6.2777778307596845
542,7.425000071525574
543,7.391666769981384
544,7.155555725097656
545,7.52222220102946
546,6.113333225250244
547,7.649999976158142
548,7.241666793823242
549,6.366666698455811
550,4.925000071525574
551,5.906666660308838
552,6.293333244323731
553,6.493333339691162
554,6.2499998807907104
555,6.600000023841858
556,5.8933333396911625
557,7.566666603088379
558,7.574999928474426
559,7.480000019073486
560,7.1916667222976685
561,9.355555852254232
562,7.3444444338480634
563,6.541666626930237
564,9.133333444595337
565,9.273333549499512
566,8.766666793823243
567,6.666666507720947
568,7.300000031789144
569,9.350000143051147
570,9.391666889190674
571,8.725000143051147
572,9.024999856948853
573,9.419999885559083
574,9.458333253860474
575,5.43333330154419
576,8.058333396911621
577,6.9666666984558105
578,5.316666603088379
579,5.599999904632568
580,9.450000047683716
581,9.441666603088379
582,5.1249998807907104
583,5.458333373069763
584,5.746666431427002
585,9.246666717529298
586,5.358333349227905
587,7.524999976158142
588,5.583333253860474
589,7.300000095367432
590,7.183333396911621
591,9.2133331298828125
592,5.633333206176758
593,8.208333253860474
594,6.888888835906982
595,5.72666654586792
596,7.96666685740153
597,7.991666674613953
598,7.516666769981384
599,7.475000023841858
600,5.2222221692403155
601,4.5583332777023315
602,6.166666793823242
603,7.541666626930237
604,9.25
605,7.833333492279053
606,6.200000047683716
607,9.71666693687439
608,9.366666793823242
609,8.049999952316284
610,7.733333428700765
611,9.850000143051147
612,9.03333330154419
613,10.140000152587891
614,8.000000095367431
615,5.616666555404663
616,7.4666666984558105
617,9.758333444595337
618,7.641666650772095
619,9.891666889190674
620,7.724999904632568
621,8.408333539962769
622,8.733333349227905
623,9.108333110809326
624,6.566666603088379
625,8.06666648387909
626,9.34166669845581
627,9.708333492279053
628,10.208333492279053
629,6.691666841506958
630,8.053333187103272
631,8.21666669845581
632,5.666666698455811
633,8.253333282470702
634,8.349999904632568
635,8.458333253860474
636,8.641666650772095
637,9.353333282470704
638,6.3222222328186035
639,7.641666769981384
640,8.941666841506958
641,9.050000190734863
642,5.300000071525574
643,8.366666555404663
644,7.6400001525878904
645,8.208333373069763
646,8.308333158493042
647,8.413333320617676
648,10.086666870117188
649,7.850000023841858
650,8.141666650772095
651,7.608333468437195
652,7.553333377838134
653,7.5916668176651
654,7.608333468437195
655,8.208333373069763
656,8.358333349227905
657,9.116666793823242
658,7.788888931274414
659,6.044444402058919
660,7.550000071525574
661,8.144444465637207
662,8.333333333333334
663,8.258333206176758
664,8.333333333333334
665,7.0583332777023315
666,6.1555555661519366
667,7.92666654586792
668,8.416666507720947
669,9.366666555404663
670,9.291666746139526
671,10.233333349227905
672,5.873333358764649
673,7.541666746139526
674,8.45333309173584
675,9.46666660308838
676,9.526666641235352
677,9.753333282470702
678,6.9333332777023315
679,8.625000238418579
680,7.049999952316284
681,7.308333396911621
682,7.366666793823242
683,8.241666555404663
684,8.65833330154419
685,9.5
686,9.5
687,8.5
688,9.433333396911621
689,5.894444465637207
690,7.279999923706055
691,8.193333435058594
692,8.575000047683716
693,8.694444338480631
694,9.153333282470703
695,7.774999976158142
696,7.850000023841858
697,7.891666650772095
698,6.399999976158142
699,7.416666746139526
700,8.575000047683716
701,9.926666641235352
702,7.833333253860474
703,7.577777862548828
704,8.693333435058594
705,8.433333396911621
706,8.491666793823242
707,7.241666793823242
708,7.47777779897054
709,7.140000057220459
710,8.691666603088379
711,8.819999694824219
712,10.04000015258789
713,6.3083332777023315
714,6.9999998807907104
715,7.125
716,7.475000023841858
717,7.458333373069763
718,7.3666666348775225
719,7.741666793823242
720,7.583333492279053
721,6.625
722,6.625
723,7.433333396911621
724,7.433333396911621
725,8.775000095367432
726,8.75
727,8.933333158493042
728,9.058333158493042
729,10.183333396911621
730,10.033333539962769
731,7.388888994852702
732,6.913333415985107
733,6.158333420753479
734,6.858333468437195
735,9.008333206176758
736,10.075000047683716
737,6.125
738,7.866666793823242
739,7.733333349227905
740,7.158333420753479
741,6.858333468437195
742,6.8750001192092896
743,9.208333253860474
744,10.183333396911621
745,6.7166666984558105
746,6.775000095367432
747,7
748,10.324999809265137
749,7.200000047683716
750,7.0000001192092896
751,7.400000095367432
752,7.1000001430511475
753,6.725000023841858
754,10.383333444595337
755,5.483333349227905
756,6.1
757,7.266666769981384
758,10.374999761581421
759,7.760000133514405
760,7.626666831970215
761,10.326666450500488
762,6.066666841506958
763,6.838888883590698
764,7.666666865348816
765,9.0666663646698
766,6.866666674613953
767,7.283333381017049
768,10.450000047683716
769,10.633333206176758
770,7
771,6.8199999809265135
772,8.858333110809326
773,8.72666664123535
774,6.80666675567627
775,6.9888888994852705
776,7.493333339691162
777,6.8416668176651
778,10.360000228881836
779,7.005555550257365
780,10.3083336353302
781,7.266666650772095
782,6.650000095367432
783,8.34166669845581
784,6.246666717529297
785,8.200000286102295
786,10.053333282470703
787,7.700000047683716
788,6.544444402058919
789,5.475000023841858
790,8.158333539962769
791,6.008333325386047
792,6.566666841506958
793,9.508333206176758
794,10.46666693687439
795,5.875
796,5.975000023841858
797,7.224999785423279
798,6.691666841506958
799,7.041666626930237
800,5.9666666984558105
801,6.591666579246521
802,6.800000071525574
803,7.893333435058594
804,6.706666564941406
805,5.433333396911621
806,7.483333110809326
807,6.116666674613953
808,6.116666674613953
809,7.6333333651224775
810,7.573333358764648
811,6.200000286102295
812,5.944444497426351
813,5.826666831970215
814,6.9333332777023315
815,5.958333373069763
816,6.233333349227905
817,6.233333349227905
818,6.0916666984558105
819,7.4083331823349
820,6.288888931274414
821,7.188888867696126
822,6.608333468437195
823,6.025000095367432
824,9.179999923706054
825,5.741666793823242
826,7.5
827,7.033333420753479
828,6.6916667222976685
829,5.3750001192092896
830,5.8416668176651
831,7.466666539510091
832,6.1499998569488525
833,6.608333349227905
834,5.7600000381469725
835,6.641666650772095
836,5.516666650772095
837,9.346666526794433
838,5.8500001430511475
839,6.922222296396892
840,10.174999952316284
841,6.719999980926514
842,7.024999976158142
843,6.016666730244954
844,9.975000381469727
845,5.599999904632568
846,6.7833333015441895
847,10.239999961853027
848,6.516666650772095
849,7.108333230018616
850,6.958333253860474
851,6.266666769981384
852,6.275000214576721
853,7.366666475931804
854,7.2833331823349
855,7.100000023841858
856,5.522222359975179
857,10.558333158493042
858,5.933333396911621
859,6.266666889190674
860,7.858333349227905
861,9.833333587646484
862,9.016666889190674
863,7.450000047683716
864,5.900000095367432
865,10.141666889190674
866,8.883333206176758
867,8.893333053588867
868,9.100000143051147
869,8.20666675567627
870,7.991666674613953
871,7.846666622161865
872,7.791666626930237
873,7.258333325386047
874,6.291666626930237
875,8.525000095367432
876,7.924999952316284
877,7.550000071525574
878,6.422222296396892
879,8.933333396911621
880,9.166666507720947
881,6.724999904632568
882,6.316666841506958
883,6.266666769981384
884,9.839999961853028
885,9.088888804117838
886,8.108333230018616
887,8.02222204208374
888,7.5333333015441895
889,7.233333349227905
890,6.949999928474426
891,6.833333333333333
892,9.775000095367432
893,9.558333396911621
894,9.299999952316284
895,8.700000190734864
896,8.724999904632568
897,9.019999885559082
898,9.099999904632568
899,7.993333148956299
900,7.125
901,8.5
902,8.658333539962769
903,8.741666793823242
904,9.006666564941407
905,9.833333015441895
906,9.766666650772095
907,8.516666650772095
908,8.391666650772095
909,8.71666669845581
910,8.744444211324057
911,9.099999904632568
912,7.324999928474426
913,6.433333396911621
914,8.46666669845581
915,8.708333492279053
916,8.96666660308838
917,8.853333282470704
918,8.949999809265137
919,9.005555629730225
920,9.016666889190674
921,9.033333206176758
922,8.194444179534912
923,6.883333285649617
924,6.700000047683716
925,6.5333333015441895
926,9.926666641235352
927,8.875
928,9.066666793823241
929,9.03333339691162
930,8.941666603088379
931,9.644444147745768
932,7.416666626930237
933,6.700000047683716
934,5.583333373069763
935,6.4416667222976685
936,9.991666793823242
937,8.299999713897705
938,8.358333110809326
939,7.246666622161865
940,6.816666841506958
941,10.15000033378601
942,9.606666564941406
943,8.40833306312561
944,6.958333373069763
945,5.913333415985107
946,6.733333468437195
947,9.591666460037231
948,9.366666793823242
949,8.066666841506958
950,7.940000057220459
951,7.108333349227905
952,6.958333373069763
953,9.78333306312561
954,9.366666793823242
955,10.158333539962769
956,8.416666746139526
957,9.03333330154419
958,9.841666460037231
959,8.322222391764322
960,8.1833336353302
961,7.024999976158142
962,6.900000095367432
963,9.673333168029785
964,10.133333206176758
965,9.700000047683716
966,8.420000267028808
967,8.393333244323731
968,10.200000047683716
969,9.919999885559083
970,9.716666460037231
971,9.806666564941406
972,8.14666690826416
973,6.866666793823242
974,9.90666675567627
975,10.058333396911621
976,10.233333349227905
977,9.599999904632568
978,9.944444338480631
979,9.811110814412435
980,9.622222264607748
981,8.399999856948853
982,10.333333730697632
983,10.139999771118164
984,10.03333306312561
985,9.839999771118164
986,8.524999856948853
987,10.333333730697632
988,10.183333158493042
989,5.866666793823242
990,8.933333237965902
991,8.425000190734863
992,8.75
993,10.266666889190674
994,7.153333282470703
995,7.008333325386047
996,6.933333396911621
997,9.524999856948853
998,10.09333324432373
999,9.775000095367432
1000,9.933333158493042
1001,8.933333396911621
1002,7.2833333015441895
1003,8.549999952316284
1004,9.983333110809326
1005,9.916666507720947
1006,8.740000152587891
1007,7.006666660308838
1008,6.425000071525574
1009,9.924999952316284
1010,8.053333282470703
1011,9.733333110809326
1012,9.600000143051147
1013,9.691666841506958
1014,7.216666579246521
1015,8.799999952316284
1016,9.983333110809326
1017,8.658333539962769
1018,9.900000095367432
1019,8.441666841506958
1020,9.733333269755045
1021,9.641666650772095
1022,7.783333420753479
1023,8.725000143051147
1024,10.200000286102295
1025,10.466666460037231
1026,8.041666746139526
1027,9.600000143051147
1028,9.600000143051147
1029,9.486666488647462
1030,9.299999713897705
1031,7.941666603088379
1032,9.61333351135254
1033,7.241666674613953
1034,8.008333563804626
1035,8.90666675567627
1036,9.526666641235352
1037,6.9866667747497555
1038,8.913333320617676
1039,8.813333320617676
1040,9.29333324432373
1041,9.326666641235352
1042,9.049999952316284
1043,10.473333168029786
1044,8.688888867696127
1045,9.191666603088379
1046,7.366666793823242
1047,6.700000047683716
1048,7.391666650772095
1049,7.413333320617676
1050,7.166666698455811
1051,9.099999904632568
1052,10.066666841506958
1053,8.933333158493042
1054,7.866666674613953
1055,7.366666793823242
1056,7.0916666984558105
1057,7.299999952316284
1058,9.099999904632568
1059,10.449999809265137
1060,8.966666460037231
1061,8.308333158493042
1062,7.1916667222976685
1063,9.96666669845581
1064,7.579999923706055
1065,8.153333187103271
1066,6.839999866485596
1067,6.4333332777023315
1068,9.049999713897705
1069,8.233333110809326
1070,7.666666746139526
1071,7.191666603088379
1072,6.8416666984558105
1073,7.575000047683716
1074,7.046666622161865
1075,6.6777777671813965
1076,7.591666579246521
1077,9.258333206176758
1078,10.049999872843424
1079,10.09166669845581
1080,7.2833335399627686
1081,6.7600000381469725
1082,7.424999952316284
1083,9.106666564941406
1084,10.016666412353516
1085,7.4555557568868
1086,8.141666650772095
1087,7.316666841506958
1088,7.460000038146973
1089,7.920000171661377
1090,8.399999856948853
1091,7.691666603088379
1092,7.708333253860474
1093,7.566666603088379
1094,10.400000095367432
1095,6.708333253860474
1096,6.458333253860474
1097,7.4266668319702145
1098,7.526666736602783
1099,6.625
1100,7.544444561004639
1101,10.650000095367432
1102,10.700000047683716
1103,7.666666746139526
1104,7.616666674613953
1105,7.241666674613953
1106,7.59166693687439
1107,10.400000095367432
1108,10.799999952316284
1109,7.833333492279053
1110,7.391666769981384
1111,10.555555661519369
1112,7.8500001430511475
1113,7.483333349227905
1114,7.141666650772095
1115,7.816666603088379
1116,7.899999737739563
1117,7.899999737739563
1118,7.675000071525574
1119,7.080000114440918
1120,7.3
1121,7.191666603088379
1122,10.833333015441895
1123,7.333333492279053
1124,7.741666793823242
1125,7
1126,10.633333206176758
1127,10.766666603088378
1128,8.316666603088379
1129,7.641666650772095
1130,10.753333282470702
1131,10.713333129882813
1132,8.28333330154419
1133,7.224999904632568
1134,7.641666650772095
1135,7.641666650772095
1136,10.758333206176758
1137,10.616666793823242
1138,7.050000071525574
1139,8.566666603088379
1140,7.316666603088379
1141,7.458333134651184
1142,10.311111132303873
1143,6.844444592793782
1144,6.8750001192092896
1145,7.1583333015441895
1146,7.519999980926514
1147,7.5222221215566
1148,10.933333158493042
1149,6.7583335638046265
1150,6.8750001192092896
1151,7.526666641235352
1152,10.766666793823243
1153,7.5
1154,7.866666555404663
1155,6.6249998807907104
1156,10.733333587646484
1157,7.25
1158,7.77222204208374
1159,11.316666603088379
1160,7.773333168029785
1161,11.28333330154419
1162,11.133333444595337
1163,10.950000286102295
1164,9.299999952316284
1165,6.774999976158142
1166,7.766666650772095
1167,11.849999904632568
1168,7.726666641235352
1169,9.358333349227905
1170,7.016666769981384
1171,6.450000047683716
1172,8.016666769981384
1173,11.522222201029459
1174,10.858333110809326
1175,6.800000190734863
1176,6.8750001192092896
1177,7.825000047683716
1178,8.375
1179,10.933333396911621
1180,6.953333377838135
1181,7.3749998807907104
1182,11.641666650772095
1183,10.75
1184,10.75
1185,9.275000095367432
1186,7.6249998807907104
1187,10.666666746139526
1188,11.25
1189,11.293333435058594
1190,11.47499966621399
1191,11.526666641235352
1192,11.64666690826416
1193,10.741666793823242
1194,10.566666841506958
1195,11.03333330154419
1196,6.725000023841858
1197,6.858333468437195
1198,7.449999928474426
1199,8.791666746139526
1200,10.791666507720947
1201,8.125
1202,7.924999952316284
1203,10.759999847412109
1204,7.991666674613953
1205,7.558333396911621
1206,8
1207,7.933333396911621
1208,7.8750001192092896
1209,7.4666666984558105
1210,10.733333349227905
1211,10.858333349227905
1212,7.773333358764648
1213,7.858333468437195
1214,7.883333444595337
1215,7.141666650772095
1216,7.791666865348816
1217,7.183333396911621
1218,8.06666669845581
1219,7.741666913032532
1220,7.224999904632568
1221,7.822222073872884
1222,7.5333333015441895
1223,7.991666793823242
1224,7.7250001430511475
1225,9.641666650772095
1226,6.258333325386047
1227,7.733333468437195
1228,7.658333420753479
1229,7.866666793823242
1230,7.866666793823242
1231,7.773333549499512
1232,7.07333345413208
1233,7.3500001430511475
1234,7.366666793823242
1235,7.622222105662028
1236,7.3466668128967285
1237,7.646666526794434
1238,7.800000190734863
1239,7.279999923706055
1240,10.625
1241,7.458333373069763
1242,7.899999904632568
1243,7.625
1244,10.683333396911621
1245,7.200000047683716
1246,7.425000071525574
1247,7.449999928474426
1248,10.84166693687439
1249,7.8416664600372314
1250,7.2749998569488525
1251,10.125
1252,6.783333420753479
1253,6.519999980926514
1254,7.475000023841858
1255,8.846666526794433
1256,8.633333206176758
1257,7.259999942779541
1258,8.866666555404663
1259,10.760000228881836
1260,10.766666889190674
1261,7.083333253860474
1262,7.399999976158142
1263,8.19166648387909
1264,8.008333325386047
1265,6.816666603088379
1266,10.46666669845581
1267,10.641666650772095
1268,8.419999885559083
1269,10.626666641235351
1270,6.853333282470703
1271,10.450000047683716
1272,10.516666650772095
1273,10.775000095367432
1274,8.041666626930237
1275,10.926666831970214
1276,7.122222264607747
1277,8.511111577351889
1278,7
1279,7.699999928474426
1280,8.641666889190674
1281,7.4083333015441895
1282,7.506666660308838
1283,7.5583332777023315
1284,8.866666555404663
1285,8.641666889190674
1286,7.450000047683716
1287,7.43333330154419
1288,7.366666698455811
1289,8.339999866485595
1290,7.186666679382324
1291,7.3833333651224775
1292,8.733333110809326
1293,8.799999952316284
1294,6.766666531562805
1295,7.872222185134888
1296,6.766666531562805
1297,8.379999923706055
1298,7.1555555661519366
1299,6.749999761581421
1300,6.7833331823349
1301,7.541666626930237
1302,7.258333444595337
1303,8.141666650772095
1304,7.266666603088379
1305,6.349999904632568
1306,7.291666865348816
1307,7.200000127156575
1308,7.416666746139526
1309,6.900000095367432
1310,7.9666666984558105
1311,6.616666793823242
1312,6.888888994852702
1313,10.333333174387613
1314,7.275000095367432
1315,7.333333492279053
1316,7.366666793823242
1317,7.377777894337972
1318,7.475000023841858
1319,7.475000023841858
1320,7.494444449742635
1321,8.677777926127115
1322,7.049999952316284
1323,8.96666669845581
1324,9
1325,8.258333444595337
1326,7.424999952316284
1327,9.800000190734863
1328,9.875
1329,7.961111148198445
1330,7.280000114440918
1331,7.826666736602784
1332,8.850000143051147
1333,8.575000047683716
1334,8.666666507720947
1335,9.191666603088379
1336,7.608333230018616
1337,8.65833330154419
1338,8.03333338101705
1339,7.925000071525574
1340,9.473333168029786
1341,8.7866668701171875
1342,7.366666674613953
1343,8.808333396911621
1344,7.308333396911621
1345,10.450000047683716
1346,8.853333282470704
1347,9.120000076293945
1348,9.316666841506958
1349,10.346666717529297
1350,10.550000190734863
1351,7.27222220102946
1352,9.453333473205566
1353,10.360000038146973
1354,10.422222137451172
1355,10.550000190734863
1356,8.716666460037231
1357,8.799999952316284
1358,9.724999904632568
1359,7.958333253860474
1360,7.7777778307596845
1361,8.24000005722046
1362,9.846666717529297
1363,10.816666603088379
1364,8.883333444595337
1365,10.458333253860474
1366,9.333333253860474
1367,7.9083331823349
1368,7.491666674613953
1369,6.383333206176758
1370,8.066666793823241
1371,7.026666736602783
1372,5.993333339691162
1373,9.141666650772095
1374,8.066666603088379
1375,7.375
1376,8.199999928474426
1377,7.927777846654256
1378,7.8416666984558105
1379,7.458333373069763
1380,7.458333373069763
1381,8.225000143051147
1382,7.8416666984558105
1383,7.483333468437195
1384,8.508333444595337
1385,11.083333253860474
1386,7.426666736602783
1387,7.553333473205567
1388,8.90833330154419
1389,10.13333339691162
1390,10.233333428700766
1391,8.666666746139526
1392,10.873333549499511
1393,8.558333396911621
1394,9.583333253860474
1395,8.96666669845581
1396,8.30666675567627
1397,8.308333158493042
1398,8.933333396911621
1399,9.616666555404663
1400,9.950000047683716
1401,10.111111323038736
1402,10.111111323038736
1403,7.991666674613953
1404,10.855555852254232
1405,10.883333444595337
1406,7.520000076293945
1407,9.000000238418579
1408,8.950000047683716
1409,8.208333253860474
1410,10.96666669845581
1411,8.71666693687439
1412,7.941666603088379
1413,7.641666769981384
1414,8.466666793823242
1415,9.816666603088379
1416,8.640000152587891
1417,11.016666650772095
1418,8.666666666666666
1419,9.191667079925537
1420,9.575000047683716
1421,9.308333158493042
1422,11.125
1423,8.96666669845581
1424,9.14666690826416
1425,9.719999885559082
1426,11.313333129882812
1427,11.120000076293945
1428,7.7
1429,8.200000190734864
1430,8.46666693687439
1431,7.466666507720947
1432,6.533333396911621
1433,11.00666675567627
1434,9.558333158493042
1435,9.099999904632568
1436,9.099999904632568
1437,11.322221755981445
1438,7.388888835906982
1439,8.283333539962769
1440,8.483333349227905
1441,9.066666841506958
1442,8.158333539962769
1443,8.549999952316284
1444,8.950000047683716
1445,8.950000047683716
1446,8.099999904632568
1447,7.8749998807907104
1448,6.825000047683716
1449,8.358333349227905
1450,9.166666507720947
1451,8.633333444595337
1452,8.325000047683716
1453,9.033332824707031
1454,11.166666507720947
1455,11.300000190734863
1456,8.608333349227905
1457,8.316666603088379
1458,7.286666584014893
1459,8.991666793823242
1460,11.65833330154419
1461,11.586666488647461
1462,6.291666746139526
1463,8.649999856948853
1464,8.099999904632568
1465,11.65833330154419
1466,7.775000095367432
1467,7.983333349227905
1468,8.599999904632568
1469,8.575000047683716
1470,8.991666793823242
1471,11.574999809265137
1472,8.616666555404663
1473,8.649999856948853
1474,8.749999761581421
1475,8.641666412353516
1476,8.700000047683716
1477,9.025000095367432
1478,11.633333444595337
1479,7.616666793823242
1480,8.679999732971192
1481,8.625
1482,8.625
1483,7.941666841506958
1484,8.350000143051147
1485,8.553333282470703
1486,8.366666793823242
1487,7.80666675567627
1488,8.122222264607748
1489,8.811111132303873
1490,8.749999761581421
1491,6.800000031789144
1492,11.350000143051147
1493,8.299999713897705
1494,8.558333158493042
1495,8.433333158493042
1496,8.25
1497,8.349999904632568
1498,8.324999809265137
1499,8.625000238418579
1500,8.691666841506958
1501,6.899999976158142
1502,11.575000047683716
1503,8.308333158493042
1504,8.308333158493042
1505,8.233333110809326
1506,10.791666746139526
1507,8.155555407206217
1508,8.191666841506958
1509,7.324999928474426
1510,11.555555661519369
1511,7.625000238418579
1512,8.21666669845581
1513,7.93333330154419
1514,7.019999980926514
1515,8.175000190734863
1516,8.116666674613953
1517,7.458333253860474
1518,6.7833333015441895
1519,9.71666669845581
1520,8.066666722297668
1521,8.400000095367432
1522,8.344444592793783
1523,6.283333420753479
1524,6.0916666984558105
1525,8.200000047683716
1526,8.241666793823242
1527,8.21666669845581
1528,10.84166693687439
1529,7.993333244323731
1530,8.183333396911621
1531,5.933333396911621
1532,6.461111227671306
1533,7.673333358764649
1534,7.883333206176758
1535,7.891666412353516
1536,8.199999809265137
1537,8.177777608235678
1538,8.173333358764648
1539,8.150000095367432
1540,6.433333396911621
1541,7.841666579246521
1542,7.791666388511658
1543,8.133333444595337
1544,7.9266668319702145
1545,7.766666769981384
1546,6.183333396911621
1547,7.841666579246521
1548,7.753333187103271
1549,7.616666793823242
1550,7.766666531562805
1551,8.125
1552,7.983333587646484
1553,7.5333335399627686
1554,6.883333325386047
1555,7.891666769981384
1556,7.258333206176758
1557,6.883333325386047
1558,7.800000095367432
1559,7.600000023841858
1560,7.791666746139526
1561,7.741666674613953
1562,7.600000023841858
1563,7.9083335399627686
1564,7.458333492279053
1565,7.183333158493042
1566,7.600000063578288
1567,7.673333549499512
1568,7.583333373069763
1569,7.700000286102295
1570,7.422222296396892
1571,7.541666865348816
1572,7.160000038146973
1573,7.420000076293945
1574,7.266666571299235
1575,7.425000071525574
1576,7.133333206176758
1577,7
1578,6.6583333015441895
1579,9.416666746139526
1580,6.961111148198445
1581,6.853333473205566
1582,6.991666674613953
1583,6.43333330154419
1584,6.5083335638046265
1585,6.37333345413208
1586,6.233333468437195
1587,6.175000071525574
1588,6.491666674613953
1589,5.6583331823349
1590,5.526666641235352
1591,6.786666774749756
1592,6.725000023841858
1593,7.208333373069763
1594,5.555555502573649
1595,5.8416666984558105
1596,5.600000063578288
1597,9.899999936421713
1598,5.350000262260437
1599,6.044444402058919
1600,5.725000023841858
1601,9.666666603088379
1602,9.491666793823242
1603,5.393333435058594
1604,9.525000095367432
1605,9.5
1606,9.59166669845581
1607,6.008333325386047
1608,10.166666507720947
1609,4.925000071525574
1610,9.53333330154419
1611,9.5
1612,9.333333253860474
1613,9.641666650772095
1614,6.083333253860474
1615,6.044444402058919
1616,5.566666603088379
1617,5.666666626930237
1618,9.399999856948853
1619,5.4666666984558105
1620,5.616666555404663
1621,6.083333253860474
1622,5.583333253860474
1623,6.041666746139526
1624,8.833333396911621
1625,4.833333492279053
1626,6.1583331823349
1627,6.1583331823349
1628,5.133333206176758
1629,5.066666841506958
1630,5.980000019073486
1631,5.8500001430511475
1632,5.733333428700765
1633,4.958333373069763
1634,6.166666626930237
1635,5.900000095367432
1636,5.900000095367432
1637,5.0333333015441895
1638,7.922222216924031
1639,4.666666746139526
1640,11.28333330154419
1641,6.249999761581421
1642,5.066666603088379
1643,6.05999984741211
1644,6.041666626930237
1645,4.659999942779541
1646,11.191666841506958
1647,6.008333325386047
1648,5.366666555404663
1649,5.333333412806193
1650,5.413333225250244
1651,10.900000095367432
1652,4.555555502573649
1653,10.758333206176758
1654,5.2833335399627686
1655,10.958333492279053
1656,11.066666603088379
1657,6.116666555404663
1658,6.119999885559082
1659,9.825000047683716
1660,6
1661,5.241666674613953
1662,6.1249998807907104
1663,11.708333492279053
1664,12.206666946411133
1665,12.391666650772095
1666,12.641666650772095
1667,5.480000019073486
1668,12.583333253860474
1669,12.716666460037231
1670,5.3416666984558105
1671,12.708333253860474
1672,9.049999713897705
1673,5.116666555404663
1674,5.366666793823242
1675,12.825000047683716
1676,13.333333253860474
1677,9.3166663646698
1678,12.28333330154419
1679,5.400000095367432
1680,5.425000071525574
1681,13.258333206176758
1682,13.022222201029459
1683,11.022222518920898
1684,5.393333435058594
1685,5.480000019073486
1686,5.453333377838135
1687,12.613333320617675
1688,13.483333110809326
1689,13.483333110809326
1690,5.391666769981384
1691,5.5333333015441895
1692,12.066666603088379
1693,13.191666603088379
1694,12.25
1695,12.433333396911621
1696,12.933333396911621
1697,13.741666793823242
1698,13.399999856948853
1699,13.241666555404663
1700,13.266666603088378
1701,13.920000076293945
1702,13.358333349227905
1703,13.633333444595337
1704,5.074999928474426
1705,12.275000095367432
1706,13.283333539962769
1707,13.866666793823242
1708,14.083333492279053
1709,13.491666793823242
1710,10.866666555404663
1711,14.291666746139526
1712,13.1
1713,5.008333444595337
1714,13.608333349227905
1715,13.816666841506958
1716,10.46666685740153
1717,13.058333396911621
1718,13.583333253860474
1719,13.866667032241821
1720,12.266666889190674
1721,12.175000190734863
1722,13.600000143051147
1723,14.133333206176758
1724,12.450000286102295
1725,4.622222105662028
1726,13.541666507720947
1727,13.508333444595337
1728,13.49333324432373
1729,13.525000095367432
1730,13.616666793823242
1731,13.499999761581421
1732,13.449999809265137
1733,13.46666669845581
1734,13.808333396911621
1735,13.508333206176758
1736,13.483333349227905
1737,13.341666460037231
1738,12.766666889190674
1739,11.200000047683716
1740,13.291666746139526
1741,13.483333349227905
1742,13.59166669845581
1743,13.599999904632568
1744,14.191666603088379
1745,13.516666889190674
1746,13.733333206176757
1747,14.191666841506958
1748,14.316666603088379
1749,14.191666603088379
1750,13.825000047683716
1751,13.758333444595337
1752,10.049999952316284
1753,13.791666507720947
1754,14.008333206176758
1755,14.091666460037231
1756,14.225000143051147
1757,14.225000143051147
1758,10.233333349227905
1759,14.333333651224772
1760,13.566666603088379
1761,14.333333492279053
1762,6.1833332777023315
1763,14.313333511352539
1764,6.146666717529297
1765,13.766666650772095
1766,14.299999952316284
1767,14.34166693687439
1768,10.53333330154419
1769,13.386666679382325
1770,13.666666603088379
1771,14.313333320617676
1772,6.241666674613953
1773,6.02222220102946
1774,13.766666412353516
1775,13.0583336353302
1776,6.046666622161865
1777,6.0333333015441895
1778,6.022222280502319
1779,5.983333349227905
1780,12.475000143051147
1781,6.024999976158142
1782,12.853333473205566
1783,14.166666793823243
1784,13.350000143051147
1785,11.71666693687439
1786,11.583333492279053
1787,11.477777798970541
1788,11.708333492279053
1789,6.033333420753479
1790,5.7166668176651
1791,5.591666579246521
1792,5.760000133514405
1793,5.02222220102946
1794,5.840000152587891
1795,6.011111259460449
1796,5.8750001192092896
1797,5.7500001192092896
1798,13.46666669845581
1799,5.0583332777023315
1800,5.940000057220459
1801,5.566666603088379
1802,6.008333325386047
1803,5.733333468437195
1804,5.774999976158142
1805,5.791666746139526
1806,5.958333373069763
1807,5.766666769981384
1808,5.825000166893005
1809,5.783333420753479
1810,11.583333174387613
1811,13.008333444595337
1812,13.008333444595337
1813,10.400000095367432
1814,13.183333396911621
1815,4.683333158493042
1816,5.149999976158142
1817,5.575000047683716
1818,5.550000071525574
1819,12.03333330154419
1820,12.116666475931803
1821,12.72666664123535
1822,4.753333187103271
1823,4.619999885559082
1824,12.099999904632568
1825,12.133333206176758
1826,3.51666659116745
1827,12.541666746139526
1828,4.827777703603108
1829,13.108333110809326
1830,4.5333333015441895
1831,12.873333358764649
1832,12.891666650772095
1833,13.600000143051147
1834,13.34166669845581
1835,13.766666889190674
1836,13.566666603088379
1837,11.741666555404663
1838,14.15833330154419
1839,13.558333396911621
1840,4.383333086967468
1841,12.066666603088379
1842,12.5
1843,11.683333396911621
1844,11.713333129882813
1845,14.300000190734863
1846,11.266666412353516
1847,4.741666793823242
1848,11.108333110809326
1849,15.849999904632568
1850,5.125
1851,13.549999952316284
1852,13.860000038146973
1853,13.424999952316284
1854,12.127778053283691
1855,12.166666746139526
1856,12.349999904632568
1857,12.366666793823242
1858,14.333333015441895
1859,14.541666746139526
1860,14.541666746139526
1861,14.6916663646698
1862,12.516666650772095
1863,12.420000076293945
1864,14.106666755676269
1865,14.791666746139526
1866,12.700000286102295
1867,14.858333349227905
1868,13.116666793823242
1869,14.724999904632568
1870,14.583333730697632
1871,14.583333730697632
1872,4.866666793823242
1873,14.44666690826416
1874,14.986666870117187
1875,14.480000114440918
1876,13.173333358764648
1877,4.8166667222976685
1878,14.34166693687439
1879,14.322222391764322
1880,14.366667111714682
1881,12.960000038146973
1882,12.90666675567627
1883,14.741666555404663
1884,13.350000143051147
1885,14.15833330154419
1886,14.173333358764648
1887,11.441666603088379
1888,11.708333015441895
1889,14.422221978505453
1890,13.291666746139526
1891,11.366666475931803
1892,13.858333349227905
1893,13.625
1894,10.313333320617676
1895,13.875
1896,13.266666650772095
1897,13.758333683013916
1898,5.333333253860474
1899,13.90000033378601
1900,13.708333253860474
1901,13.45999984741211
1902,13.77333335876465
1903,13.899999856948853
1904,13.466666460037231
1905,9.208333015441895
1906,13.483333349227905
1907,13.633332967758179
1908,13.606666564941406
1909,13.641666412353516
1910,7.366666793823242
1911,7.375
1912,7.308333516120911
1913,12.083333015441895
1914,12.091666460037231
1915,12.383333444595337
1916,12.34000015258789
1917,12.466666221618652
1918,14.516666650772095
1919,14.491666793823242
1920,14.59333324432373
1921,14.393333625793456
1922,14.633333444595337
1923,13.950000286102295
1924,12.774999618530273
1925,14.516666889190674
1926,14.416666746139526
1927,12.091666460037231
1928,12.208333015441895
1929,13.791666984558105
1930,14.125
1931,7.850000023841858
1932,8.199999809265137
1933,12.700000047683716
1934,12.933333158493042
1935,12.044444561004639
1936,12.125000238418579
1937,12.958333492279053
1938,12.791666746139526
1939,7.258333086967468
1940,12.0583336353302
1941,5.6583331823349
1942,5.494444449742635
1943,6.779999923706055
1944,5.649999976158142
1945,8.449999809265137
1946,6.116666555404663
1947,8.244444529215494
1948,6.200000127156575
1949,5.911111195882161
1950,7.7166668176651
1951,11.433333396911621
1952,11.433333396911621
1953,7
1954,5.2833335399627686
1955,4.658333420753479
1956,5.25
1957,5.25
1958,11.811110814412435
1959,5.0583332777023315
1960,11.608333110809326
1961,4.708333373069763
1962,14.691666603088379
1963,14.633333524068197
1964,14.549999952316284
1965,14.549999952316284
1966,14.766666889190674
1967,15.0583336353302
1968,15.241666316986084
1969,14.108333349227905
1970,14.15833330154419
1971,15.358333349227905
1972,4.475000023841858
1973,14.241666793823242
1974,15.233333349227905
1975,14.713333320617675
1976,6.9083333015441895
1977,14.111111005147299
1978,14.199999809265137
1979,15.311111132303873
1980,13.555555661519369
1981,14.341666460037231
1982,14.683333396911621
1983,15.09166669845581
1984,14.555555979410807
1985,11.541666746139526
1986,13.40833330154419
1987,14.808333396911621
1988,14.633333444595337
1989,13.538888931274414
1990,14.65833330154419
1991,13.40833330154419
1992,15.033333539962769
1993,14.608333349227905
1994,14.03333330154419
1995,14.86666660308838
1996,14.5
1997,14.458333253860474
1998,14.883333206176758
1999,15.441666603088379
2000,5.455555438995361
2001,15.274999618530273
2002,15.65833330154419
2003,15.3166663646698
2004,15.720000076293946
2005,15.508333444595337
2006,15.653333473205567
2007,14.84166669845581
2008,13.8
2009,15.674999952316284
2010,15.893333435058594
2011,15.833333253860474
2012,15.54000015258789
2013,15.741666793823242
2014,15.75
2015,14.96666669845581
2016,15.625
2017,14.879999923706055
2018,15.300000190734863
2019,14.986666488647462
2020,14.46666660308838
2021,14.733332872390747
2022,15.283333539962769
2023,14.716666460037231
2024,14.644444147745768
2025,14.691666603088379
2026,15.141666650772095
2027,14.846666526794433
2028,14.926666450500488
2029,14.583333253860474
2030,14.383333444595337
2031,6.674999952316284
2032,14.791666746139526
2033,14.788888931274414
2034,15.200000047683716
2035,14.975000143051147
2036,15
2037,14.824999809265137
2038,14.958333253860474
2039,14.383333206176758
2040,14.824999809265137
2041,14.779999923706054
2042,5.8416666984558105
2043,5.9416667222976685
2044,14.733333349227905
2045,5.941666603088379
2046,14.216666460037231
2047,14
2048,5.983333230018616
2049,14
2050,6.293333244323731
2051,5.933333396911621
2052,5.683333396911621
2053,12.825000047683716
2054,12.774999856948853
2055,12.788888931274414
2056,11.483333349227905
2057,11.366666793823242
2058,4.8500001430511475
2059,11.241666793823242
2060,3.700000047683716
2061,4.758333325386047
2062,7.666666666666667
2063,10.766666412353516
2064,7.483333230018616
2065,10.941666603088379
2066,10.822222391764322
2067,10.90833330154419
2068,3.6133333683013915
2069,4.333333492279053
2070,6.253333473205567
2071,4.188889026641846
2072,7.466666579246521
2073,5.358333349227905
2074,4.325000166893005
2075,7.933333237965901
2076,6.446666622161866
2077,4.549999952316284
2078,4.4083333015441895
2079,4.283333420753479
2080,7.6555555661519366
2081,4.083333313465118
2082,4.933333396911621
2083,9.666666793823243
2084,6.059999942779541
2085,4.5
2086,5.0333333015441895
2087,5.324999928474426
2088,5.474999904632568
2089,5.466666579246521
2090,6.1583333015441895
2091,6.611111005147298
2092,6.6833332777023315
2093,6.708333373069763
2094,6.773333358764648
2095,6.833333373069763
2096,6.766666650772095
2097,6.758333206176758
2098,6.8083332777023315
2099,6.758333325386047
2100,6.766666531562805
2101,7.091666579246521
2102,7.049999952316284
2103,8.941666603088379
2104,6.858333349227905
2105,9.625000238418579
2106,9.580000114440917
2107,10.026666831970214
2108,9.622222582499186
2109,9.84166669845581
2110,8.53333339691162
2111,6.149999936421712
2112,6.008333325386047
2113,7
2114,3.5
2115,9.133333206176758
2116,9.126666450500489
2117,4.316666841506958
2118,9.639999771118164
2119,4.316666662693024
2120,9.258333444595337
2121,4.274999976158142
2122,7.716666579246521
2123,7.700000166893005
2124,8.658333539962769
2125,8.450000047683716
2126,8.59166669845581
2127,7.916666626930237
2128,8.579999923706055
2129,8.483333349227905
2130,4.8416666984558105
2131,7.599999904632568
2132,8.599999904632568
2133,8.816666603088379
2134,8.883333206176758
2135,3.9416666626930237
2136,8.799999952316284
2137,5.291666746139526
2138,5.366666674613953
2139,5.333333253860474
2140,5.341666579246521
2141,5.299999952316284
2142,3.8583333492279053
2143,5.191666603088379
2144,5.091666579246521
2145,5.358333349227905
2146,7.933333492279052
2147,7.89333324432373
2148,4.9416667222976685
2149,7.883333325386047
2150,8.5
2151,8.483333349227905
2152,8.316666603088379
2153,8.324999809265137
2154,8.46666669845581
2155,8.091666579246521
2156,9.750000238418579
2157,8.366666555404663
2158,8.65833330154419
2159,8.224999904632568
2160,8.041666626930237
2161,3.7777777512868247
2162,8.22666664123535
2163,8.616666793823242
2164,8.166666746139526
2165,8.1583331823349
2166,8.450000047683716
2167,7.574999928474426
2168,8.016666769981384
2169,7.97777779897054
2170,7.9416667222976685
2171,7.799999952316284
2172,8.433333396911621
2173,7.599999904632568
2174,9.200000047683716
2175,9.041666269302368
2176,8.725000143051147
2177,9.175000190734863
2178,9.325000047683716
2179,6.866666603088379
2180,9.386666679382325
2181,9.491666555404663
2182,9.266666412353516
2183,7.391666531562805
2184,9.641666412353516
2185,9.006666374206542
2186,9.3
2187,9.200000047683716
2188,8.950000047683716
2189,9.099999904632568
2190,8.573333358764648
2191,9.449999809265137
2192,9.625
2193,9.341666460037231
2194,8.241666555404663
2195,9.558333396911621
2196,7.583333253860474
2197,7.4533332824707035
2198,9.046666526794434
2199,9.541666507720947
2200,9.224999904632568
2201,4.033333253860474
2202,7.100000023841858
2203,7.580000019073486
2204,9.458333253860474
2205,5.711111068725586
2206,8.108333468437195
2207,8.691666603088379
2208,7.991666793823242
2209,8.240000247955322
2210,8.2166668176651
2211,6.350000023841858
2212,5.2833333015441895
2213,8.320000267028808
2214,7.150000214576721
2215,6.791666865348816
2216,6.674999952316284
2217,6.975000023841858
2218,6.125
2219,8.066666722297668
2220,7.441666841506958
2221,7.3416666984558105
2222,8.583333492279053
2223,7.3750001192092896
2224,8.877778053283691
2225,9.122222264607748
2226,7.575000166893005
2227,8.491666793823242
2228,9.008333444595337
2229,7.950000166893005
2230,7.622222264607747
2231,7.211111227671306
2232,6.6499998569488525
2233,7.883333444595337
2234,9.375000238418579
2235,7.4666668176651
2236,8.516666650772095
2237,7.349999904632568
2238,7.558333516120911
2239,9.426666641235352
2240,7.7833331823349
2241,8.526666831970214
2242,9.566666793823241
2243,9.520000076293945
2244,9.473333358764648
2245,9.28333330154419
2246,8.841666460037231
2247,9.600000063578287
2248,8.291666746139526
2249,8.5583336353302
2250,8.883333206176758
2251,9.744444529215494
2252,8.8083336353302
2253,8.883333206176758
2254,8.639999961853027
2255,9.350000143051147
2256,9.066666603088379
2257,6.5
2258,7.7999999046325685
2259,8.450000047683716
2260,7.733333230018616
2261,9.583333253860474
2262,7.616666555404663
2263,7.799999872843425
2264,6.799999872843425
2265,8.700000047683716
2266,8.858333110809326
2267,8.833333492279053
2268,8.349999904632568
2269,8.406666564941407
2270,7.461111148198445
2271,8.233333349227905
2272,8.40833330154419
2273,7.5333333015441895
2274,7.5
2275,7.650000095367432
2276,8.766666889190674
2277,8.516666650772095
2278,6.3416666984558105
2279,7.650000095367432
2280,8.650000095367432
2281,8.383333206176758
2282,7.833333373069763
2283,8.300000190734863
2284,9.158333539962769
2285,8.90833330154419
2286,7.8416666984558105
2287,7.706666660308838
2288,6.116666555404663
2289,8.616666793823242
2290,7.258333325386047
2291,7.258333325386047
2292,6.911110877990723
2293,10.25
2294,10.174999952316284
2295,6.641666531562805
2296,10.641666650772095
2297,10.816666841506958
2298,10.76111125946045
2299,10.866666793823242
2300,10.741666793823242
2301,8.675000071525574
2302,10.883333444595337
2303,10.5
2304,7.644444465637207
2305,7.724999904632568
2306,11.241666555404663
2307,8.191666841506958
2308,11.273333168029785
2309,7.844444592793782
2310,8.241666793823242
2311,10.991666793823242
2312,8.866666555404663
2313,8.491666793823242
2314,8.333333492279053
2315,8.175000071525574
2316,9.208333492279053
2317,11.424999952316284
2318,8.06666648387909
2319,9.21666669845581
2320,9.208333492279053
2321,8.191666722297668
2322,10.016666650772095
2323,10.266666650772095
2324,8.333333492279053
2325,9.066666841506958
2326,9.158333539962769
2327,10.599999904632568
2328,11.474999904632568
2329,8.40000025431315
2330,11.75333309173584
2331,11.649999618530273
2332,10.477777798970541
2333,8.71666693687439
2334,8.508333444595337
2335,7.919999885559082
2336,8.141666531562805
2337,8.200000166893005
2338,10.916666746139526
2339,7.9999998807907104
2340,8.958333492279053
2341,9.016666889190674
2342,8.566667079925537
2343,8.300000270207724
2344,11.093333435058593
2345,11.799999952316284
2346,8.544444719950357
2347,7.024999976158142
2348,7.383333325386047
2349,9.358333587646484
2350,10.383333444595337
2351,11.333333492279053
2352,11.59999974568685
2353,8.291666746139526
2354,8.51111125946045
2355,11.316666841506958
2356,11.566666841506958
2357,11.883333206176758
2358,8.54444440205892
2359,7.5666667222976685
2360,8.491666555404663
2361,8.633333444595337
2362,8.366666793823242
2363,7.541666626930237
2364,10.116666793823242
2365,11.193333625793457
2366,7.973333358764648
2367,8.733333349227905
2368,11.316666841506958
2369,7.875
2370,8.225000262260437
2371,11.255556106567383
2372,11.575000047683716
2373,7.833333333333333
2374,7.675000309944153
2375,11.766666650772095
2376,11.725000143051147
2377,11.5
2378,7.950000047683716
2379,6.875
2380,9.958333492279053
2381,11.53333330154419
2382,11.516666650772095
2383,11.791666507720947
2384,9.177777926127115
2385,11.088888804117838
2386,11.641666412353516
2387,7.4333332777023315
2388,7.391666650772095
2389,7.174999952316284
2390,11.673333168029785
2391,11.591666460037231
2392,11.766666793823243
2393,5.416666626930237
2394,5.016666650772095
2395,4.458333373069763
2396,9.108333587646484
2397,9.155555725097656
2398,7.7166666984558105
2399,11.866666793823242
2400,7.899999976158142
2401,7.600000023841858
2402,8.475000143051147
2403,6.108333468437195
2404,11.925000190734863
2405,11.925000190734863
2406,8
2407,11.925000190734863
2408,11.96666685740153
2409,11.983333587646484
2410,12
2411,8.516666650772095
2412,8.806666946411132
2413,8.90833330154419
2414,9.066666603088379
2415,11.633333444595337
2416,11.983333587646484
2417,11.991666793823242
2418,11.625
2419,8.383333206176758
2420,7.683333396911621
2421,7.344444592793782
2422,11.146666717529296
2423,11.28333330154419
2424,12.00666675567627
2425,8.391666650772095
2426,8.746666717529298
2427,8.516666650772095
2428,6.591666579246521
2429,11.224999904632568
2430,11.986666679382324
2431,10.583333492279053
2432,8.816666603088379
2433,7.538888931274414
2434,7.049999952316284
2435,10.413333320617676
2436,12
2437,11.90833330154419
2438,5.049999952316284
2439,10.733333587646484
2440,8.688889185587565
2441,8.191666722297668
2442,7.225000023841858
2443,10.916666746139526
2444,8.983333110809326
2445,9.291666746139526
2446,8.958333015441895
2447,7.188889026641846
2448,11.300000190734863
2449,12.024999618530273
2450,11.44444465637207
2451,9.233333349227905
2452,10.458333253860474
2453,11.473333358764648
2454,11.96666669845581
2455,9.291666746139526
2456,6.983333349227905
2457,10.28333330154419
2458,10.78333330154419
2459,11.375
2460,11.95333309173584
2461,12.041666507720947
2462,11.96666669845581
2463,9.366666793823242
2464,9.399999936421713
2465,7.5
2466,8.922222137451172
2467,10.891666650772095
2468,11.277777989705404
2469,12.041666507720947
2470,9.708333253860474
2471,9.708333492279053
2472,10.733333349227905
2473,11.016666650772095
2474,11.774999856948853
2475,11.958333253860474
2476,8.641666412353516
2477,10.566666841506958
2478,9.84166669845581
2479,11.016666650772095
2480,11.858333349227905
2481,8.325000047683716
2482,7.574999928474426
2483,7.574999928474426
2484,8.216666460037231
2485,10.600000143051147
2486,11.40833330154419
2487,11.933333396911621
2488,10.483333349227905
2489,10.208333253860474
2490,9.391666650772095
2491,9.644444465637207
2492,6.5111111005147295
2493,8.244444211324057
2494,10.888888676961264
2495,11.299999872843424
2496,11.699999809265137
2497,11.666666666666666
2498,11.78333330154419
2499,11.777777989705404
2500,11.833333015441895
2501,8.977778116861979
2502,9.516666650772095
2503,7.574999928474426
2504,10.916666507720947
2505,11.080000114440917
2506,11.550000190734863
2507,11.674999952316284
2508,11.675000190734863
2509,11.686666870117188
2510,11.808333396911621
2511,10.683333158493042
2512,10.766666650772095
2513,10.916666507720947
2514,11.125000238418579
2515,11.69333324432373
2516,11.680000114440919
2517,11.033333539962769
2518,9.066666603088379
2519,9.588888804117838
2520,9.53333330154419
2521,7.5583332777023315
2522,6.858333349227905
2523,10.974999904632568
2524,11.677777926127115
2525,11.422222137451172
2526,10.566666603088379
2527,10.100000063578287
2528,9.391666650772095
2529,9.188888867696127
2530,9.111111323038736
2531,9.0583336353302
2532,11.058333396911621
2533,10.908333539962769
2534,8.550000190734863
2535,7.275000095367432
2536,7.599999904632568
2537,10.099999904632568
2538,10.183333158493042
2539,11.633333524068197
2540,11.100000143051147
2541,10.094444592793783
2542,6.916666626930237
2543,7.5916666984558105
2544,6.8083332777023315
2545,9.633333444595337
2546,9.924999952316284
2547,11.475000143051147
2548,11.624999761581421
2549,11.300000190734863
2550,9.625
2551,10.108333110809326
2552,9.649999856948853
2553,11.475000143051147
2554,10.766666650772095
2555,9.583333253860474
2556,9.625
2557,9.733333349227905
2558,9.983333587646484
2559,11.133333206176758
2560,11.50000031789144
2561,11.566666603088379
2562,11.533333460489908
2563,10.850000143051147
2564,10.008333444595337
2565,9.853333473205566
2566,9.846666717529297
2567,9.846666717529297
2568,6.533333420753479
2569,11.425000190734863
2570,11.453333282470703
2571,11.09166669845581
2572,9.100000190734864
2573,10.808333158493042
2574,11.47499966621399
2575,11.316666841506958
2576,10.483333110809326
2577,10.274999856948853
2578,10.079999923706055
2579,11.34166693687439
2580,11.34166693687439
2581,11.508333444595337
2582,11.024999856948853
2583,10.241666555404663
2584,9.916666507720947
2585,9.700000047683716
2586,10.133333444595337
2587,10.491666555404663
2588,10.900000095367432
2589,11.333333492279053
2590,11.49999968210856
2591,11.516666650772095
2592,11.46666669845581
2593,11.424999952316284
2594,10.483333110809326
2595,10.191666603088379
2596,10.275000095367432
2597,10.149999856948853
2598,9.722222328186035
2599,9.583333492279053
2600,11.03333330154419
2601,8.166666825612387
2602,11.188888867696127
2603,11.355555534362793
2604,11.166666984558105
2605,10.03333314259847
2606,10.141666650772095
2607,10.458333253860474
2608,10.65833306312561
2609,6.675000071525574
2610,7.116666674613953
2611,8.833333492279053
2612,11.458333492279053
2613,10.333333492279053
2614,11.106666755676269
2615,11.326666831970215
2616,10.933333158493042
2617,10.90833306312561
2618,10.191666841506958
2619,11.141666889190674
2620,11.458333492279053
2621,10.3166663646698
2622,10.566666603088379
2623,10.575000047683716
2624,10.46666685740153
2625,10.441666841506958
2626,10.233333587646484
2627,10.877777735392252
2628,10.355555534362793
2629,10.383333206176758
2630,10.183332920074463
2631,10.366666793823242
2632,10.622221946716309
2633,10.683333158493042
2634,10.416666746139526
2635,10.233333587646484
2636,11.516666650772095
2637,11.541666746139526
2638,11.074999809265137
2639,6.741666674613953
2640,11.283333539962769
2641,10.53333330154419
2642,10.475000143051147
2643,11.908333539962769
2644,11.091666460037231
2645,6.811111052831014
2646,10.833333492279053
2647,10.924999952316284
2648,10.991666793823242
2649,11.308333396911621
2650,10.766666889190674
2651,11.941666841506958
2652,11.091666460037231
2653,11.21666693687439
2654,11.108333587646484
2655,10.799999952316284
2656,11.108333349227905
2657,11.708333015441895
2658,11.233333349227905
2659,6.655555407206218
2660,6.688888867696126
2661,10.98888905843099
2662,11.566666603088379
2663,11.588888804117838
2664,12.155555407206217
2665,11.666666746139526
2666,11.52500033378601
2667,11.475000143051147
2668,11.288889249165853
2669,7.383333325386047
2670,7.691666603088379
2671,10.674999952316284
2672,10.716666460037231
2673,10.716666460037231
2674,10.960000228881835
2675,11.016666650772095
2676,11.016666650772095
2677,11.008333444595337
2678,11.016666889190674
2679,11.041666746139526
2680,11.191666841506958
2681,11.541666746139526
2682,11.5
2683,12.266666412353516
2684,12.641666650772095
2685,12.333333015441895
2686,11.550000429153442
2687,11.44000015258789
2688,11.133333444595337
2689,7.780000019073486
2690,10.666666746139526
2691,10.674999952316284
2692,10.674999952316284
2693,10.716666460037231
2694,10.94000015258789
2695,10.958333492279053
2696,11.041666746139526
2697,11.541666746139526
2698,12.375000238418579
2699,12.366666316986084
2700,12.241666555404663
2701,12.208333015441895
2702,11.400000095367432
2703,10.98888874053955
2704,10.733333349227905
2705,11.722222328186035
2706,12.399999936421713
2707,12.316666603088379
2708,11.655555725097656
2709,11.208333253860474
2710,11.066666920979818
2711,10.941666603088379
2712,10.741666555404663
2713,12.333333253860474
2714,12.625
2715,12.791666269302368
2716,12.791666269302368
2717,12.616666316986084
2718,12.791666746139526
2719,12.349999904632568
2720,11.349999904632568
2721,11.358333349227905
2722,11.199999809265137
2723,10.916666746139526
2724,10.541666746139526
2725,11.408333539962769
2726,11.450000286102295
2727,11.566666603088379
2728,11.90833330154419
2729,12.774999856948853
2730,12.808332920074463
2731,12.59333324432373
2732,12.591666460037231
2733,11.339999961853028
2734,6.183333396911621
2735,10.941666603088379
2736,11.450000286102295
2737,11.5
2738,12.108333587646484
2739,12.150000095367432
2740,12.416666746139526
2741,11.999999761581421
2742,12.786666679382325
2743,12.724999904632568
2744,12.199999809265137
2745,11.34166669845581
2746,7.600000023841858
2747,8.888888676961264
2748,9.366666555404663
2749,11.026666641235352
2750,11.333333206176757
2751,11.420000076293945
2752,12.233333269755045
2753,12.75
2754,12.799999713897705
2755,12.260000038146973
2756,11.420000076293945
2757,10.999999809265137
2758,10.791666746139526
2759,10.941667079925537
2760,11.150000095367432
2761,12.391667127609253
2762,12.28333330154419
2763,12.216666460037231
2764,12.286666870117188
2765,13.016666650772095
2766,12.873333358764649
2767,11.5583336353302
2768,11.091666460037231
2769,11.066666603088379
2770,10.966666460037231
2771,12.058333158493042
2772,12.886666679382325
2773,12.283333460489908
2774,11.46666669845581
2775,11.091666460037231
2776,10.71666685740153
2777,10.216666460037231
2778,10.78333330154419
2779,11.033333539962769
2780,12.391666889190674
2781,12.249999761581421
2782,12.1916663646698
2783,12.691666841506958
2784,11.458333492279053
2785,11.583333492279053
2786,11.174999952316284
2787,10.675000190734863
2788,10.5
2789,11.022222201029459
2790,10.958333253860474
2791,12.644444465637207
2792,12.441666603088379
2793,12.458333253860474
2794,13.222222328186035
2795,11.633333206176758
2796,11.055555661519369
2797,11.083333253860474
2798,10.950000047683716
2799,12.475000143051147
2800,12.583333253860474
2801,12.549999952316284
2802,12.346666526794433
2803,13.09333324432373
2804,13.15833330154419
2805,13.15999984741211
2806,12.606666564941406
2807,12.59166669845581
2808,12.300000190734863
2809,12.300000190734863
2810,11.599999904632568
2811,11.633333206176758
2812,11.191666603088379
2813,11.03333330154419
2814,11.366666555404663
2815,11.40833330154419
2816,11.474999904632568
2817,11.558333158493042
2818,12.400000095367432
2819,13.041666746139526
2820,12.75
2821,12.041666984558105
2822,11.21666669845581
2823,11.266666730244955
2824,11.249999761581421
2825,12.633333444595337
2826,12.583333253860474
2827,12.474999904632568
2828,12.433333079020182
2829,13.116666555404663
2830,13.233333587646484
2831,12.191666841506958
2832,12.058333396911621
2833,12.058333396911621
2834,12.033333539962769
2835,12.099999904632568
2836,11.616666555404663
2837,11.125
2838,11.125
2839,11.166666507720947
2840,11.575000047683716
2841,12.833333253860474
2842,12.716666460037231
2843,12.733333349227905
2844,12.700000286102295
2845,12.141666889190674
2846,12.025000095367432
2847,12.291666507720947
2848,12.833333253860474
2849,12.649999856948853
2850,13.116666555404663
2851,8.925000190734863
2852,11.633333206176758
2853,12.758333444595337
2854,13.475000143051147
2855,12.625
2856,12.658333539962769
2857,12.083333730697632
2858,11.991666793823242
2859,5.577777862548828
2860,11.71666669845581
2861,11.744444211324057
2862,11.59166669845581
2863,11.45555559794108
2864,11.541666746139526
2865,11.53333330154419
2866,12.755555152893066
2867,12.777777671813965
2868,12.744444529215494
2869,12.544444719950357
2870,12.525000095367432
2871,11.799999872843424
2872,9.311111132303873
2873,11.508333206176758
2874,11.858333349227905
2875,11.716666460037231
2876,11.683333396911621
2877,11.63333339691162
2878,11.541666746139526
2879,11.833333253860474
2880,11.90833330154419
2881,12.708333015441895
2882,12.719999885559082
2883,13.273333168029785
2884,11.875000238418579
2885,11.891666889190674
2886,11.78666648864746
2887,11.625
2888,11.419999885559083
2889,12.708333015441895
2890,12.808333158493042
2891,12.799999952316284
2892,13.066666603088379
2893,12.640000152587891
2894,10.788888931274414
2895,11.71666693687439
2896,11.71666693687439
2897,11.875000238418579
2898,11.366666555404663
2899,11.733333587646484
2900,12.683333158493042
2901,12.808333158493042
2902,12.777777671813965
2903,12.700000127156576
2904,12.808333396911621
2905,13.03333306312561
2906,13.475000143051147
2907,13.741666793823242
2908,13.858333349227905
2909,12.683333396911621
2910,12.616666793823242
2911,11.755555470784506
2912,11.741666793823242
2913,11.474999904632568
2914,11.516666650772095
2915,11.600000381469727
2916,11.849999904632568
2917,11.949999809265137
2918,12
2919,12.366666475931803
2920,12.708333253860474
2921,12.799999952316284
2922,12.78333330154419
2923,11.808333396911621
2924,11.224999904632568
2925,11.766666889190674
2926,12
2927,11.972222328186035
2928,11.941666841506958
2929,11.900000095367432
2930,11.75
2931,11.600000381469727
2932,11.71666669845581
2933,13.573333358764648
2934,13.700000047683716
2935,13.700000047683716
2936,12.826666831970215
2937,12.333333492279053
2938,11.753333473205567
2939,12.175000190734863
2940,11.916666746139526
2941,11.900000095367432
2942,11.975000143051147
2943,11.633333206176758
2944,11.825000047683716
2945,11.99333324432373
2946,12.275000095367432
2947,12.600000143051147
2948,12.766666650772095
2949,12.825000047683716
2950,13.308333158493042
2951,13.299999952316284
2952,13.700000047683716
2953,13.416666507720947
2954,13.22499966621399
2955,11.916666507720947
2956,11.791666746139526
2957,9.866666793823242
2958,11.255555470784506
2959,11.711111068725586
2960,11.900000095367432
2961,11.799999809265136
2962,11.933333079020182
2963,11.979999923706055
2964,12.133333524068197
2965,12.333333492279053
2966,12.433333396911621
2967,12.611111323038736
2968,12.739999961853027
2969,12.886666679382325
2970,12.955555280049643
2971,13.433333206176759
2972,13.349999904632568
2973,13.619999885559082
2974,14.48888874053955
2975,13.513333320617676
2976,13.355555852254232
2977,9.96666669845581
2978,11.71666669845581
2979,11.78333330154419
2980,12.133333444595337
2981,12.083333492279053
2982,12.066666603088379
2983,11.71666669845581
2984,12.566666841506958
2985,12.924999952316284
2986,13.46666669845581
2987,14.533333206176758
2988,11.733333396911622
2989,12.133333444595337
2990,12.100000143051147
2991,12.100000143051147
2992,12.116666555404663
2993,11.879999923706055
2994,11.873333549499511
2995,11.850000143051147
2996,11.883333206176758
2997,11.991666555404663
2998,12.211111227671305
2999,12.586666870117188
3000,12.625000238418579
3001,12.866666793823242
3002,13.383333206176758
3003,13.833333492279053
3004,13.386666870117187
3005,12.124999761581421
3006,10.924999952316284
3007,10.533333539962769
3008,9.96666669845581
3009,10.53333330154419
3010,11.688888867696127
3011,11.78333330154419
3012,12.174999952316284
3013,12.166666666666666
3014,12.116666793823242
3015,11.849999904632568
3016,11.908333539962769
3017,11.883333206176758
3018,11.90833306312561
3019,12.874999761581421
3020,13.46666669845581
3021,13.608333349227905
3022,13.775000095367432
3023,13.783333539962769
3024,13.325000047683716
3025,11.474999904632568
3026,11.241666555404663
3027,10.166666507720947
3028,10.599999904632568
3029,11.191666603088379
3030,12.183333396911621
3031,12.183333396911621
3032,12.291666746139526
3033,12.366666555404663
3034,12.308333158493042
3035,12.008333444595337
3036,11.983333349227905
3037,11.899999936421713
3038,12.350000143051147
3039,13.174999713897705
3040,13.516666650772095
3041,13.44444465637207
3042,13.925000190734863
3043,9.775000095367432
3044,7.3416666984558105
3045,10.791666507720947
3046,11.383333206176758
3047,11.419999885559083
3048,11.666666603088379
3049,12.200000047683716
3050,12.200000047683716
3051,12.220000076293946
3052,12.291666746139526
3053,12.366666555404663
3054,12.166666507720947
3055,12.775000095367432
3056,12.973333358764648
3057,13.049999952316284
3058,13.508333206176758
3059,13.458333492279053
3060,13.075000286102295
3061,11.558333158493042
3062,7.3416666984558105
3063,7.391666650772095
3064,9.625
3065,11.266666650772095
3066,12.208333492279053
3067,12.208333492279053
3068,12.366666555404663
3069,12.025000095367432
3070,12.093333435058593
3071,12.008333206176758
3072,13.249999761581421
3073,13.008333444595337
3074,11.625
3075,10.933333158493042
3076,11.399999936421713
3077,12.125
3078,12.241666793823242
3079,12.433333396911621
3080,12.777777671813965
3081,12.849999904632568
3082,12.811111132303873
3083,13.40833330154419
3084,13.675000190734863
3085,13.755555788675943
3086,14.111111323038736
3087,13.916666746139526
3088,13.725000143051147
3089,11.422222137451172
3090,9.991666555404663
3091,9.983333110809326
3092,11.583333253860474
3093,12.266666889190674
3094,12.316666841506958
3095,12.516666412353516
3096,12.391666412353516
3097,13.039999961853027
3098,13.508333206176758
3099,13.28333330154419
3100,13.041666507720947
3101,13.03333330154419
3102,13.474999904632568
3103,13.96666669845581
3104,11.233333587646484
3105,10.566666603088379
3106,10.383333444595337
3107,10.641666650772095
3108,10.891666650772095
3109,11.09166669845581
3110,11.34166669845581
3111,11.516666650772095
3112,12.116666793823242
3113,12.188889026641846
3114,12.53333330154419
3115,12.53333330154419
3116,12.699999809265137
3117,13.111111164093018
3118,13.083333253860474
3119,13.333333492279053
3120,13.474999904632568
3121,14.425000190734863
3122,10.383333444595337
3123,9.891666412353516
3124,8.883333683013916
3125,11.09166669845581
3126,11.391666650772095
3127,11.733333349227905
3128,11.96666669845581
3129,12.8166663646698
3130,12.191666603088379
3131,12.28333330154419
3132,13.633333206176758
3133,13.141666650772095
3134,14.891666889190674
3135,14.34166669845581
3136,13.541666507720947
3137,7.5666667222976685
3138,12.577777544657389
3139,13.041666507720947
3140,12.433333158493042
3141,13.9416663646698
3142,13.288888931274414
3143,13.188888867696127
3144,12.955555280049643
3145,13.691666603088379
3146,13.900000095367432
3147,10.666666666666666
3148,9.691666603088379
3149,10.833333396911621
3150,11.158333539962769
3151,11.28333330154419
3152,11.383333206176758
3153,11.6
3154,11.625
3155,11.673333358764648
3156,12.624999761581421
3157,13.016666650772095
3158,12.333333253860474
3159,12.483333349227905
3160,13.433333396911621
3161,13.333333492279053
3162,13.775000095367432
3163,13.299999952316284
3164,8.866666555404663
3165,10.646666717529296
3166,10.625
3167,11.158333539962769
3168,11.474999904632568
3169,12.04666690826416
3170,12.416666507720947
3171,12.333333253860474
3172,13.849999904632568
3173,14.126666641235351
3174,10.5
3175,11.441666603088379
3176,11.466666539510092
3177,11.744444529215494
3178,12.466666539510092
3179,12.355555534362793
3180,13.383333444595337
3181,14.316666841506958
3182,11.458333253860474
3183,11.5
3184,11.683333396911621
3185,11.78333330154419
3186,12.975000143051147
3187,12.975000143051147
3188,13.183333158493042
3189,13.433333396911621
3190,13.700000047683716
3191,13.550000190734863
3192,14.358333349227905
3193,10.291666984558105
3194,9.316666841506958
3195,11.09166669845581
3196,11.613333320617675
3197,12.875
3198,12.574999809265137
3199,12.53333330154419
3200,12.525000095367432
3201,13.616666793823242
3202,13.133333206176758
3203,13.541666746139526
3204,13.141666412353516
3205,13.486666679382324
3206,9.450000286102295
3207,9.391666889190674
3208,9.391666889190674
3209,9.316666841506958
3210,7.716666579246521
3211,11.433333158493042
3212,12.066666841506958
3213,12.275000095367432
3214,12.358333349227905
3215,13.45999984741211
3216,11.466666539510092
3217,13.322222391764322
3218,12.666666984558105
3219,13.516666412353516
3220,12.133333206176758
3221,11.441666841506958
3222,11.575000047683716
3223,12.826666831970215
3224,13.350000143051147
3225,12.873333358764649
3226,12.883333444595337
3227,12.883333444595337
3228,12.783333539962769
3229,12.6833336353302
3230,12.600000381469727
3231,13.775000095367432
3232,13.474999904632568
3233,11.658333539962769
3234,11.141666650772095
3235,11.183333158493042
3236,11.666666746139526
3237,11.799999952316284
3238,11.941666603088379
3239,12.066666793823241
3240,13.279999923706054
3241,12.575000286102295
3242,13.299999713897705
3243,13.674999952316284
3244,15.091666460037231
3245,11.483333349227905
3246,11.45555559794108
3247,11.183333158493042
3248,11.674999952316284
3249,11.700000047683716
3250,11.75
3251,11.75
3252,11.888888676961264
3253,13.208333253860474
3254,13.700000047683716
3255,12.891666412353516
3256,13.641666650772095
3257,11.95555559794108
3258,11.741666793823242
3259,11.700000047683716
3260,11.941666603088379
3261,12.458333492279053
3262,12.40833330154419
3263,13.622222264607748
3264,13.59166669845581
3265,13.616666555404663
3266,13.483333349227905
3267,13.458333492279053
3268,14.75
3269,12.583333015441895
3270,12.54444408416748
3271,8.741666793823242
3272,11.483333349227905
3273,11.78333330154419
3274,11.824999809265137
3275,12.575000047683716
3276,13.553333473205566
3277,13.59166669845581
3278,13.4
3279,12.420000267028808
3280,12.666666746139526
3281,8.575000286102295
3282,12.041666746139526
3283,11.453333473205566
3284,11.19333324432373
3285,11.686666679382324
3286,12.250000238418579
3287,12.366666793823242
3288,13.050000190734863
3289,13.608333349227905
3290,12.458333492279053
3291,13.90833330154419
3292,12.641666412353516
3293,12.083333253860474
3294,11.166666666666666
3295,11.766666412353516
3296,12.277777989705404
3297,12.45555559794108
3298,12.44444465637207
3299,12.616666316986084
3300,8.744444529215494
3301,11.391666889190674
3302,11.983333349227905
3303,12.683333396911621
3304,12.175000190734863
3305,12.608333110809326
3306,12.333333492279053
3307,12.400000095367432
3308,12.408332824707031
3309,12.499999523162842
3310,12.34166669845581
3311,12.394444465637207
3312,12.333333333333334
3313,11.383333444595337
3314,12.233333587646484
3315,11.866666793823242
3316,12.558333158493042
3317,12.249999761581421
3318,12.316666603088379
3319,11.891666889190674
3320,11.75
3321,12.166666746139526
3322,13.041666746139526
3323,12.59166669845581
3324,12.233333587646484
3325,11.891666650772095
3326,12.499999761581421
3327,11.577777862548828
3328,12
3329,12.055555661519369
3330,13.48888874053955
3331,13.54444440205892
3332,14.008333444595337
3333,11.711111068725586
3334,12.275000095367432
3335,12.09166693687439
3336,12.191666603088379
3337,13.174999952316284
3338,14.783333539962769
3339,12.558333158493042
3340,12.625
3341,12.741666793823242
3342,12.34166693687439
3343,12.483333349227905
3344,12.216666460037231
3345,12.20666675567627
3346,13.25
3347,11.633333444595337
3348,12.424999952316284
3349,14.141666650772095
3350,12.25
3351,13.633333444595337
3352,13.233333396911622
3353,12.933333396911621
3354,12.933333396911621
3355,14.777777989705404
3356,11.755555788675943
3357,11.899999936421713
3358,11.400000095367432
3359,14
3360,12.483333349227905
3361,12.208333492279053
3362,12.308333158493042
3363,12.191666603088379
3364,13.558333158493042
3365,14.558333396911621
3366,12.241666793823242
3367,12.025000095367432
3368,11.824999809265137
3369,13.924999952316284
3370,12.186666870117188
3371,12.175000190734863
3372,12.024999856948853
3373,12.008333206176758
3374,13.191666603088379
3375,13.191666603088379
3376,13.27333335876465
3377,13.46666669845581
3378,12.616666316986084
3379,11.450000047683716
3380,13.175000190734863
3381,12.220000076293946
3382,11.666666507720947
3383,11.049999952316284
3384,12.15833330154419
3385,11.966666221618652
3386,12.016666412353516
3387,12.133333444595337
3388,12.258333444595337
3389,13.191666603088379
3390,13.191666603088379
3391,13.333333492279053
3392,13.373333358764649
3393,13.366666793823242
3394,13.46666669845581
3395,14.508333206176758
3396,14.966666412353515
3397,14.974999904632568
3398,13.258333206176758
3399,11.333333253860474
3400,11.891666650772095
3401,11.879999923706055
3402,13.525000095367432
3403,13.525000095367432
3404,12.083333253860474
3405,9.78333330154419
3406,11.766666889190674
3407,12.00666675567627
3408,12.299999872843424
3409,12.09999974568685
3410,12.411110877990723
3411,13.300000190734863
3412,13.350000381469727
3413,13.422222455342611
3414,14.858333110809326
3415,14.799999872843424
3416,10.966666539510092
3417,12.399999618530273
3418,7.540000152587891
3419,12.013333320617676
3420,12.446666526794434
3421,12.233333110809326
3422,12.291666746139526
3423,13.024999856948853
3424,13.266666650772095
3425,13.266666889190674
3426,13.316666841506958
3427,13.425000429153442
3428,13.674999713897705
3429,14.441666603088379
3430,14.108333349227905
3431,12.424999952316284
3432,13.139999961853027
3433,12.849999904632568
3434,7.939999961853028
3435,14.024999856948853
3436,12.424999952316284
3437,13.266666650772095
3438,13.275000095367432
3439,13.275000095367432
3440,13.358333587646484
3441,13.425000190734863
3442,13.446666526794434
3443,13.446666526794434
3444,14.441666603088379
3445,14.708333253860474
3446,14.393333244323731
3447,12.299999952316284
3448,12.22666664123535
3449,11.108333349227905
3450,12.850000143051147
3451,13.191666603088379
3452,11.90833330154419
3453,9.941666603088379
3454,12.858333349227905
3455,12.475000143051147
3456,12.344444274902344
3457,12.59999974568685
3458,13.358333587646484
3459,13.666666348775228
3460,14.441666603088379
3461,13.491666555404663
3462,12.024999856948853
3463,10.811111132303873
3464,12.811111132303873
3465,13.033333539962769
3466,11.700000127156576
3467,9.950000047683716
3468,13.325000286102295
3469,13.922222455342611
3470,12.84166669845581
3471,11.333333492279053
3472,11.600000143051147
3473,15.90000025431315
3474,12.4
3475,13.325000286102295
3476,13.350000143051147
3477,13.674999713897705
3478,13.953333473205566
3479,13.813333320617676
3480,12.473333358764648
3481,12.46666669845581
3482,12.583333253860474
3483,9.933333396911621
3484,8.420000076293945
3485,14.78333306312561
3486,12.716666460037231
3487,13.383333444595337
3488,13.741666793823242
3489,12.674999952316284
3490,12.549999952316284
3491,11.316666841506958
3492,8.366666793823242
3493,11.700000190734864
3494,16.233333587646484
3495,12.600000063578287
3496,12.799999872843424
3497,13.291666984558105
3498,11.183333396911621
3499,10.725000143051147
3500,8.366666793823242
3501,11.741666555404663
3502,12.550000190734863
3503,12.408333539962769
3504,12.408333539962769
3505,12.539999961853027
3506,13.008333206176758
3507,13.224999904632568
3508,13.516666889190674
3509,13.316666841506958
3510,13.825000047683716
3511,13.474999904632568
3512,13.191666603088379
3513,13.083333492279053
3514,13.1833336353302
3515,11.391666889190674
3516,12.50666675567627
3517,12.274999856948853
3518,11.400000095367432
3519,11.174999713897705
3520,10.299999952316284
3521,11.958333253860474
3522,12.816666603088379
3523,13.516666889190674
3524,14.191666603088379
3525,13.825000047683716
3526,13.474999904632568
3527,12.074999809265137
3528,12.28333330154419
3529,11.583333253860474
3530,10.7
3531,11.938888867696127
3532,13.224999904632568
3533,13.474999904632568
3534,12.822222391764322
3535,12.5
3536,11.600000063578287
3537,11.433333396911621
3538,8.46666693687439
3539,12.600000063578287
3540,12.491666555404663
3541,14.150000095367432
3542,11.877777735392252
3543,11.966666539510092
3544,12.055555661519369
3545,11.691666841506958
3546,11.277777671813965
3547,10.48888874053955
3548,10.483333349227905
3549,13.541666746139526
3550,13.366666793823242
3551,12.366666555404663
3552,11.90833330154419
3553,12.120000267028809
3554,12.199999809265137
3555,11.875
3556,10.40833330154419
3557,8.525000095367432
3558,13
3559,13.058333396911621
3560,12.806666564941406
3561,12.525000095367432
3562,12.5
3563,12.59166669845581
3564,12.825000047683716
3565,13.1
3566,12.699999809265137
3567,8.316666722297668
3568,12.941666603088379
3569,13.022222201029459
3570,13.541666507720947
3571,13.375
3572,13.433333079020182
3573,13.288889249165853
3574,12.688888549804688
3575,12.033333460489908
3576,11.944444338480631
3577,12.51111125946045
3578,12.258333444595337
3579,11.733333269755045
3580,11.95555559794108
3581,11.924999952316284
3582,8.566666841506958
3583,8.45555559794108
3584,12.166666507720947
3585,13.308333396911621
3586,13.699999809265137
3587,13.583333730697632
3588,13.366666793823242
3589,13.324999809265137
3590,12.549999952316284
3591,12.791666507720947
3592,11.949999809265137
3593,11.683333396911621
3594,11.399999856948853
3595,11.391666650772095
3596,10.422222137451172
3597,8.516666650772095
3598,13.224999904632568
3599,13.208333253860474
3600,14.066666603088379
3601,13.550000190734863
3602,13.433333206176759
3603,13.524999856948853
3604,13.524999856948853
3605,12.208333015441895
3606,11.811110973358154
3607,11.546666717529297
3608,11.299999952316284
3609,10.416666507720947
3610,10.416666507720947
3611,10.38666648864746
3612,10.016666412353516
3613,8.649999856948853
3614,8.522222201029459
3615,13.0583336353302
3616,13.400000095367432
3617,13.483333110809326
3618,13.424999952316284
3619,13.424999952316284
3620,11.733333110809326
3621,11.791666746139526
3622,11.575000047683716
3623,11.53333330154419
3624,10.416666507720947
3625,8.466666460037231
3626,12.683333396911621
3627,13.54444408416748
3628,13.260000038146973
3629,14.016666889190674
3630,13.644444147745768
3631,13.483333110809326
3632,12.333333969116211
3633,11.71666669845581
3634,11.116666793823242
3635,10.946666717529297
3636,10.746666717529298
3637,13.8166663646698
3638,13.799999952316284
3639,13.5666663646698
3640,13.558333158493042
3641,13.641666650772095
3642,13.058333396911621
3643,12.513333320617676
3644,12.550000190734863
3645,12.21666669845581
3646,11.733333206176757
3647,11.46666693687439
3648,11.608333349227905
3649,10.891666650772095
3650,10.566666603088379
3651,8.583333492279053
3652,15.700000524520874
3653,15.533333778381348
3654,13.400000095367432
3655,13.799999952316284
3656,13.624999761581421
3657,13.65833306312561
3658,13.341666460037231
3659,12.71666669845581
3660,11.608333349227905
3661,10.708333253860474
3662,13.21666669845581
3663,13.299999952316284
3664,12.916666746139526
3665,10.858333349227905
3666,11.733333110809326
3667,11.541666746139526
3668,8.491666793823242
3669,12.71666669845581
3670,13.311111132303873
3671,14.016666650772095
3672,12.891666650772095
3673,12.683333396911621
3674,12.816666841506958
3675,11.449999809265137
3676,12.824999809265137
3677,12.391666650772095
3678,13.883333444595337
3679,13.619999885559082
3680,13.541666507720947
3681,13.5
3682,13.933333396911621
3683,11.891666650772095
3684,10.450000047683716
3685,12.816666841506958
3686,12.4
3687,13.725000143051147
3688,13.883333444595337
3689,13.541666507720947
3690,13.416666507720947
3691,13.116666793823242
3692,12.40833330154419
3693,11.891666650772095
3694,11.675000190734863
3695,11.34166669845581
3696,10.90833330154419
3697,10.083333492279053
3698,9.416666984558105
3699,13.758333206176758
3700,13.766666650772095
3701,14.025000095367432
3702,13.924999952316284
3703,14.033333460489908
3704,11.900000095367432
3705,11.700000127156576
3706,10.799999872843424
3707,10.777777671813965
3708,13.291666507720947
3709,12.283333539962769
3710,13.625000238418579
3711,13.608333349227905
3712,14.125000238418579
3713,9.708333253860474
3714,10.116666793823242
3715,12.600000381469727
3716,14.066666841506958
3717,13.608333349227905
3718,13.883333444595337
3719,13.40833306312561
3720,13.75
3721,14.216666460037231
3722,12.583333492279053
3723,12.425000190734863
3724,11.766666650772095
3725,11.424999952316284
3726,11.241666555404663
3727,11.122222105662027
3728,11.15833330154419
3729,11.15833330154419
3730,13.849999904632568
3731,13.533333539962769
3732,13.574999809265137
3733,13.75
3734,13.983333110809326
3735,13.783333539962769
3736,12.950000047683716
3737,11.491666555404663
3738,9.333333253860474
3739,10.299999952316284
3740,10.333333253860474
3741,10.525000095367432
3742,14.800000190734863
3743,14.811110814412435
3744,14.066666603088379
3745,13.625
3746,13.758333444595337
3747,14.858333349227905
3748,14.008333683013916
3749,12.900000095367432
3750,10.888888676961264
3751,11.477777481079102
3752,10.811110814412435
3753,10.288888931274414
3754,13.40833330154419
3755,12.083333253860474
3756,12.199999809265137
3757,14.713333129882813
3758,14.450000047683716
3759,13.573333168029786
3760,13.600000143051147
3761,11.458333492279053
3762,11.699999809265137
3763,9.916666746139526
3764,10.266666650772095
3765,10.125
3766,12.713333320617675
3767,12.858333349227905
3768,13.641666412353516
3769,14.15833330154419
3770,14.28333330154419
3771,14.708333253860474
3772,14.708333253860474
3773,11.449999809265137
3774,9.475000143051147
3775,10.306666374206543
3776,10.224999904632568
3777,14.800000190734863
3778,13.874999761581421
3779,13.549999952316284
3780,13.308333158493042
3781,9.40000025431315
3782,13.150000095367432
3783,12.133333444595337
3784,12.125
3785,13.108333349227905
3786,13.424999952316284
3787,13.424999952316284
3788,11.250000238418579
3789,11.458333253860474
3790,11.53333330154419
3791,10.591666460037231
3792,12.391666650772095
3793,12.258333444595337
3794,12.211111227671305
3795,12.25
3796,13.766666650772095
3797,13.026666641235352
3798,12.416666746139526
3799,12.383333206176758
3800,10.486666679382324
3801,10.833333253860474
3802,8.858333349227905
3803,12.95555559794108
3804,12.491666555404663
3805,13.933333206176759
3806,14.000000238418579
3807,13.766666889190674
3808,12.516666412353516
3809,12.233333110809326
3810,10.299999952316284
3811,10.774999856948853
3812,11.174999952316284
3813,11.333333253860474
3814,11.099999904632568
3815,9.86666660308838
3816,8.991666793823242
3817,8.816666841506958
3818,10.5
3819,12.322222073872885
3820,12.108333349227905
3821,12.193333435058594
3822,12.083333492279053
3823,14.24666690826416
3824,13.066666603088379
3825,12.922221819559732
3826,12.383333206176758
3827,11.166666507720947
3828,11.139999961853027
3829,10.966666539510092
3830,9.333333333333334
3831,12.208333492279053
3832,13.975000143051147
3833,13.44666690826416
3834,13.375000238418579
3835,13.208333730697632
3836,13.933333396911621
3837,12.691666603088379
3838,10.649999856948853
3839,10.724999904632568
3840,9.233333349227905
3841,8.525000095367432
3842,9.21666669845581
3843,12.149999856948853
3844,15.433333396911621
3845,13.350000063578287
3846,12.791666507720947
3847,12.791666507720947
3848,12.666666603088379
3849,11.541666746139526
3850,8.525000095367432
3851,12.166666746139526
3852,12.46666669845581
3853,12.922222137451172
3854,13.03333314259847
3855,13.024999856948853
3856,12.788888931274414
3857,12.458333253860474
3858,10.53333330154419
3859,11.53333330154419
3860,12.666666746139526
3861,12.858333110809326
3862,13.100000143051147
3863,11.833333253860474
3864,10.177777926127115
3865,12
3866,11.674999952316284
3867,11.53333330154419
3868,14.191666841506958
3869,13.40000033378601
3870,13.141666889190674
3871,12.975000143051147
3872,13.008333444595337
3873,12.886666679382325
3874,12.759999847412109
3875,12.891666650772095
3876,10.286666679382325
3877,10.413333320617676
3878,8.208333373069763
3879,8.925000190734863
3880,14.720000076293946
3881,13.016666889190674
3882,12.975000143051147
3883,12.825000047683716
3884,12.950000047683716
3885,10.458333253860474
3886,10.325000047683716
3887,11.516666650772095
3888,12.975000143051147
3889,12.724999904632568
3890,12.574999809265137
3891,13.166666507720947
3892,12.899999936421713
3893,12.933333396911621
3894,9.966666460037231
3895,10.541666746139526
3896,9.244444211324057
3897,12.991666793823242
3898,12.758333444595337
3899,13.324999809265137
3900,12.483333349227905
3901,8.349999904632568
3902,15.400000095367432
3903,12.633333365122477
3904,12.833333253860474
3905,12.708333492279053
3906,13.099999904632568
3907,9.825000047683716
3908,10.113333129882813
3909,7.758333325386047
3910,12.066666603088379
3911,13.311111450195313
3912,12.483333110809326
3913,12.99999968210856
3914,12.53333330154419
3915,12.550000190734863
3916,12.733333587646484
3917,13.099999904632568
3918,13.116666555404663
3919,9.53333306312561
3920,10.449999809265137
3921,11.84166693687439
3922,11.144444465637207
3923,11.633333524068197
3924,12.316666603088379
3925,12.54444440205892
3926,12.433333396911621
3927,11.566666603088379
3928,9.633333206176758
3929,9.733333110809326
3930,12.433333396911621
3931,12.724999904632568
3932,12.458333253860474
3933,12.324999809265137
3934,12.083333730697632
3935,12.34166669845581
3936,12.516666650772095
3937,12.580000305175782
3938,12.426666831970214
3939,9.726666450500488
3940,11.15833330154419
3941,10.953333282470703
3942,11.516666889190674
3943,12.133333683013916
3944,12.199999809265137
3945,12.258333444595337
3946,12.533333539962769
3947,12.34166693687439
3948,11.233333349227905
3949,7.916666746139526
3950,11.708333253860474
3951,12.288888931274414
3952,12.324999809265137
3953,12.100000063578287
3954,12.133333206176758
3955,12.51111094156901
3956,12.46666669845581
3957,9.322222073872885
3958,9.977777481079102
3959,7.958333373069763
3960,9.066666841506958
3961,10.799999952316284
3962,10.458333253860474
3963,12.208333253860474
3964,12.09166693687439
3965,12.391666650772095
3966,12.358333587646484
3967,12.366666555404663
3968,12.424999952316284
3969,12.15833330154419
3970,12.174999952316284
3971,9.275000095367432
3972,9.40833330154419
3973,10.799999952316284
3974,11.641666650772095
3975,11.575000047683716
3976,12.083333730697632
3977,12.141666650772095
3978,12.225000143051147
3979,12.413333320617676
3980,12.066666841506958
3981,12.174999952316284
3982,11.84166693687439
3983,9.291666746139526
3984,10.799999952316284
3985,11.200000286102295
3986,12.479999923706055
3987,12.474999904632568
3988,12.366666555404663
3989,9.666666507720947
3990,11.106666755676269
3991,10.266666889190674
3992,12.28333330154419
3993,12.526666641235352
3994,9.666666507720947
3995,10.808333396911621
3996,11.939999961853028
3997,12.358333349227905
3998,12.233333110809326
3999,12.241666793823242
4000,10.608333349227905
4001,10.366666793823242
4002,11.088888804117838
4003,11.666666507720947
4004,11.950000047683716
4005,12.474999904632568
4006,12.299999952316284
4007,9.491666555404663
4008,10.079999923706055
4009,10.608333349227905
4010,14.5
4011,10.191666603088379
4012,10.65833330154419
4013,11.174999952316284
4014,11.633333206176758
4015,11.891666889190674
4016,10.316666603088379
4017,10.888888676961264
4018,11.666666507720947
4019,11.177777608235678
4020,12.616666555404663
4021,12.375
4022,12.266666730244955
4023,11.308333396911621
4024,8.144444465637207
4025,10.299999952316284
4026,10.433333396911621
4027,13.374999523162842
4028,13.766666412353516
4029,9.733333349227905
4030,11.008333444595337
4031,12.308333396911621
4032,12.358333349227905
4033,11.883333683013916
4034,7.0333333015441895
4035,9.166666507720947
4036,10.108333587646484
4037,11.041666507720947
4038,9.241666555404663
4039,10.791666746139526
4040,11.611111323038736
4041,11.650000095367432
4042,11.758333206176758
4043,12.241666793823242
4044,12.344444274902344
4045,12.308333396911621
4046,8.51111094156901
4047,10.008333444595337
4048,11.725000143051147
4049,10.825000047683716
4050,10.65833330154419
4051,10.773333168029785
4052,10.791666507720947
4053,11.27500033378601
4054,12.299999952316284
4055,11.450000047683716
4056,8.950000286102295
4057,10.099999904632568
4058,10.683333158493042
4059,10.84166669845581
4060,10.78333330154419
4061,10.716666460037231
4062,11.116666793823242
4063,12.211111068725586
4064,11.141666650772095
4065,8.59166693687439
4066,9.125
4067,11.241666555404663
4068,11.508333206176758
4069,11
4070,12.975000143051147
4071,10.766666730244955
4072,9.04444440205892
4073,9.049999952316284
4074,10.844444592793783
4075,10.241666555404663
4076,10.774999618530273
4077,10.650000095367432
4078,11.016666889190674
4079,12.641666889190674
4080,12.183333396911621
4081,12.174999952316284
4082,10.639999771118164
4083,10.866666793823242
4084,11
4085,11.933333587646484
4086,13.053333282470703
4087,13.358333349227905
4088,11.791666984558105
4089,10.850000143051147
4090,10.241666555404663
4091,10.588888804117838
4092,10.633333524068197
4093,12.258333444595337
4094,13.108333349227905
4095,12.144444465637207
4096,11.28333330154419
4097,8.241666555404663
4098,9.444444338480631
4099,11.458333015441895
4100,10.69166612625122
4101,10.783333539962769
4102,10.750000238418579
4103,10.991666793823242
4104,10.533333539962769
4105,10.533333539962769
4106,12.599999904632568
4107,12.816666603088379
4108,13.183333396911621
4109,12.650000095367432
4110,11.46666669845581
4111,10.633333524068197
4112,9.383333206176758
4113,9.308333396911621
4114,10.750000238418579
4115,10.606666755676269
4116,10.788888931274414
4117,8.53333330154419
4118,9.224999904632568
4119,9.433333158493042
4120,10.299999952316284
4121,10.441666841506958
4122,10.458333253860474
4123,10.733333349227905
4124,13.450000047683716
4125,13.450000047683716
4126,12.746666526794433
4127,12.933333396911621
4128,13.125
4129,13.0583336353302
4130,11.499999761581421
4131,11.15833330154419
4132,9.024999856948853
4133,9.266666650772095
4134,11.108333349227905
4135,12.424999952316284
4136,8.493333435058593
4137,10.449999809265137
4138,10.600000063578287
4139,10.666666984558105
4140,10.666666793823243
4141,10.626666641235351
4142,10.54666690826416
4143,12.960000038146973
4144,12.060000038146972
4145,9.03333314259847
4146,10.575000047683716
4147,10.583333492279053
4148,10.583333492279053
4149,10.533333539962769
4150,10.891666650772095
4151,12.833333492279053
4152,12.858333349227905
4153,12.791666746139526
4154,12.03333330154419
4155,10.719999885559082
4156,9.40833330154419
4157,12.800000190734863
4158,10.583333492279053
4159,10.527777830759684
4160,10.741666555404663
4161,10.516666650772095
4162,7.0666667222976685
4163,10.708333492279053
4164,10.711111068725586
4165,12.46666693687439
4166,12.766666650772095
4167,11.911111195882162
4168,8.941666603088379
4169,8.733333587646484
4170,9.144444783528646
4171,12.383333444595337
4172,12.775000095367432
4173,12.791666507720947
4174,11.941666603088379
4175,6.944444497426351
4176,9.022222201029459
4177,9.016666889190674
4178,11.933333396911621
4179,8.083333253860474
4180,10.758333206176758
4181,10.746666526794433
4182,12.883333206176758
4183,12.691666841506958
4184,12.383333444595337
4185,12.326666831970215
4186,8.741666793823242
4187,9.15000033378601
4188,10.941666603088379
4189,12.233333587646484
4190,12.583333492279053
4191,9.758333206176758
4192,9.100000143051147
4193,12.516666650772095
4194,12.700000047683716
4195,12.483333349227905
4196,10.616666555404663
4197,8.47499966621399
4198,9.241667032241821
4199,9.316666603088379
4200,8.741666793823242
4201,11.575000047683716
4202,12.09166669845581
4203,9.183333396911621
4204,11.522222201029459
4205,11.211111068725586
4206,11.25
4207,12.483333349227905
4208,12.34166669845581
4209,10.824999809265137
4210,8.433333396911621
4211,8.766666650772095
4212,13.15833330154419
4213,13.399999856948853
4214,11.455555280049643
4215,9.866666475931803
4216,11.888888994852701
4217,13.649999856948853
4218,9.34166669845581
4219,12.366666555404663
4220,12.016666650772095
4221,11.541666507720947
4222,11.508333206176758
4223,10.799999952316284
4224,8.6
4225,8.40833306312561
4226,11.558333396911621
4227,12.233333110809326
4228,11.850000143051147
4229,8.116666913032532
4230,9.333333492279053
4231,9.099999904632568
4232,11.15833330154419
4233,12.575000047683716
4234,13.200000047683716
4235,11.5
4236,11.144444465637207
4237,10.688888549804688
4238,10.322222073872885
4239,10.28333330154419
4240,8.116666913032532
4241,7.991666555404663
4242,9.125
4243,11.366666555404663
4244,9.333333015441895
4245,12.133333444595337
4246,12.149999856948853
4247,11.458333492279053
4248,10.950000286102295
4249,10.950000286102295
4250,7.966666579246521
4251,8.741666793823242
4252,8.533333460489908
4253,4.741666674613953
4254,11.358333110809326
4255,12.491666555404663
4256,11.34166669845581
4257,10.558333158493042
4258,10.558333158493042
4259,11.3166663646698
4260,11.291666507720947
4261,11.78333330154419
4262,13.28333330154419
4263,8.933333396911621
4264,11.59166669845581
4265,12.34166669845581
4266,11.96666669845581
4267,12.974999904632568
4268,12.1916663646698
4269,11.458333492279053
4270,10.241666793823242
4271,8.508333683013916
4272,11.51111125946045
4273,11.346666717529297
4274,5.999999904632569
4275,8.633333587646485
4276,11.25
4277,11.666666507720947
4278,11.816666603088379
4279,10.933333587646484
4280,11.333333253860474
4281,11.808333158493042
4282,11.450000047683716
4283,11.550000190734863
4284,12.53333306312561
4285,11.366666793823242
4286,9.59166669845581
4287,8.753333473205567
4288,8.78333330154419
4289,8.873333358764649
4290,11.474999904632568
4291,11.399999856948853
4292,11.40833330154419
4293,11.25
4294,11.774999618530273
4295,9.316667079925537
4296,11.383333206176758
4297,12.458333015441895
4298,12.8166663646698
4299,11.424999952316284
4300,12.8166663646698
4301,12.833333015441895
4302,10.326666641235352
4303,10.016666412353516
4304,12.150000095367432
4305,9.774999618530273
4306,8.683333158493042
4307,8.108333349227905
4308,9.858332872390747
4309,9.522221883138021
4310,7.599999904632568
4311,11.325000047683716
4312,9.224999904632568
4313,7.924999952316284
4314,12.116666555404663
4315,12.883333444595337
4316,11.311111132303873
4317,9.28333330154419
4318,8.5
4319,11.808333396911621
4320,11.724999904632568
4321,11.34166669845581
4322,9.858333110809326
4323,9.649999618530273
4324,6.424999833106995
4325,11.333333253860474
4326,9.724999904632568
4327,8.700000047683716
4328,13.241666555404663
4329,10.946666717529297
4330,11.325000047683716
4331,10.446666717529297
4332,8.683333396911621
4333,11.359999847412109
4334,11.474999904632568
4335,11.826666641235352
4336,11.03333306312561
4337,10.608333349227905
4338,10.266666650772095
4339,6.958333373069763
4340,8.49333324432373
4341,12.566666841506958
4342,11.191666603088379
4343,11.45555591583252
4344,11.133333524068197
4345,7.922221978505452
4346,10.71666693687439
4347,11.258333444595337
4348,10.908333539962769
4349,10.224999904632568
4350,7.200000047683716
4351,7.541666865348816
4352,7.5000001192092896
4353,13.074999809265137
4354,11.294444561004639
4355,10.383333206176758
4356,9.853333282470704
4357,12.25
4358,10.625
4359,10.933333158493042
4360,11.133333444595337
4361,11.008333444595337
4362,7.258333325386047
4363,13.258333206176758
4364,13.766666889190674
4365,10.849999904632568
4366,10.711111068725586
4367,9.679999923706054
4368,6.955555597941081
4369,9.816666603088379
4370,7.758333206176758
4371,12.724999904632568
4372,13.374999761581421
4373,10.733333349227905
4374,10.291666746139526
4375,7.7833335399627686
4376,13.333333253860474
4377,13.416666746139526
4378,9.950000047683716
4379,13.388888676961264
4380,10.558333396911621
4381,7.758333444595337
4382,8.54444440205892
4383,10.491666793823242
4384,9.791666507720947
4385,12.991666555404663
4386,13.575000047683716
4387,13.575000047683716
4388,10.46666693687439
4389,9.28333330154419
4390,12.991666555404663
4391,9.450000286102295
4392,6.811111132303874
4393,7.616666674613953
4394,13
4395,10.899999856948853
4396,9.758333206176758
4397,9.275000095367432
4398,10.941666603088379
4399,10.516666650772095
4400,10.516666650772095
4401,9.3833327293396
4402,8.233333230018616
4403,8.033333420753479
4404,10.941666603088379
4405,7.208333373069763
4406,10.122222264607748
4407,9.866666793823242
4408,8.65000033378601
4409,8.155555566151937
4410,7.799999872843425
4411,10.608333587646484
4412,10.500000238418579
4413,9.586666679382324
4414,8.358333349227905
4415,13.46666660308838
4416,8.666666984558105
4417,7.549999952316284
4418,6.241666674613953
4419,7.858333230018616
4420,13.483333349227905
4421,9.133333444595337
4422,8.03333330154419
4423,8.28333330154419
4424,10.875
4425,8.850000143051147
4426,8.924999952316284
4427,8.826666641235352
4428,8.78333330154419
4429,8.633333444595337
4430,6.6499998569488525
4431,8.120000076293945
4432,8.508333444595337
4433,9.266666889190674
4434,9.144444465637207
4435,8.933333079020182
4436,7.066666603088379
4437,8.139999961853027
4438,9.300000190734863
4439,8.90833330154419
4440,9.008333206176758
4441,8.483333349227905
4442,8.908333539962769
4443,8.558333396911621
4444,7.575000047683716
4445,8.660000038146972
4446,8.566666603088379
4447,10.350000143051147
4448,8.722222328186035
4449,7.325000166893005
4450,8.524999856948853
4451,9.666666666666666
4452,8.866666475931803
4453,8.566666603088379
4454,8.513333320617676
4455,7.983333587646484
4456,8.546666717529297
4457,8.506666564941407
4458,7.949999809265137
4459,8.733333396911622
4460,10.853333473205566
4461,8.050000071525574
4462,8.916666507720947
4463,8.841666460037231
4464,7.766666889190674
4465,8.883333206176758
4466,8.255555152893066
4467,8.066666722297668
4468,6.083333253860474
4469,8.508333206176758
4470,8.093333339691162
4471,8.733333349227905
4472,9.308333158493042
4473,8.816666603088379
4474,8.788888931274414
4475,7.799999833106995
4476,7.475000023841858
4477,8.283333539962769
4478,8.458333492279053
4479,8.508333206176758
4480,8.24999988079071
4481,8.555555661519369
4482,8.922222455342611
4483,8.816666603088379
4484,8.566666603088379
4485,8.100000023841858
4486,5.191666603088379
4487,8.71666669845581
4488,9.250000238418579
4489,8.53333330154419
4490,8.660000038146972
4491,8.866666793823242
4492,12.611111005147299
4493,7.0583332777023315
4494,8.691666603088379
4495,8.575000047683716
4496,7.258333325386047
4497,9.291666507720947
4498,4.741666674613953
4499,8.25
4500,9.4333336353302
4501,7.724999904632568
4502,9.199999809265137
4503,9.366666555404663
4504,9.491667032241821
4505,10.075000047683716
4506,9.358333349227905
4507,6.300000031789144
4508,12.911110877990723
4509,3.099999964237213
4510,8.333333492279053
4511,7.3933333396911625
4512,6.858333230018616
4513,9.377777735392252
4514,9.416666746139526
4515,9.508333444595337
4516,8.424999952316284
4517,7.041666626930237
4518,9.641666889190674
4519,8.122222264607748
4520,8.149999856948853
4521,6.816666603088379
4522,8.153333473205567
4523,9.77500033378601
4524,9.700000047683716
4525,3.450000047683716
4526,8.016666650772095
4527,9.741666555404663
4528,7.941666603088379
4529,7.9666668176651
4530,7.166666746139526
4531,9.300000190734863
4532,8.058333158493042
4533,9.008333444595337
4534,9.383333444595337
4535,9.383333444595337
4536,7.955555280049642
4537,8.916666746139526
4538,8.208333492279053
4539,8.03333330154419
4540,8.90833330154419
4541,8.858333349227905
4542,8.391666650772095
4543,8.84000015258789
4544,8.483333349227905
4545,8.483333349227905
4546,8.266666730244955
4547,8.241666793823242
4548,8.850000143051147
4549,8.941666603088379
4550,8.491666793823242
4551,8.53333330154419
4552,8.083333253860474
4553,7.241666674613953
4554,5.9666666984558105
4555,8.599999904632568
4556,8.599999904632568
4557,8.649999856948853
4558,8.733333349227905
4559,7.241666674613953
4560,8.541666746139526
4561,5.983333230018616
4562,5.846666622161865
4563,13.074999809265137
4564,8.222222169240316
4565,7.733333349227905
4566,8.258333444595337
4567,8.100000143051147
4568,7.233333468437195
4569,6.3444444338480634
4570,5.355555375417073
4571,6.524999976158142
4572,6.800000031789144
4573,7.041666507720947
4574,7.233333269755046
4575,7.1499998569488525
4576,7.388888994852702
4577,7.599999904632568
4578,6.225000023841858
4579,6.1555555661519366
4580,6.674999833106995
4581,5.8166663646698
4582,6.550000071525574
4583,5.274999737739563
4584,8.800000190734863
4585,8.958333492279053
4586,5.433333158493042
4587,9.041666507720947
4588,9.019999694824218
4589,5.4399998664855955
4590,5.491666555404663
4591,9.05555534362793
4592,9.049999713897705
4593,9.125000238418579
4594,8.366666793823242
4595,9.174999713897705
4596,8.833333492279053
4597,5.25
4598,8.413333129882812
4599,9.866666555404663
4600,9.766666412353516
4601,9.180000114440919
4602,9.875
4603,9.924999713897705
4604,9.350000143051147
4605,9.058333158493042
4606,9.253333473205567
4607,9.008333444595337
4608,8.883333444595337
4609,8.800000190734863
4610,9.050000190734863
4611,9.050000190734863
4612,9.311111132303873
4613,7.9083333015441895
4614,9.833333492279053
4615,8.725000381469727
4616,9.2
4617,9.316666603088379
4618,6.966666579246521
4619,9.975000143051147
4620,9.575000047683716
4621,9.675000190734863
4622,10.058333396911621
4623,10.175000190734863
4624,10.108333349227905
4625,9.825000286102295
4626,9.683333158493042
4627,10.183333396911621
4628,13.524999856948853
4629,9.800000190734863
4630,8.108333468437195
4631,7.8999998569488525
4632,10.177777926127115
4633,8.575000047683716
4634,8.350000262260437
4635,8.408333539962769
4636,8.675000190734863
4637,10.208333730697632
4638,8.644444783528646
4639,8.708333492279053
4640,8.491666913032532
4641,10.899999618530273
4642,9.688888867696127
4643,9.708333253860474
4644,9.016666650772095
4645,9.24666690826416
4646,9.166666984558105
4647,9.016666650772095
4648,9.641666650772095
4649,9.53333330154419
4650,9.608333349227905
4651,10.208333492279053
4652,13.408333539962769
4653,9.977777798970541
4654,9.144444147745768
4655,9.84166669845581
4656,9.483333110809326
4657,10.741666793823242
4658,10.383333444595337
4659,9.508333444595337
4660,9.341666460037231
4661,9.291666507720947
4662,10.253333282470702
4663,9.433333396911621
4664,9.366666793823242
4665,9.311111132303873
4666,9.222222010294596
4667,8.800000190734863
4668,9.78333306312561
4669,10.150000095367432
4670,8.141666769981384
4671,8.983333110809326
4672,9.649999856948853
4673,8.84999966621399
4674,9.050000190734863
4675,7.5000001192092896
4676,8.550000190734863
4677,13.666666984558105
4678,8.53333330154419
4679,9.316666603088379
4680,9.658333539962769
4681,3.48888889948527
4682,9.766666650772095
4683,9.233333349227905
4684,4.366666555404663
4685,8.933333079020182
4686,5.944444497426351
4687,9.25
4688,5.8416666984558105
4689,6.044444402058919
4690,8.508333444595337
4691,9.5
4692,8.316666841506958
4693,8.191666841506958
4694,8.141666650772095
4695,7.659999942779541
4696,5.866666793823242
4697,9.155555725097656
4698,7.99999984105428
4699,9.155555725097656
4700,9.058333396911621
4701,13.083333253860474
4702,7.416666626930237
4703,8.133333444595337
4704,13.393333244323731
4705,13.108333587646484
4706,13.413333320617676
4707,7.288888931274414
4708,9.066666841506958
4709,8.216666579246521
4710,8.150000214576721
4711,8.549999952316284
4712,8.558333396911621
4713,9.408333539962769
4714,8.260000038146973
4715,12.958333253860474
4716,7.641666769981384
4717,9.058333396911621
4718,9.355555852254232
4719,9
4720,9.416666746139526
4721,7.6333333651224775
4722,8.90833330154419
4723,8.666666507720947
4724,8.477777481079102
4725,9.024999856948853
4726,9.466666460037231
4727,9.574999809265137
4728,9.416666507720947
4729,8.008333086967468
4730,9.416666507720947
4731,9.616666316986084
4732,7.766666650772095
4733,7.375
4734,8.733333587646484
4735,7.375
4736,8.90833330154419
4737,9.208333253860474
4738,9.049999952316284
4739,9.208333253860474
4740,9.233333269755045
4741,8.491666793823242
4742,9.374999761581421
4743,9.299999952316284
4744,7.683333516120911
4745,8.460000038146973
4746,9.413333320617676
4747,7.7500001192092896
4748,9.116666555404663
4749,9.216666460037231
4750,3.566666603088379
4751,6.944444338480632
4752,9.411111195882162
4753,9.383333444595337
4754,9.28333330154419
4755,9.266666889190674
4756,9.525000095367432
4757,9.916666746139526
4758,9.791666746139526
4759,9.399999856948853
4760,9.333333253860474
4761,8.3416668176651
4762,3.324999988079071
4763,8.90833306312561
4764,9.40000033378601
4765,9.477777798970541
4766,9.241666793823242
4767,13.608333349227905
4768,6.308333396911621
4769,9.758333444595337
4770,5.3933333396911625
4771,9.649999856948853
4772,9.558333158493042
4773,9.675000190734863
4774,9.311111132303873
4775,9.800000190734863
4776,9.799999952316284
4777,8.994444370269775
4778,6.75
4779,9.983333349227905
4780,8.308333277702332
4781,8.633333325386047
4782,9.53333314259847
4783,9.566666603088379
4784,10.125
4785,9.333333492279053
4786,10.049999713897705
4787,9.258333206176758
4788,10.116666793823242
4789,9.333333492279053
4790,10.125
4791,10.299999952316284
4792,10.125
4793,10.293333435058594
4794,7.233333428700765
4795,10.433333396911621
4796,10.244444211324057
4797,10.444444338480631
4798,9.622222264607748
4799,10.025000095367432
4800,9.316666841506958
4801,10.383333444595337
4802,8.03333306312561
4803,10.708333253860474
4804,10.208333492279053
4805,9.733333349227905
4806,10.491667032241821
4807,10.21666669845581
4808,10.21666669845581
4809,13.98888905843099
4810,10.441666841506958
4811,9.799999952316284
4812,9.500000238418579
4813,10.416666984558105
4814,13.641666650772095
4815,12.741666555404663
4816,9.641666889190674
4817,10.883333444595337
4818,10.325000286102295
4819,10.175000190734863
4820,7.4083331823349
4821,10.183333396911621
4822,10.325000286102295
4823,10.280000305175781
4824,10.3083336353302
4825,11.02500033378601
4826,7.741666793823242
4827,10.566666603088379
4828,11.316666603088379
4829,11.525000095367432
4830,11.09166669845581
4831,11.491666793823242
4832,11.583333492279053
4833,11.500000238418579
4834,11.34166669845581
4835,9.891666650772095
4836,7.833333253860474
4837,7.9083331823349
4838,9.373333549499511
4839,11.308333396911621
4840,11.391666889190674
4841,11.125
4842,12.024999856948853
4843,11.708333492279053
4844,9.258333444595337
4845,14.03333330154419
4846,12.150000095367432
4847,13.941666603088379
4848,9.926667022705079
4849,11.966666460037231
4850,11.650000095367432
4851,8.558333158493042
4852,12.03333314259847
4853,12.166666507720947
4854,12.55555534362793
4855,12.25
4856,9.633333444595337
4857,12.400000095367432
4858,12.266666650772095
4859,12.333333253860474
4860,9.291666746139526
4861,12.325000047683716
4862,12.477778116861979
4863,11.9416663646698
4864,10.733333110809326
4865,6.950000047683716
4866,10.199999570846558
4867,12.388888676961264
4868,12.755555470784506
4869,6.950000047683716
4870,12.375
4871,12.316666841506958
4872,12.458333015441895
4873,12.524999856948853
4874,12.691666603088379
4875,12.691666603088379
4876,12.183333158493042
4877,6.950000047683716
4878,12.258333444595337
4879,12.483333349227905
4880,13.666666793823243
4881,7.650000095367432
4882,6.958333373069763
4883,13.691666603088379
4884,12.049999713897705
4885,11.849999904632568
4886,9.40833330154419
4887,10.491666793823242
4888,12.150000095367432
4889,12.533333539962769
4890,11.666666507720947
4891,9.983333349227905
4892,13.708333253860474
4893,11.100000063578287
4894,11.083333492279053
4895,6.825000047683716
4896,11.54000015258789
4897,12.358333349227905
4898,11.949999809265137
4899,11.924999952316284
4900,11.20666675567627
4901,11.775000095367432
4902,11.533333460489908
4903,10.28333330154419
4904,11.499999761581421
4905,10.244444529215494
4906,10.941666603088379
4907,12.04666690826416
4908,12.275000095367432
4909,10.686666488647461
4910,11.950000286102295
4911,10.900000095367432
4912,10.233333269755045
4913,10.75
4914,11.150000095367432
4915,10.683333158493042
4916,10.683333158493042
4917,12.108333587646484
4918,11.958333492279053
4919,11.500000238418579
4920,11.325000047683716
4921,9.291666746139526
4922,10.974999904632568
4923,10.34166669845581
4924,10.78333330154419
4925,9.258333444595337
4926,9.683333396911621
4927,10.644444465637207
4928,11.44444465637207
4929,11.558333396911621
4930,14.222222328186035
4931,7.959999942779541
4932,8.783333420753479
4933,11.53333306312561
4934,11.241666555404663
4935,11.316666603088379
4936,14.65833330154419
4937,14.708333253860474
4938,11.724999904632568
4939,9.833333253860474
4940,11.891666650772095
4941,11.916666507720947
4942,9.833333253860474
4943,12.075000047683716
4944,14.874999761581421
4945,14.899999809265136
4946,10.349999904632568
4947,10.349999904632568
4948,9.400000095367432
4949,8.479999828338624
4950,8.116666436195374
4951,12.222222328186035
4952,10.133333683013916
4953,8.574999809265137
4954,10.725000143051147
4955,9.741666793823242
4956,10.374999761581421
4957,10.333333015441895
4958,10.54444440205892
4959,12.406666374206543
4960,9.074999809265137
4961,9.108333110809326
4962,8.916666507720947
4963,12.177777608235678
4964,12.274999856948853
4965,11.533333539962769
4966,11.825000047683716
4967,9.858333349227905
4968,9.858333349227905
4969,12.688888867696127
4970,13.0888884862264
4971,12.300000190734863
4972,10.625
4973,10.183333158493042
4974,12.516666412353516
4975,13.033333460489908
4976,13.699999809265137
4977,13.516666412353516
4978,13.366666555404663
4979,13.516666412353516
4980,12.983333349227905
4981,14.124999761581421
4982,10.266666412353516
4983,14.475000143051147
4984,10.916666507720947
4985,14.508333444595337
4986,14.422222137451172
4987,11.349999904632568
4988,9.216666460037231
4989,9.144444465637207
4990,14.416666507720947
4991,14.48888874053955
4992,13.966666221618652
4993,14.053333282470703
4994,10.333333253860474
4995,14.786666679382325
4996,14.791666746139526
4997,14.59333324432373
4998,14.399999856948853
4999,15.508333444595337
5000,16.133333444595337
