object_id,rmp_prox
1,0.06351495937188086
2,0.016050715605542953
3,0.010253231642122343
4,0.010516810645267225
5,0.010700331705854577
6,0.12694641238067345
7,0.04964892360490358
8,0.013688201776349303
9,0.12790095817399694
10,0.14427711714174796
11,0.0578434674670919
12,0.02769845379161157
13,0.13206231764264723
14,0.19334390240323
15,0.6120690667138802
16,0.5771750797837594
17,0.20723158396125382
18,0.7025496066802642
19,1.9222467663505056
20,0.04520995935566857
21,0.22284790872664365
22,0.2836230079582533
23,0.0322704594236768
24,0.23942784477441414
25,0.2706097957940923
26,0.23954629694093493
27,0.09128079988991254
28,0.040932504389391736
29,0.15737419635985797
30,0.38629021822050036
31,0.844698093341289
32,0.12763176393038025
33,0.10477282088674407
34,1.4532047084146695
35,0.16230331952445307
36,1.0021231100720174
37,1.0611206717733426
38,2.886041174614468
39,0.10197772571877149
40,0.5483292610563796
41,0.2085138575103216
42,0.18216656044222565
43,0.5419888316478771
44,0.5015035776191719
45,0.5169711525287115
46,1.2878383711574835
47,1.2248618514621865
48,1.6536982212029316
49,1.6836990590116774
50,0.12474264054516865
51,0.3701926574884739
52,0.28971520327084743
53,0.2769146932410443
54,0.11741506020074632
55,0.06173860986956419
56,0.03369080176236263
57,0.06998051688619862
58,0.019361587766828357
59,0.019111961308558512
60,0.029361048997929143
61,0.13969338805946047
62,0.6320669477299842
63,0.15441120028197364
64,0.15102681322516193
65,0.1626250949236609
66,0.08930347430962104
67,0.2527719835974851
68,0.23879751982832034
69,0.022609346163150308
70,0.26679103292885276
71,0.1575401614305816
72,0.4996792009014375
73,0.21933648675717396
74,0.220389055673234
75,0.11692700784498987
76,0.2007415212937273
77,0.1809694308781181
78,0.1311479119530474
79,0.1597448526297135
80,0.21796444441750007
81,0.14588325453215917
82,0.22118026471777746
83,0.1810468211628198
84,0.13055193010897248
85,0.20737147321238822
86,1.485326651939519
87,0.1351464121015561
88,0.10003814722760182
89,0.06952435224542958
90,0.24903863123231862
91,0.6920166694493575
92,0.6750958985235486
93,0.9791222892425995
94,1.073524177114493
95,0.9610723488726052
96,0.8582011956448907
97,0.7339404380804319
98,0.9408817182367745
99,0.5672377373108044
100,0.11702062389802143
101,0.5893322351942305
102,0.4320774624934854
103,0.061228092277966224
104,0.07120750075790823
105,0.7475427902638354
106,0.27752099122724666
107,0.736607322041674
108,0.7378836863970002
109,0.11234302878952085
110,0.28236663873317835
111,0.05325708217930553
112,0.19909814662864347
113,0.06077119818338798
114,0.080209099292862407
115,0.12398805469465553
116,1.226505320501234
117,1.6530906654065332
118,0.11585519452631303
119,1.5340938208111006
120,1.6160037945960388
121,1.7330022898508777
122,0.20352802391731895
123,0.9635108740099934
124,0.46127931618898316
125,0.0740662540280548
126,0.3935665681897015
127,0.9851581891226557
128,0.44322544520086776
129,0.18440647644339658
130,0.15794658643125134
131,1.0681743040248262
132,1.112762383948921
133,6.008125658137262
134,0.21107549054431976
135,3.8487992384316256
136,0.23455778645119968
137,1.5996753030155082
138,0.10887701784001387
139,0.24886456507531166
140,2.927644838238306
141,0.5139038011005146
142,0.8022527577138634
143,0.09002664399211137
144,0.07055057482288202
145,0.09886950270261878
146,0.08749357647530241
147,1.3144300645754543
148,0.8136250004588914
149,0.16916871000402126
150,0.17288774111867947
151,0.4937286003389452
152,0.8042802197528011
153,0.7294880367874712
154,0.05617719856133274
155,0.1766126858178656
156,0.36971482730175464
157,0.24654931227896834
158,0.25124230606029607
159,0.06606254211945393
160,0.2918944180984663
161,0.451947040021327
162,0.16863666641435923
163,0.16803020511817046
164,0.18865170391693278
165,0.23352544376421958
166,0.21323002382202275
167,0.12333275051848254
168,0.4804757983429744
169,0.7619986029460283
170,0.5578690907512627
171,1.1194880185966607
172,0.5148292950638764
173,0.2063190212628625
174,1.2765597285360577
175,0.6173219875264825
176,0.9752857494771234
177,0.11904217158235222
178,1.4329163119648602
179,1.2513804925942555
180,1.3395695887539723
181,0.5147844995533536
182,1.476931587228093
183,3.305347491663179
184,0.9226212104919078
185,0.14364978917482832
186,0.18655535194864398
187,0.7607058578450996
188,0.6526280420181029
189,0.9913353507542404
190,0.6508860615760647
191,0.1944685438039351
192,0.8134385281537413
193,1.2126000662281349
194,1.1475722858382096
195,0.9170539807042704
196,0.9285767512970508
197,0.814118086989841
198,1.1156774337311774
199,0.1956432292067172
200,0.2742986990507086
201,0.6786580924896395
202,0.19690389411292858
203,0.6671922789673412
204,0.8740265588069402
205,0.1997332330853347
206,0.3246056901236251
207,0.9891259496404132
208,0.2090551394492638
209,0.21696050091509744
210,0.27694532614701
211,0.20871383912426042
212,0.5463262480281764
213,2.0821611891179557
214,0.15431249589560314
215,0.19956556495047684
216,0.2693514672882777
217,0.1469876624674907
218,0.37011750154127276
219,0.8959968532262537
220,0.2353626597820302
221,0.47623663439668645
222,0.19028956100539543
223,0.27782090957576944
224,0.1855126087426473
225,0.17193695275346563
226,0.6635873276865598
227,0.3305140210328681
228,0.16353813638001488
229,0.1817767190843116
230,0.25063466675396207
231,0.182612650506217
232,0.19682342420973573
233,0.5513837270778408
234,0.2889234592319461
235,0.3007349562123023
236,0.2514898068796216
237,0.13511060867971267
238,0.20562577217206804
239,1.6244414348839284
240,0.6960475480666193
241,0.20053552965521138
242,0.09393864010123541
243,0.09721186535893891
244,0.35716818768756275
245,0.736856980914645
246,0.7698762503662764
247,0.2297341748353587
248,0.4445202650793609
249,0.19099053721722054
250,0.5104483562353633
251,0.1657027381641748
252,0.17506202566920423
253,0.7317033439250225
254,0.16735483985751037
255,0.10459314565372588
256,0.09619638057371076
257,0.1826231186614362
258,0.8031800495745269
259,0.8609640371076982
260,0.3166551210516629
261,0.1514527031490832
262,0.9594212415935036
263,1.463458518959525
264,1.57810069316605
265,0.8302107632157654
266,1.0270188795076762
267,0.3690611048155132
268,0.32952708290143384
269,0.20704702790393306
270,0.2065661612786388
271,0.11197532406341643
272,3.198953943142324
273,0.4026500256036993
274,1.0685846387856242
275,3.462263132435302
276,0.9558216393965275
277,1.0186619667928425
278,0.4808333671036457
279,0.18904417354335426
280,0.4970058083411215
281,0.5443712846865166
282,0.5819642017094063
283,1.0887274846313306
284,0.38792400156365425
285,1.2514745430345573
286,0.4322892784362478
287,1.8431613740611144
288,0.388002610036788
289,0.9233733901259501
290,1.6372332845396211
291,0.22529723739384305
292,2.729155905456709
293,0.20519684259220278
294,1.44913757033615
295,0.7490908692735128
296,0.7518350901016196
297,2.0994422352038375
298,2.6564130360001443
299,1.2256098599768852
300,1.9107429091422907
301,3.3418682679808693
302,0.67671643982142
303,1.3596056646059784
304,0.7219879309835151
305,0.7506220699987226
306,0.67289566096509
307,2.93647813573761
308,1.8977991112363688
309,2.563398040190431
310,2.186125221615737
311,2.4973543594945955
312,0.6269262112138085
313,0.6296136906982857
314,0.8770474216898092
315,0.8684486535094955
316,0.7612158228309449
317,2.59794281017869
318,0.8667116630657603
319,0.7778109594653072
320,3.444896758818472
321,1.1625537428985455
322,3.812478302086393
323,2.812352399585154
324,1.0283881030325823
325,0.9227806238717645
326,0.9430396136941241
327,9.620550415526237
328,1.7874178828333809
329,1.0010981544676667
330,0.8937461518689848
331,0.7482641461145896
332,0.8320028195896456
333,7.477647123141582
334,5.457132594337139
335,5.894285114969297
336,1.8511717284298792
337,12.475814608981777
338,0.6228780026762385
339,31.473268031899284
340,1.1665885670907206
341,0.74194849810439
342,1.9520615474980865
343,0.5395407591903818
344,3.306974920289627
345,1.4064234386009133
346,0.14960875242066843
347,1.775697754655929
348,0.8791636084550749
349,0.7176100718725736
350,15.41446879478644
351,1.0280901687249844
352,0.908262954663178
353,2.6469947667480023
354,1.5923125791059685
355,3.112770571591304
356,2.985726452077648
357,2.187699928018038
358,3.0317949896694603
359,0.24832645445697205
360,2.1392320351262786
361,0.8127551904797367
362,0.3599589677233704
363,0.33196795196247575
364,0.32029949347760234
365,0.28903033575820514
366,3.8179946718007
367,1.8397595957967277
368,3.715232529358641
369,4.73452485676458
370,2.4382840485219153
371,0.2682885837411396
372,1.1184335659670104
373,0.3164798058785524
374,2.3485295891748224
375,2.265272751266461
376,0.7969674966064668
377,4.577210774567988
378,2.161713106158358
379,2.562003852957328
380,1.0317451410006733
381,2.28553591568993
382,1.3400000860234196
383,0.9715804411988003
384,0.11482439473836063
385,1.2389730750421908
386,1.192455864798611
387,2.4482056104103695
388,0.0654133742658413
389,1.871101707715784
390,0.0637673553135754
391,0.06856061739074733
392,0.8044081273942637
393,1.431023694466316
394,0.24474044030734354
395,2.908306051850827
396,5.090096029316315
397,0.2288645657851662
398,3.797608163946416
399,2.3101658944646872
400,0.42430252785530675
401,1.798773553779219
402,2.208895020078595
403,3.4267665521461024
404,0.9591239446720121
405,1.917756942136029
406,2.205038334866666
407,2.468940410206216
408,1.556067202809079
409,2.08814429497694
410,0.87737934828623
411,5.628998403759749
412,0.1938326681851336
413,3.8837319731719346
414,0.6527444219883726
415,3.744702773475861
416,1.1962781467699284
417,2.3203669538663187
418,2.8159283670866024
419,0.6503729113041087
420,2.76810650986216
421,0.08190668842256728
422,1.553318133415154
423,0.07848601694913061
424,2.1162206494104496
425,4.085010207372781
426,2.429902716909346
427,2.0739048715627324
428,0.08142060550869219
429,2.3828269240628783
430,0.7060928505566351
431,0.6676029244929462
432,0.10181688318891029
433,0.08306658564473335
434,2.0412546261630613
435,0.1555591116223441
436,3.0889343623510555
437,0.12310671976618041
438,2.0622226243332493
439,0.1292062972335686
440,4.201775939302156
441,1.7959181635643446
442,0.11863833753614715
443,3.1998373488799587
444,1.6020524025360126
445,2.6051245779961216
446,0.08178814023753668
447,0.6633403184122245
448,2.0274239709761193
449,0.10308359468242978
450,0.11379346801911919
451,0.31626887249439206
452,0.19658560058733687
453,0.08417179999516775
454,0.49202076786394766
455,0.1094765624533359
456,1.6202697815040707
457,1.4266089847970196
458,0.8594568902346744
459,1.6114004124012866
460,0.7981063286419903
461,0.08021633567941938
462,1.5585721825001617
463,1.1196073375149718
464,0.1404749167585304
465,0.08317331910786373
466,0.07568784842201623
467,0.07437166205293816
468,1.2051936256671987
469,0.08305187566069265
470,0.0822387123278087
471,0.07724785432170876
472,0.11401177629921706
473,0.07433160766162618
474,0.15453457235910528
475,0.09196604793339189
476,0.7304791445408196
477,0.6902613061408048
478,0.07464139992667984
479,0.09146142163618133
480,0.08783019234921086
481,0.06604069422536452
482,0.6238188718485269
483,0.18938040983074206
484,0.17714743562892155
485,0.15911153748391982
486,0.2279491076631017
487,0.18750309729726525
488,0.974411016601456
489,0.10776116293992159
490,0.21007284011908856
491,0.0847879257707783
492,0.22837773766315086
493,0.3727816652499313
494,0.08366374921867555
495,0.05949175814243352
496,0.10419634800006423
497,0.6801758487456506
498,0.6616183085293675
499,0.3023083021239618
500,0.062209429472334175
501,0.2224299694124934
502,0.5771997386544688
503,0.8513383801727182
504,0.05757065648260727
505,0.1346439919964297
506,0.05708258636311192
507,1.899056129538607
508,0.06260847154522188
509,1.043461014803696
510,1.608163264962177
511,1.9291145350219403
512,0.061788009799538385
513,0.06432393303454995
514,0.05892164183742196
515,1.1297934863321584
516,0.061778092873151724
517,0.907025638376592
518,0.0854933636669313
519,0.06134348018557233
520,1.3481687967643243
521,0.11892787115433472
522,0.12674896561053015
523,0.08955732812373829
524,0.13624825340161525
525,0.11454938335740157
526,0.15459366879863154
527,0.11983231445618368
528,0.7036791454505914
529,0.2271154413277616
530,0.13583594235114693
531,0.15560682921344973
532,0.18128574229375477
533,2.405080846474223
534,1.2394565609852497
535,0.07050216013424053
536,0.10380850729963133
537,0.10977694672570468
538,1.2404200760461588
539,0.1041071594844192
540,0.13031290011492844
541,0.16694038548695705
542,1.4720486575835707
543,0.209386072531539
544,0.15556109529576753
545,1.5931373385030596
546,0.131514117374995
547,2.1819191526542627
548,0.45245496810045915
549,0.08475128113745853
550,0.23769083457862822
551,0.13631440101352987
552,0.173772756874526
553,0.09468465231475644
554,0.2013681387205224
555,0.18961194957675334
556,0.01463293021297694
557,0.2598249768951303
558,0.4159607374497087
559,0.6740043462925148
560,0.7571380197123322
561,3.3552329868677075
562,1.2660874599299972
563,0.10253585057904988
564,2.835773391808338
565,3.4256802618558817
566,1.685321188016249
567,0.11915597736605477
568,2.1699766812663412
569,9.500839034905576
570,4.548152086726905
571,1.042175328307838
572,2.439203798347269
573,5.32063758123379
574,4.741019235871098
575,0.4359548286351658
576,0.30643425101847827
577,0.5121758066408924
578,0.5574934427748528
579,0.3057050695758027
580,3.424853188388447
581,4.11431659525897
582,0.9360303929868993
583,0.34191928945951944
584,0.1734412505065244
585,1.5779028552205905
586,0.39129501658907656
587,0.06791936075064704
588,0.2164044162497536
589,0.7363880908581184
590,0.5169423961422754
591,3.036366304758625
592,0.18774867458960662
593,0.5955032704436296
594,0.8699264945483214
595,0.15089434447057282
596,2.895830438969934
597,5.199842059057322
598,0.5936868413440557
599,0.6732362105204945
600,0.12653190461189318
601,0.04577639517385984
602,0.0909476602882966
603,1.9765780151927193
604,0.174100982677958
605,0.22966700261255052
606,0.09401604666305977
607,0.5081478936946787
608,0.4761655434255776
609,1.4690297854052792
610,2.0105076229280736
611,0.23169353808983362
612,3.543437027826447
613,0.3049084588589284
614,0.14209171606787527
615,0.1061843858037538
616,1.4831008469778428
617,0.18236930685861144
618,2.219701608916037
619,0.19133786871256275
620,2.8534295947450965
621,5.29140816011153
622,7.214675906606961
623,9.17860615258324
624,0.13958798454034993
625,0.7086847863772754
626,3.236005801416562
627,0.14184822357846322
628,0.6349360604551938
629,0.047116498292615175
630,0.6493499740703206
631,7.148275304451021
632,0.12242186511963572
633,6.378144752192441
634,6.187851781184091
635,6.682945723871113
636,8.76983859062177
637,3.0353622823620796
638,0.1576248976110765
639,0.7803884751695976
640,3.877737126690495
641,3.916378099757124
642,0.11684136577141792
643,0.16296637923073543
644,0.5439517392936077
645,4.992506080933797
646,4.426519593264751
647,5.43493420621212
648,0.19774124430264314
649,1.4353664510337034
650,0.15186743945694353
651,0.8644045417819399
652,0.17541224439660738
653,0.7481168514623697
654,0.46643914796607966
655,3.3757902639483146
656,4.480678178881192
657,1.2554397530886936
658,0.1771330667385603
659,0.17124721337116014
660,0.45918099419965674
661,3.44317149488014
662,4.0033268210036175
663,3.763755689270748
664,1001.8408163142766
665,0.06790324102898439
666,0.0433408661658042
667,0.17090696559619767
668,2.942091626040527
669,2.1904583686872083
670,1.5956466655805936
671,2.3784632859293944
672,0.15204026696468592
673,0.2112688227425208
674,2.29654702933018
675,0.18878890285943248
676,0.19316723864424948
677,0.8503876976256289
678,0.06007183638445034
679,0.34401630545001904
680,0.14405790841805746
681,1.0911686408331613
682,0.15899680300001237
683,2.4653273930051163
684,1.873724610797788
685,0.19866097832323382
686,0.20377640180236936
687,1.760767738991038
688,1.9902113120983855
689,0.18913970399930224
690,0.17797677589891783
691,1.130841263969466
692,1.66340748387002
693,1.6899411901550656
694,0.7212378446205878
695,0.06872131965508337
696,0.5384113016826032
697,0.29101988765706477
698,0.1319645308187017
699,0.19219008268748156
700,1.5723192874886962
701,2.4567068507827807
702,0.641667865217179
703,0.5294545035898733
704,0.2530061620182369
705,0.8213745778510508
706,1.028448407879013
707,0.058454494800558414
708,0.16653247789322112
709,0.13469329467917618
710,1.0258481216120763
711,1.0738570352231955
712,3.2680182084009832
713,0.29388013213564285
714,0.5347500111673906
715,0.5817432553293912
716,0.15623618955414162
717,0.15482416123118406
718,0.7246674641943931
719,1.1525638427851816
720,0.8467955011925947
721,0.17090948536922876
722,0.15550560225788707
723,0.14797668737850214
724,0.14659157741846604
725,0.3109889848024722
726,0.5182695195428495
727,0.49499168977131164
728,0.5235729150427216
729,5.832571291798499
730,4.146704459927386
731,0.13610581426490706
732,0.12293955724694275
733,0.1512864706274682
734,0.12284048312308977
735,0.3570500768320187
736,5.774108483503006
737,0.29126062337418335
738,1.884801367552991
739,1.7186866622768102
740,0.11573536282066475
741,0.12020478287551767
742,0.15568218702772943
743,0.28510781025554216
744,6.196513285522408
745,0.13044293167103113
746,0.11248791596869752
747,0.15927609931854322
748,4.781899033817559
749,1.1773390090126317
750,0.12354564607011474
751,0.11408767859176737
752,0.1061636875570201
753,0.1185635573190357
754,4.825381819858781
755,0.1714743388103652
756,0.3166558449414622
757,0.10463940097848269
758,4.975501030103611
759,3.1652098827328246
760,2.3506097458856003
761,5.182317462201184
762,0.11467114108608048
763,0.06644715254091473
764,2.9042760496842064
765,0.20687409993741485
766,0.8569461039614813
767,2.165326155710785
768,8.166287995442444
769,4.136164389740038
770,1.0103611123940262
771,0.8584405212345622
772,0.1739100205623526
773,0.1316313906584056
774,0.09310320336293361
775,0.09197632401274215
776,2.735502614305467
777,0.08454753127181032
778,5.145111445587398
779,0.08705443285540398
780,5.069036441666905
781,1.049841272638602
782,0.08476347973116177
783,2.193351405683239
784,0.19799888448034103
785,0.08550320673518617
786,3.1218126940491557
787,0.7823725259781238
788,0.22093076317971055
789,0.0982162125180009
790,0.08070315575960577
791,0.19481277096322447
792,0.07517494247902239
793,1.9633257967990647
794,3.474778816467245
795,0.1430355129913007
796,0.15404722322258865
797,0.47022621443374035
798,0.06961033741907546
799,0.17925863185637386
800,0.21068959747883173
801,0.3118433541817765
802,0.1368540521976789
803,0.37195920078615435
804,0.32896073944033005
805,0.10896101470464555
806,0.12260945594281444
807,0.26542345889127883
808,0.26429347214686005
809,0.11792024953088431
810,0.589110814365573
811,0.060346150860531876
812,0.05904681207104942
813,0.06442380896138422
814,0.6694549770290704
815,0.23291923828900848
816,0.3294382184356062
817,0.3058036989524755
818,0.2852332727556317
819,1.4094077244303926
820,0.31238357904958775
821,0.10216329405230276
822,0.5135867384074957
823,0.2742444950829904
824,1.4163907158437912
825,0.15822481566486046
826,0.0954848829715922
827,0.6401732874574717
828,0.49441974275210976
829,0.09716072384088709
830,0.054017453421760495
831,0.10115517001089491
832,0.035060588746300136
833,0.3416247997059449
834,0.1265731677108168
835,0.2745153231566802
836,0.08239882690418611
837,0.7849350089187135
838,0.05064482546994877
839,0.5691848807781064
840,2.276129821983213
841,0.43964798942656186
842,0.5666231986611372
843,0.05524231259132524
844,2.383271073689752
845,0.1618432191048256
846,0.4385503211102948
847,4.119641251335917
848,0.4385197556651681
849,0.5767092185869707
850,0.5306104046102936
851,0.05258445370103888
852,0.05337569581646949
853,0.6161929111714349
854,0.5780989912795748
855,0.5354062486971484
856,0.1118903774549881
857,9.135611817882902
858,0.2278972771121117
859,0.05743556795863399
860,1.0911003415871854
861,3.247156657666341
862,0.1776971139947027
863,0.6695020852066632
864,0.19714974588311893
865,5.02712428451313
866,0.24011226771985394
867,0.23239455313224516
868,0.18916671945654573
869,4.530894653110295
870,1.5314885128371676
871,0.9551350377095646
872,0.8745730110860583
873,0.6662986474320285
874,0.2824846267774623
875,0.06073455244313271
876,0.9900671240341122
877,0.7643188618873933
878,0.05544826288044874
879,0.23699381801721267
880,0.22132623662387577
881,0.4407548745597021
882,0.06699554540776453
883,0.0801610997937981
884,2.8812016847153674
885,0.438127533664298
886,1.207098322640526
887,1.0710334995937278
888,0.8877358311725535
889,0.9070480053727168
890,0.5332009507053729
891,0.493415039035563
892,5.709799256842639
893,1.8103765329348462
894,0.9272434185252989
895,0.3412568584080555
896,0.3013812951188808
897,0.46597589645179416
898,0.4569934189193742
899,0.9454341932638757
900,0.9402095888418657
901,0.2203283435557265
902,0.38151510553319384
903,0.3721106829704862
904,0.4928859283918753
905,0.28572292512241804
906,22.106927924207646
907,0.2523895493163613
908,0.32611483252536555
909,0.40689603036535876
910,0.5417090319359463
911,0.5172968082662279
912,2.105019770635301
913,0.07276462270076385
914,0.2504705465565804
915,0.3129653471116764
916,0.6038003687339973
917,0.40889040114125536
918,0.5018324418123299
919,0.5892727065338157
920,0.5573743985126657
921,0.5838477470256731
922,0.7683259186593705
923,0.9282756191287
924,1.0147298222598973
925,0.08801917454151542
926,3.2243216967750077
927,0.35252068961639077
928,0.7205507064232924
929,0.7784153763586239
930,0.6389644037373109
931,0.6326918055050355
932,2.2407761275779494
933,1.0755084118773584
934,0.20349470344944343
935,0.07485269258090742
936,3.5732655999526144
937,0.6419769062430121
938,0.676877404248524
939,1.3450216639907917
940,0.06750494273255428
941,0.11326991593291519
942,1.2897828042634805
943,0.6371331099250337
944,1.2298960123026936
945,0.46717712437352593
946,0.059467648965349444
947,2.136964586575696
948,0.7704025733016558
949,1.1532001152224893
950,1.5711280116283408
951,1.5549007113660178
952,1.5387497202441816
953,5.665303727497867
954,0.7591260935400888
955,0.10917370275381294
956,0.2287083820684029
957,0.3756889458420532
958,0.8364073723789526
959,0.9808148794120446
960,0.876689450480743
961,1.862096112271647
962,1.482387186164236
963,0.67855590741069
964,2.8905099536448353
965,1.1103385907405028
966,0.9037749947575056
967,0.23949425284461937
968,1.668796970197918
969,0.9860198045230002
970,1.007322897305026
971,1.08144748539981
972,1.256272260983595
973,1.6334778456865684
974,2.741252948886926
975,3.734920050778417
976,4.499786703960672
977,0.5876764945290535
978,0.989582530752664
979,1.0504069894729244
980,2.1144758995348325
981,0.27691089571281235
982,0.8550189726512413
983,0.9855100317594239
984,1.0562808707376463
985,0.169648746704212
986,0.3044739850929355
987,0.6812544080361433
988,0.97951011579476
989,0.4410813496193018
990,1.3327690766497469
991,0.18415357412237005
992,0.33004272440976556
993,0.9590172183566552
994,3.6016208022004177
995,2.624758395317754
996,1.9569824491294376
997,1.977465195533958
998,3.0269710392065665
999,0.4545565396672949
1000,0.9658667968646435
1001,0.5746656627637512
1002,3.3989461127190252
1003,0.9508404413751266
1004,2.5784678396594045
1005,0.9133744956700915
1006,1.2231673308365458
1007,2.182005614504374
1008,0.07151756048315447
1009,1.4454080842880512
1010,0.22886976581572083
1011,1.0861283456403605
1012,1.2829920388529445
1013,1.1483992290891418
1014,4.520612237939129
1015,1.4335443198298978
1016,2.2838097185131643
1017,0.25641487336227897
1018,1.4878683130014048
1019,0.2573992659379304
1020,0.47538782929389023
1021,0.4254495512842209
1022,0.19458666179257278
1023,1.347570999474983
1024,0.7182967703196463
1025,0.5029201260253888
1026,0.20699831060582527
1027,0.5162946993944755
1028,0.5283866711213604
1029,1.0264538208008855
1030,1.060548295246184
1031,3.983693643025024
1032,0.5400943981715904
1033,2.0071376513417354
1034,0.1988603489356608
1035,0.23339181482661928
1036,0.5947712655857231
1037,0.08769021604648683
1038,1.1199632129979693
1039,0.21975822038215284
1040,0.4928205784370141
1041,0.5102430009970856
1042,2.5777926241397635
1043,0.9486690084156335
1044,0.2044066536573483
1045,0.4618475131110207
1046,1.7783671384267434
1047,0.07989422746171214
1048,0.1342944899136389
1049,0.13875091882387547
1050,0.18032133477419124
1051,1.4316262027761277
1052,3.6754545476804
1053,0.20336619144517598
1054,2.5496537616594805
1055,1.7025961726819465
1056,1.0310804923353998
1057,0.14999737827097323
1058,1.218583589254552
1059,0.8158148808524148
1060,1.4108727930754228
1061,3.0729438771545734
1062,0.09096409218707137
1063,11.623613034266459
1064,0.8624325314973961
1065,0.17835333377607518
1066,0.22918895044136853
1067,0.1244881208041718
1068,1.2781998781138468
1069,2.699729933807821
1070,0.9364025505531314
1071,0.4718953095634385
1072,0.08267053242650348
1073,0.1571220801252163
1074,0.4368578325101582
1075,0.1324690406675842
1076,0.19036562499842885
1077,1.8199370331927072
1078,2.3246210561013454
1079,2.0151713972334777
1080,0.12202114221616475
1081,0.14804607095423616
1082,1.428887267259747
1083,1.6310979271618051
1084,2.0135545532909647
1085,0.11925480655983842
1086,1.467902710496697
1087,0.11981783251644686
1088,0.16227240476208024
1089,1.085022099799307
1090,1.5193291287249053
1091,0.15551108751373569
1092,0.1755315843285665
1093,2.2035721307757656
1094,1.2363353705564915
1095,0.12866495510055595
1096,0.11932381507805288
1097,0.11569033726783827
1098,1.7344959948378056
1099,0.12449868711124797
1100,1.274341353112876
1101,1.1683749188803512
1102,2.11866204423733
1103,0.7207324123050114
1104,0.6731256678894155
1105,0.10885093827999882
1106,0.13796772870269403
1107,1.6465198915356014
1108,0.7078982163174551
1109,2.4532580917494964
1110,0.7440897261836845
1111,1.2856136332676202
1112,1.2754596158087226
1113,0.987689995585564
1114,0.15737122238067836
1115,0.15577348555216747
1116,0.16808630566556176
1117,0.17496603860853993
1118,0.46269208854690846
1119,0.1313087420235395
1120,0.17233745606659337
1121,0.11588890922079215
1122,1.2641241730409691
1123,0.12282112291927835
1124,1.1178845560531776
1125,0.10359438150122831
1126,1.6334567900162351
1127,1.3260347190008237
1128,2.079217669407952
1129,0.6042279137254616
1130,1.6152029196527227
1131,1.6169069636678273
1132,1.618133887157394
1133,0.170609179398487
1134,0.5546752629103451
1135,0.5406672344301884
1136,1.972493177387687
1137,2.180228229966661
1138,0.1606665171551758
1139,1.7499426662587068
1140,0.5012659197719416
1141,0.4520411269947609
1142,0.8167690370187941
1143,0.1379358861013558
1144,0.14246008734520446
1145,0.1636791927769944
1146,0.49031800902016637
1147,0.21230026146797923
1148,2.5230556506903805
1149,0.13181647525698703
1150,0.14480297272146425
1151,0.5082387105082109
1152,0.7966062135710784
1153,0.8972891723412564
1154,1.4100859984440075
1155,0.20560157011332292
1156,2.4605941028427023
1157,0.19138381308550845
1158,1.069000500802342
1159,3.507444607758884
1160,1.2679542810566597
1161,3.4820213047692117
1162,2.7329829970014123
1163,2.0365754104470364
1164,0.09576852348141414
1165,0.14652772254308222
1166,0.5052762192574054
1167,4.8907059705884155
1168,1.6677778417737825
1169,0.10347653238029049
1170,0.1717130757947011
1171,0.16822960104610846
1172,1.9219560951436006
1173,3.6712382076599153
1174,0.8612222872361908
1175,0.11994900305133152
1176,0.17322405649520278
1177,0.6745239437099058
1178,2.596258484041713
1179,2.1804857116158787
1180,0.18050430965379857
1181,0.4644889117094164
1182,4.919308017422071
1183,1.9152561690643668
1184,2.005134118454866
1185,0.25667801486907504
1186,0.39755216242051744
1187,3.2547528475691756
1188,4.7433016472870655
1189,4.013569693746165
1190,3.6423711579412914
1191,3.0355037024453226
1192,2.1662497103610048
1193,3.672703853348773
1194,2.572113539947837
1195,0.6124163617080544
1196,0.09565554790121258
1197,0.2153892066193231
1198,0.29432406463609373
1199,0.14442551247423002
1200,2.4667211084317557
1201,1.7900547282699566
1202,3.520376930181649
1203,1.8187730001114997
1204,2.3670258633504635
1205,0.22673632059999405
1206,1.5183907345974934
1207,1.6123159182377262
1208,1.6167067557711767
1209,0.9502472224758107
1210,1.8517863790949414
1211,2.7267619215536567
1212,0.29732073116284863
1213,1.422024969478874
1214,1.6591846057754613
1215,0.1562724076397187
1216,0.22306937759196713
1217,0.23564453246819986
1218,0.22552225055824462
1219,0.17629500133802553
1220,0.16495846891165677
1221,0.2057214716422662
1222,0.1741092121703313
1223,0.8875465168833423
1224,0.20473256117975214
1225,3.1204332611304695
1226,0.023993427342896417
1227,0.20030702759118138
1228,0.19810846729520679
1229,0.5738356144434529
1230,0.6067116873577358
1231,0.7776771370455812
1232,0.6620931991834502
1233,0.6954764486510767
1234,0.5195484096704602
1235,1.0095369430314574
1236,0.646013652049747
1237,1.2990859357091733
1238,1.1980130156137303
1239,0.7439298058589952
1240,0.21742239409025382
1241,0.5509231649046333
1242,1.6644285295068848
1243,1.2546023970052937
1244,1.1622726459348458
1245,0.6634643948445123
1246,0.5931570981723084
1247,1.2344422890574636
1248,0.8494066324890734
1249,1.9847100120062808
1250,0.8448233829557882
1251,0.15439293924421377
1252,0.0610118294629805
1253,0.2504597147706209
1254,0.6068676365861543
1255,1.7720238879205452
1256,1.6965118609608894
1257,0.5840154758353149
1258,1.967433593804413
1259,2.642058891428993
1260,2.1837738032793585
1261,0.5491865609774129
1262,0.6304113204369155
1263,2.8950268891524567
1264,2.3544725743410524
1265,0.49654706317156
1266,3.5737631213010843
1267,0.8574647233129615
1268,3.3150057399623725
1269,2.814543389848864
1270,0.49690911165120805
1271,3.6724335013986678
1272,3.6352271520356947
1273,7.016628627171467
1274,0.8254661781447493
1275,10.429828172063432
1276,0.7342208349990559
1277,0.972074713224131
1278,0.6662109166181469
1279,0.28684990484498074
1280,1.9787733576448607
1281,0.8650589934462414
1282,1.3025058378815035
1283,1.1929726130577867
1284,1.93307169212652
1285,2.765772947030908
1286,1.0063904005386912
1287,0.4291218217238092
1288,0.25614491080534846
1289,0.9375177481090478
1290,0.5339249637716831
1291,0.3207691859279247
1292,1.5964923974635545
1293,4.220574736007855
1294,0.4825946414526815
1295,1.3083580958065433
1296,0.2633359908114651
1297,1000.2775943113041
1298,0.47714477127573535
1299,0.255741870644728
1300,0.2604341398240914
1301,0.7138822464976514
1302,0.7901923402139914
1303,1.5936370416036372
1304,0.6345398154192661
1305,0.15849304974486259
1306,0.5491790038009656
1307,0.3594744805179974
1308,0.5481741173455537
1309,0.16842097707673057
1310,0.7107828877660385
1311,0.02941135630124236
1312,0.1609892854788809
1313,0.2034534398645664
1314,0.2769909872333511
1315,0.19654603990420322
1316,0.20434839447215936
1317,0.2598720342167857
1318,0.2770697357087939
1319,0.28417644380468843
1320,0.2673150722065539
1321,2.0679903587544435
1322,0.03995279611828254
1323,2.800022332992768
1324,2.268643863027291
1325,0.6372566065028149
1326,0.2847748642109444
1327,1.1926561083249099
1328,1.1815265580843095
1329,0.3851671366246032
1330,0.16485802585441592
1331,0.18475674121490188
1332,2.472461500919583
1333,2.032834019888355
1334,1.2119152711287757
1335,4.258532831521368
1336,0.17088420034227808
1337,0.8083788167566881
1338,0.7526537302273215
1339,0.17773800795024394
1340,3.5242645835334594
1341,2.103975376537425
1342,0.15466078190791122
1343,0.8537825161924973
1344,0.1749030094472621
1345,0.27659506896341135
1346,0.842273278588086
1347,2.46515702799238
1348,2.51562945304553
1349,2.904683588458158
1350,0.28334596927518135
1351,0.1413050808801756
1352,2.8417317375258384
1353,3.432184708843527
1354,0.3532443396384626
1355,0.5088556299263973
1356,0.5634265584883785
1357,0.7023866560717332
1358,6.201908674492877
1359,0.7844104278647086
1360,0.49427683051144866
1361,0.19927451587779094
1362,4.065073352579564
1363,0.6632631239091137
1364,1.7472070744796067
1365,2.249341359753866
1366,2.2803024453601664
1367,0.7252016558786534
1368,0.206496684995617
1369,0.10960476841746528
1370,0.1572565484169444
1371,0.01877235058372295
1372,0.08010614737834279
1373,2.625974087131933
1374,0.7556570871360994
1375,0.10952855056477158
1376,0.9226013876227163
1377,0.681531213916831
1378,0.651706046505685
1379,0.1983355636740346
1380,0.10956907240584693
1381,0.1753115918844893
1382,0.4481273585276816
1383,0.11390899110952885
1384,1.1579095495534222
1385,1.184625346074503
1386,0.10697361801067799
1387,0.11506603175496168
1388,0.32266316678889384
1389,1.5676218826814647
1390,1.9296069426121563
1391,1.213432135627147
1392,1.4890020751830968
1393,0.22338964578808942
1394,1.1137336344119706
1395,2.10310095485313
1396,0.9086682132365159
1397,0.1712903073331584
1398,0.2988279183962607
1399,1.042560055242877
1400,1.135746662924728
1401,1.3811506995316916
1402,1.409298670081039
1403,0.4610984987546475
1404,1.598055243756378
1405,1.7134752956328194
1406,0.11372428568657021
1407,0.7110868124689842
1408,2.441892830416833
1409,0.8035740186366944
1410,2.2749354727404025
1411,1.804852746195208
1412,0.25008564420480006
1413,0.2133288399471568
1414,0.1810400897048561
1415,1.0133318025544382
1416,1.8452162773188805
1417,0.22245617420263783
1418,0.1972968866135105
1419,0.8691400389569631
1420,0.9344992043906892
1421,1.7110205591553813
1422,1.2379731867142536
1423,0.20741534486703475
1424,0.6265118495098434
1425,1.1070544715005934
1426,0.25735150389897027
1427,0.1689178573409668
1428,0.12021148599158092
1429,0.14557136570760026
1430,0.16737205505204295
1431,0.2031473973482545
1432,0.131205189825124
1433,1.1777431514194499
1434,0.9162031155407183
1435,1.65415430009709
1436,1.7347479803050585
1437,0.3417892713981764
1438,0.021493514943306875
1439,0.14793808966896455
1440,0.15649947000162903
1441,0.1912965231381272
1442,0.13455328332179675
1443,0.15241891051777462
1444,0.16927149851811404
1445,0.17200939893160003
1446,0.6396712278319584
1447,0.26853353722794543
1448,0.13996215258363479
1449,0.14181311028603485
1450,1.034167059149448
1451,1.9640222234960398
1452,0.13645596050070366
1453,1.993771079792133
1454,0.7316591136338798
1455,1.0509232351671682
1456,0.14346298434553964
1457,0.7665940664269384
1458,0.17127346063546278
1459,1.0569545599921624
1460,0.6935784725515591
1461,0.21918886791268083
1462,0.01883706179337605
1463,0.13877280768074857
1464,0.5590822304971281
1465,0.7376017328067207
1466,0.020237987127682187
1467,0.11461603362113244
1468,0.13289274319051947
1469,0.8843652672503024
1470,2.2099238231690905
1471,1.1915998022001058
1472,0.13433334861446344
1473,0.13757061239401847
1474,0.1469555940457774
1475,0.1584005967436192
1476,0.23007252893631755
1477,2.0621966279937016
1478,0.2809990525638544
1479,0.10518915707248899
1480,0.14676004780745994
1481,0.20615870918604864
1482,0.21713437220032802
1483,0.10962177011280029
1484,0.11799613783150051
1485,0.12794238781518433
1486,0.6185709821734567
1487,0.2024637696108478
1488,0.10995131905589114
1489,0.6931150980704217
1490,1.1431889540832791
1491,0.13095130234784041
1492,0.22425820373365069
1493,0.11245259538293924
1494,0.7438086561957806
1495,0.6592428796712899
1496,0.10666514163176073
1497,0.1384111738877298
1498,0.17996844811439383
1499,0.7421856985353038
1500,0.917976948293472
1501,0.1333717972061985
1502,0.4440782793242524
1503,0.14163659224966474
1504,0.1927394873716128
1505,0.22189640602880767
1506,0.320596463425403
1507,0.10075773593814434
1508,0.10246506626064122
1509,0.15790230193125845
1510,0.2970876460028372
1511,0.092076197256123593
1512,0.3075311418431002
1513,0.20418578297897488
1514,0.13581196922741012
1515,0.11751422677611248
1516,0.23443246570799994
1517,0.15755892833455165
1518,0.12608636063969503
1519,0.684196975434352
1520,0.09159518637378543
1521,0.33077805036035307
1522,0.3261690964578749
1523,0.13806273167516972
1524,0.1402592448326549
1525,0.30154591266208797
1526,0.30274464362874476
1527,0.3003606494117129
1528,0.21462430064123028
1529,0.14056913699774626
1530,0.26860143090191974
1531,0.1537430973042545
1532,0.022145669879166437
1533,0.16657476278541178
1534,0.09170795908162993
1535,0.0936436157077654
1536,0.23528997921787273
1537,0.23359333155542064
1538,0.23120513251516572
1539,0.22461819938649671
1540,0.07360874390797374
1541,0.12450193742767526
1542,0.1534936138794628
1543,0.21067306643252143
1544,0.19109729353613766
1545,0.17756593276485358
1546,0.17447805492537102
1547,0.12176284837628794
1548,0.15608860873314886
1549,0.1580379863106913
1550,0.15751298125471663
1551,0.1910248704025415
1552,0.1793500205490337
1553,0.1487580892353688
1554,0.07234220185923904
1555,0.18273288438927848
1556,0.15486198038663163
1557,0.07110272123354532
1558,0.0965883674157112
1559,0.15654247128993415
1560,0.16914316040186533
1561,0.09146036317054015
1562,0.1476545414478443
1563,0.1552031475810123
1564,0.13351079076369557
1565,0.19066469957189866
1566,0.10174841258802833
1567,0.14264757694957036
1568,0.13532552526253414
1569,0.13499529270629113
1570,0.13080158352382534
1571,0.12818949204677846
1572,0.12021160759550438
1573,0.1260316252678765
1574,0.10268114613399588
1575,0.12851369554466618
1576,0.1773791755376574
1577,0.1040483537516147
1578,0.4236803972838273
1579,0.12452135791252593
1580,0.10865301322941283
1581,0.2797772367027025
1582,0.1839737908349829
1583,0.5720237996571312
1584,0.2730967503647241
1585,0.11505918596622679
1586,0.12359490554628223
1587,0.10683626886400087
1588,0.030708777811895918
1589,0.043211517588032836
1590,0.1793501595837385
1591,0.03431885640638807
1592,0.0324984649927939
1593,0.013150593062053673
1594,0.0477780282341719
1595,0.05412236897448628
1596,0.3439894644129323
1597,0.3539871246331088
1598,0.34079241987739983
1599,0.37275630956380346
1600,0.20015747292414002
1601,0.10077302057227282
1602,0.22409603097352293
1603,0.20643860254555985
1604,0.30613518362022657
1605,0.39398863650419685
1606,1.3842231682155464
1607,0.12061220310645525
1608,1.0813158924042114
1609,0.11979042072570965
1610,6.176014377998409
1611,0.13525707283618707
1612,1.3283453798865428
1613,5.6251314269355035
1614,0.18589762752270897
1615,0.21144062614554604
1616,0.07591038239789069
1617,0.0750166655449929
1618,0.09054104726995833
1619,0.06792754721323438
1620,0.0652567623404419
1621,0.599739948417148
1622,0.06544593536405847
1623,0.06434163544540399
1624,0.07469355129232874
1625,0.08188823836549027
1626,0.4095621066394152
1627,0.4555757070335417
1628,0.07619118168125603
1629,0.1431980926487534
1630,0.28865490522074105
1631,0.2115036390524836
1632,0.1841470241330062
1633,0.09728297159774547
1634,0.3417593365643137
1635,0.21048768344586818
1636,0.19255962706209295
1637,0.1183696601426095
1638,0.04020286812342497
1639,0.09366129839881956
1640,0.29110153817456835
1641,0.3033952134968347
1642,0.134260422470417
1643,0.29059856362912156
1644,0.2927535666231288
1645,0.08180554979800564
1646,0.5847581028673747
1647,0.27209592633497487
1648,0.160905017021441
1649,0.15160732033820973
1650,0.17894574748377573
1651,1.1962599887374727
1652,0.09716621938909382
1653,1.202616354603009
1654,0.17596482454717965
1655,1.581642684800355
1656,3.1310944982424465
1657,1.8203657606811303
1658,3.8833798561034136
1659,0.1794584610341578
1660,6.8307064282384715
1661,0.4359452270023735
1662,41.7634239200842
1663,0.4452688231272529
1664,0.5949590124484259
1665,1.1044720091162394
1666,0.47507384333828306
1667,3.159746017254931
1668,0.3144827708979907
1669,4.011900418730746
1670,2.0672527870142567
1671,0.5441471011659775
1672,0.0562790557604729
1673,0.23365615034710632
1674,0.2402060241164377
1675,2.2962610998790707
1676,0.23544704987884083
1677,0.9670901290755005
1678,0.1847668517881573
1679,0.19118121306394076
1680,0.19216229819546538
1681,1.0368039503194546
1682,1.3552734678099037
1683,0.17029443764399094
1684,0.17498205404260017
1685,0.17885147692048076
1686,0.16353999227519184
1687,0.18700339776918148
1688,0.9288869082619414
1689,0.988600694521154
1690,0.16252451780926555
1691,0.15889326640415577
1692,0.17763428003790746
1693,1.3050370699910914
1694,0.4572782256671811
1695,0.19965375336991698
1696,0.2256778550462658
1697,0.4025468877939722
1698,0.1561212019006062
1699,0.7384021562170449
1700,0.265054456260427
1701,0.21050682575326568
1702,0.47074306358316687
1703,0.8939092189536251
1704,0.1984096965238036
1705,0.30910514597732797
1706,0.2578974013686397
1707,0.2197997963520774
1708,0.45386378465669375
1709,0.8209962897599159
1710,0.11949890793885738
1711,0.5190271599882706
1712,0.5788995005822201
1713,0.10180167110899908
1714,0.2151927886709184
1715,0.2800959518056202
1716,0.09284129847349658
1717,0.8879214540434509
1718,0.44668948010560244
1719,0.2935088829507782
1720,0.17315965891936502
1721,0.17253615216307855
1722,0.23121630664512113
1723,1.3191229566344183
1724,0.4052937930252555
1725,0.10425121774569948
1726,2.997202709351244
1727,0.4323583065505234
1728,0.8249477723123769
1729,0.20392736522255414
1730,0.22453936627468568
1731,0.4356518034274619
1732,0.8424986693250631
1733,0.5459653497252526
1734,0.29119717630872555
1735,0.8707839803853709
1736,0.6182006507173908
1737,0.892388449677942
1738,0.8665025399851813
1739,1.3197890657361082
1740,0.6373362357377462
1741,0.6167342333767316
1742,0.7042482523200007
1743,1.9888717894766481
1744,42.88188038124851
1745,0.814697229882397
1746,2.428461221839265
1747,2.855516804976544
1748,1.9825772822040915
1749,4.600986067394458
1750,2.717488011125816
1751,2.468635859836909
1752,1.5406169224316497
1753,4.512278778306056
1754,4.427856007062628
1755,4.847017592701136
1756,4.386115855174431
1757,4.874879324220147
1758,0.4527366663552817
1759,5.059599587080725
1760,2.1653596377765476
1761,17.534059347855646
1762,0.19391933759530494
1763,5.6897740124701315
1764,0.19210443303564115
1765,4.809397186265841
1766,8.22204420232423
1767,6.336381081932064
1768,0.6875357787580026
1769,4.8113419074001875
1770,5.442135484764298
1771,11.819854543423908
1772,0.9442764768435317
1773,1.132955182523805
1774,8.864229299584098
1775,3.0026963424564133
1776,1.2062085115418484
1777,1.1108917984057989
1778,0.2535798571564016
1779,0.2464678724655183
1780,2.1582709061012184
1781,1.3518154559737692
1782,5.623741627893261
1783,12.597282846339052
1784,4.526087057087986
1785,4.578530519198962
1786,10.534908297218298
1787,1.2485654651583864
1788,5.445759607127141
1789,3.9879040621429502
1790,3.214020781961394
1791,2.1448564619963277
1792,3.624386156365996
1793,0.5020190555503009
1794,5.12696885032027
1795,7.808927662796819
1796,5.532203776604265
1797,4.757308582107112
1798,7.312139019696747
1799,0.265163765485944
1800,9.157453365118926
1801,0.3070799221504976
1802,9.476839371481637
1803,5.965828043619151
1804,13.43586736578577
1805,10.430965126258185
1806,6.869046772913681
1807,6.0623498321473415
1808,9.342799131503236
1809,6.9133698624511375
1810,2.4439853689951434
1811,1.0744228795966364
1812,1.492559846812767
1813,0.1960521131625836
1814,1.6183513010906814
1815,0.11835629750181892
1816,0.10093446067835596
1817,0.10122641822892486
1818,0.10456830835413172
1819,1.920861471404966
1820,3.0303655513789467
1821,5.1972996710777695
1822,0.13382504852341484
1823,0.4481291307449996
1824,4.859748409162297
1825,3.0375405047807846
1826,0.10388441123537519
1827,10.94872804512551
1828,0.1523314088799696
1829,8.459495019380602
1830,0.9070837162700587
1831,1.4862282285084079
1832,1.751898751581085
1833,4.126061358273754
1834,2.7025005419861423
1835,2.664296529556457
1836,5.848617305499579
1837,0.1945008322039458
1838,7.831086528652088
1839,1.4642280329385464
1840,1.3479162847758523
1841,2.0418307738320554
1842,4.209673174205364
1843,0.17649640536395778
1844,2.3044887568349792
1845,0.03877889754682963
1846,0.1748258676815756
1847,0.5744549931938531
1848,0.18071244904668327
1849,0.14811308482571606
1850,0.0702336517910711
1851,0.2018422319172361
1852,0.29707773907909996
1853,0.17029578475563556
1854,0.1637225727480195
1855,0.17544905845221928
1856,0.19001640284124835
1857,0.19731929938691836
1858,1.19864593455879
1859,1.285475968779654
1860,1.3541483517752566
1861,1.3369142579640465
1862,0.16670737181455988
1863,0.45250864801067364
1864,2.1190301898509425
1865,1.6087376873192976
1866,0.6757580623781286
1867,2.045673087765875
1868,1.1764872937955118
1869,5.018373409087829
1870,1.0084124248829283
1871,1.5622320650947121
1872,0.14495224280596575
1873,1.12204439927951
1874,1.7621178426316917
1875,1.2212338343192013
1876,1.6514070629323663
1877,0.1802128866601628
1878,0.6141017774644094
1879,0.6499291025552395
1880,1.1155145946376046
1881,2.2361323923360006
1882,2.3337153497379366
1883,2.1442324360678717
1884,0.22548591303548082
1885,0.26329637590849425
1886,0.48272756421331353
1887,3.3557208758962247
1888,2.5867459972937232
1889,1.352042921947783
1890,0.5619215525584778
1891,3.0883001081533394
1892,0.18568083531031596
1893,3.1218850315628286
1894,0.5076165932482439
1895,1.6366332854226704
1896,1.6202628551354266
1897,0.2836938283630091
1898,3.1950813090614565
1899,0.39894830773332846
1900,0.32856296767497756
1901,3.671773120424504
1902,0.36904409131582905
1903,0.5388276551083364
1904,3.6060689891060123
1905,3.7543179136632387
1906,0.25856585574200075
1907,0.3475164238523561
1908,3.8212952349180425
1909,4.715301387149993
1910,0.4566512141779995
1911,0.25321287117243935
1912,1.3741531004098415
1913,0.05896923510473854
1914,1.7978909251572461
1915,1.9244780103081682
1916,2.21251879374053
1917,0.1836388933329182
1918,1.1602690925010493
1919,1.1112601782818061
1920,0.6748440426468972
1921,1.7762149370626283
1922,1.099731008019185
1923,0.8170917718357266
1924,2.247032342029184
1925,1.0713948724040425
1926,0.7202453637281081
1927,1.224299311931388
1928,0.830726972084652
1929,0.30989244317086434
1930,0.4495121750446718
1931,0.5494328818845737
1932,0.1382895348866391
1933,2.280856225696995
1934,1.9597769188260117
1935,0.7760422127699376
1936,0.7545664510281835
1937,2.291330102041292
1938,2.9336467446536365
1939,0.06813906916964246
1940,2.294157191328215
1941,1.0540362514326274
1942,1.4854943704003385
1943,0.020293372727779584
1944,0.8644878836168748
1945,0.34163160846241103
1946,0.6207019920524021
1947,0.21998539738034475
1948,0.026125567984428298
1949,0.556092478931032
1950,0.16477044815871592
1951,2.5270892224502965
1952,3.7210686324482856
1953,0.11820699874702631
1954,0.21153532280139636
1955,0.09467171210007459
1956,0.09063825305377007
1957,0.08861967640047629
1958,1.044142062719792
1959,0.08509678228119653
1960,1.1107702773042516
1961,0.05760247054334078
1962,2.82828622643442
1963,2.6023402340984165
1964,1.8604975372340262
1965,1.9745678384278962
1966,3.4188864639223038
1967,5.710618176035194
1968,3.4239550128358416
1969,0.17446031186711078
1970,0.17399153159042066
1971,3.535742606500644
1972,0.04192765352897612
1973,1.3722424774212612
1974,5.618988582357964
1975,1.341084139902584
1976,0.03786625019473706
1977,0.1617191382116663
1978,0.22222497838946406
1979,4.674106600872199
1980,0.9435391383748438
1981,2.218535270935231
1982,1.3641364268918017
1983,0.9406970833309694
1984,0.4751070405192935
1985,0.24745117340522474
1986,0.1639174001843203
1987,0.9825399770525669
1988,0.8806386864742919
1989,0.16250732274890212
1990,1.1951804163717925
1991,0.1797698259317561
1992,0.4436863357394491
1993,1.515813967491072
1994,0.13940482336566473
1995,1.4572155748565825
1996,1.7523448101448729
1997,1.9677752974012022
1998,0.18223131037487517
1999,0.797268603364421
2000,0.03522213697161837
2001,0.4525786625895127
2002,0.9328479887632993
2003,0.45485980385583075
2004,1.099675071580519
2005,0.8531297442590227
2006,0.5288285146826356
2007,2.577413667077613
2008,0.1636113721681911
2009,0.7863239364873436
2010,1.9544010556927214
2011,1.4756173611380912
2012,0.4242336289008606
2013,0.572317505355454
2014,0.8063634002011758
2015,2.2273469460496287
2016,1.1625711945128097
2017,2.021851292834387
2018,0.21929755301823184
2019,1.4463021819154231
2020,0.18499623992924824
2021,1.1500080069846492
2022,0.46033904431413614
2023,1.022753042988661
2024,1.6289122440053705
2025,2.2722773162176493
2026,0.41282489133659434
2027,2.849986953210049
2028,1.4210224068352122
2029,0.450544608878564
2030,1.9830894633690108
2031,0.031559464485622045
2032,0.2014335430389399
2033,4.050117717214392
2034,4.119173889265088
2035,3.957458777929186
2036,2.739553822002607
2037,2.491433474879261
2038,1.7127563252759803
2039,1.7088907193540448
2040,2.2885631465244556
2041,1.1279496572829946
2042,0.05215141119494565
2043,0.05454860588884199
2044,0.21100727214432705
2045,0.05730090286169249
2046,1.670531636224098
2047,0.1763808220080624
2048,0.06273058888805191
2049,0.16574341494475342
2050,0.06059519939610295
2051,0.06836118105403534
2052,0.05400407458143012
2053,2.505006429118071
2054,3.5232792597373592
2055,2.5510564257653856
2056,2.6798840010036322
2057,3.3283362316803293
2058,0.08745519362982823
2059,1.5761260715005507
2060,0.12146352224461177
2061,0.1925622570592959
2062,0.08025245511363106
2063,0.3663671545153507
2064,0.1023787413938505
2065,0.28907785385893114
2066,0.2699342830598463
2067,0.446091720550857
2068,0.1420530599416317
2069,0.12517472209048705
2070,1.3402088579474827
2071,0.12302942683763933
2072,0.12360766044518125
2073,0.20418400851867666
2074,0.11370625653901649
2075,0.10077579449316405
2076,0.14478810426074537
2077,0.09043838402515356
2078,0.14966206889925837
2079,0.08528156242814561
2080,0.13448040311295942
2081,0.18442425714168306
2082,0.23440833927242843
2083,0.8971880158472407
2084,0.21641140210123366
2085,0.1530017327606449
2086,0.14182865724403199
2087,0.1586497194003636
2088,0.15706374752840446
2089,0.16667889468016325
2090,0.23139194501336127
2091,2.056567317837956
2092,3.1913866942843
2093,3.007634094471593
2094,2.661799412907467
2095,1.9735934592553543
2096,4.860263668332099
2097,3.840106708730037
2098,3.2464323236680954
2099,6.781177628415825
2100,5.230356529974178
2101,12.907839991412922
2102,5.141341422916794
2103,0.7476620809861965
2104,1.0590891142886898
2105,0.9234541379873604
2106,0.9860411830235287
2107,0.9911884844442838
2108,1.1757973019281296
2109,0.7468087948580919
2110,0.14367182165498507
2111,0.15998918900521564
2112,0.14583243644597707
2113,0.8152444656852316
2114,0.04636901052365055
2115,0.11515465241985474
2116,0.11558763267437637
2117,0.05612573486570827
2118,0.02665350105720643
2119,0.04234848592905856
2120,0.0649704015200339
2121,0.1446109336087239
2122,0.7764971004802601
2123,0.9995421094933792
2124,3.364967620956632
2125,4.176738708579082
2126,8.228387379137864
2127,1.2257084195334054
2128,4.440265211913969
2129,2.811661612864108
2130,0.24391519144406618
2131,0.7533264603029906
2132,3.3871539514298896
2133,6.491330076837355
2134,6.391249052695853
2135,0.06927239265176889
2136,4.151987371276096
2137,1.1593641094560008
2138,3.2283419481141804
2139,2.685435498110132
2140,1.289099768381214
2141,2.246226697703613
2142,0.062353754548870266
2143,1.5218017508057138
2144,1.4809605356149287
2145,0.753560151519287
2146,0.6236284703664737
2147,0.291826419721787
2148,0.06544094756236012
2149,0.34459597227850397
2150,0.14263669900041215
2151,0.13953470422659883
2152,0.31271144746462887
2153,0.2700212050299534
2154,0.21284200392757946
2155,0.10374947747695412
2156,0.47348752246026177
2157,0.41194127199680336
2158,0.18098344879047076
2159,0.1157926402090281
2160,0.11028774494029792
2161,0.08177696633540657
2162,0.4585394077418282
2163,0.18472852799195744
2164,0.45114125046299713
2165,0.4517469072696478
2166,0.13430299112373062
2167,0.16942293572902273
2168,0.2814411762267584
2169,0.26890995930445527
2170,0.14133577705068978
2171,0.1303744941757278
2172,0.10219039043787977
2173,0.16196107310205732
2174,0.15715142004220617
2175,0.14529961921670675
2176,0.10536465684717164
2177,0.13286529845258668
2178,0.12653932120835404
2179,0.15601314475427877
2180,0.13326136540280314
2181,0.1493035835387663
2182,0.10562147472828054
2183,0.06321022431412114
2184,0.17473906291270855
2185,0.04778665994196575
2186,0.447220018807751
2187,0.1969892943021939
2188,0.11111968053813753
2189,0.4299607722826021
2190,0.13760085646150422
2191,0.1785578469187213
2192,0.9627212732618622
2193,0.16402982297010488
2194,0.10547224024866993
2195,0.726410321523467
2196,0.20201220846357074
2197,0.18464727904910044
2198,0.12267221594031816
2199,0.8638973141325625
2200,0.13039360845606052
2201,0.14774415021906367
2202,1.1100068190820904
2203,0.21644997239245847
2204,0.7604901618036931
2205,0.5729514141798973
2206,0.2050193508001819
2207,0.10950970706648011
2208,0.2709994071741467
2209,0.2615911592367871
2210,0.26936578840008346
2211,0.12538454543646807
2212,0.06757936680480553
2213,0.28157123602920975
2214,0.24532105119847394
2215,0.08246374120445617
2216,0.0843725104344382
2217,0.07163420333525262
2218,0.6541873444449527
2219,0.2215494545392949
2220,0.20677493377683331
2221,0.15079998305982045
2222,1.1065770112440896
2223,0.08298628790832431
2224,1.0909884636675946
2225,0.16598573521775323
2226,0.09403574681819879
2227,0.02923866711505477
2228,1.2611194770154397
2229,0.8962868173714206
2230,0.10830718874711807
2231,0.059770897852120565
2232,0.11405758302625521
2233,0.05863996076178642
2234,0.1640998212421576
2235,0.06719332794698066
2236,0.11944558046239152
2237,0.06446205338483164
2238,0.06992237021992412
2239,0.5539086903324942
2240,0.09517781761188512
2241,0.4309710197547319
2242,1.0110908906179013
2243,0.48255686396875597
2244,0.21264608890368025
2245,0.16516180723458318
2246,0.13842320428521812
2247,0.7107226943362557
2248,0.10841000104540344
2249,0.11538343338673716
2250,0.20405320083606468
2251,2.276734738763396
2252,0.12302639698861323
2253,0.19019888031172313
2254,0.057607464168635374
2255,0.8676298148857198
2256,0.21017400070705963
2257,0.046010851971549395
2258,0.09239780004208102
2259,0.34667217803676487
2260,0.09045121022813925
2261,1.7612057122287776
2262,0.08603719384027288
2263,0.08983211297921463
2264,0.048298055469487754
2265,0.06557401103149306
2266,0.05787789298702386
2267,0.4072929621856895
2268,0.11746425845990241
2269,0.11753711252305875
2270,0.09838585461011755
2271,0.17976918858640578
2272,0.1093193866529376
2273,0.10492501659231356
2274,0.10506350396506571
2275,0.21848518450319598
2276,1.0784780140548502
2277,1.8231172435109069
2278,0.5882378557446966
2279,0.19111115315941393
2280,0.4719277704602707
2281,0.09853053642990375
2282,0.1834179351972016
2283,0.09651121842367483
2284,1.8793999799641696
2285,0.532004667874445
2286,0.0876369609654793
2287,0.08258295366843321
2288,0.041388418750827514
2289,0.4346269784265223
2290,0.3239006360192497
2291,0.2716735426446104
2292,1.128603225133426
2293,0.49241028535468173
2294,0.19040107751144145
2295,0.17726452124942976
2296,1.257680171124195
2297,0.49416995490333093
2298,2.880546470360403
2299,0.5977874150077107
2300,0.21092019474656062
2301,0.5385514884178009
2302,0.47898680777831215
2303,0.16447745793587912
2304,0.2201202637417647
2305,0.13324322448809994
2306,0.9109213530346065
2307,0.14102294292849166
2308,0.869506469850436
2309,0.6410223135079123
2310,0.1544155432761421
2311,1.280254633232048
2312,1.0051887422079862
2313,1.1746001908561072
2314,1.1918210258136674
2315,1.6831615250248502
2316,0.15231728702522335
2317,0.2272805293069189
2318,0.20616350240698142
2319,0.16921677764985274
2320,0.1615581673859184
2321,0.7381009878150157
2322,1.294682186737782
2323,0.9165586465933335
2324,1.1376596336637643
2325,0.6082635674871155
2326,0.20023598677113633
2327,0.5572498177867847
2328,0.19347243169682798
2329,0.18076601505820475
2330,0.22664541038232583
2331,0.18654334089281246
2332,0.5654173649409525
2333,1.1027875544278558
2334,0.9907795249697631
2335,0.20947160997625114
2336,1.529350174616678
2337,0.18405846764218736
2338,0.5244553506403513
2339,0.20390953648455107
2340,0.6817711563295347
2341,0.5377652734667323
2342,0.2134571949842666
2343,0.19811596673146076
2344,0.49080770373545324
2345,0.23647875853748332
2346,0.6374180842588267
2347,0.22542899348649773
2348,0.21690608540409478
2349,1.3077199898524092
2350,3.1702700078453794
2351,0.4947809378921847
2352,0.48442277538811934
2353,0.3296088338239539
2354,0.7778075587443244
2355,0.24532354472895815
2356,0.6312545746666566
2357,0.2080263349967088
2358,0.6646125875415249
2359,0.21302723444994073
2360,1.1602431823977652
2361,0.6500305602807378
2362,0.19251979491788562
2363,0.2232927289825081
2364,1.6937625760626536
2365,0.663557647863289
2366,0.2569995613951183
2367,0.6049717898032506
2368,0.4110658873180153
2369,0.2284433353158144
2370,0.4563485307051935
2371,0.43637435010370856
2372,0.47063677001594
2373,0.22849332721308063
2374,0.18254404919869038
2375,0.5349891466125849
2376,0.5834856878813848
2377,1.4256133937951474
2378,0.2253657673298729
2379,0.26582400352376756
2380,1.8440128464120382
2381,0.9378887283166089
2382,0.45512464281574605
2383,0.9189038635806958
2384,1.3569397910453085
2385,2.6699229062323004
2386,1.3572444607468588
2387,0.1613041396288365
2388,0.25607777218241046
2389,0.5230413614120176
2390,1.4968288018539664
2391,1.657838808659022
2392,0.8855028324093274
2393,0.3807408947115711
2394,0.0727167717018538
2395,0.03836087620770865
2396,3.3642128566068115
2397,3.4768974587280392
2398,0.8488176170998787
2399,1.0157241478974075
2400,0.1711069545543851
2401,0.19135472902624548
2402,1.9632761249013782
2403,0.2513679474361616
2404,1.2563788350702714
2405,1.189996466290606
2406,0.16756567155653865
2407,1.72536186750895
2408,1.088518637286937
2409,1.0079299342137784
2410,1.178008139611665
2411,2.2361654147807775
2412,3.5821337970334963
2413,4.140170426316124
2414,4.593828373544193
2415,0.5882962081361374
2416,1.0832281202263014
2417,0.9963431827391664
2418,2.1918835724740213
2419,0.20882667497773272
2420,1.6820484972106053
2421,0.1974541427495487
2422,1.2394802032421737
2423,1.1315239105041848
2424,1.4573457522989601
2425,2.574687769995675
2426,4.04083948210515
2427,0.2595212048706371
2428,0.4051713319134514
2429,0.719317114350309
2430,1.9409797010705403
2431,1.340833212519887
2432,4.525204923624691
2433,0.2061939491415782
2434,0.2943625046461406
2435,0.8260952218142399
2436,2.8459958500623084
2437,1.97183091203885
2438,0.09201990673857127
2439,0.018832040255114067
2440,3.2416822955630638
2441,0.9554818720944962
2442,0.2634153625496313
2443,1.3521668982152877
2444,0.2791902439283827
2445,6.586889074280076
2446,8.107415128404263
2447,0.2550782579168103
2448,0.19493409064758702
2449,1.3049267148482249
2450,1.5732152301178275
2451,0.33734384443866283
2452,0.6290040578614544
2453,0.4862324804942835
2454,1.5836281764852147
2455,8.458294295810374
2456,0.24562983335494135
2457,0.5634382350731436
2458,0.5352989437482382
2459,0.42761855854375974
2460,1.7738327974291277
2461,1.3871928003451257
2462,1.5601880274330728
2463,0.4618325203228101
2464,10.032503040982405
2465,0.18017004996716743
2466,0.1820247163864086
2467,0.2619713675464939
2468,0.18738451543551796
2469,1.5221809801515087
2470,0.24919939251572173
2471,15.137416334340836
2472,0.4739605771803155
2473,0.19891931078134653
2474,1.6277390490245862
2475,1.3228745956620789
2476,0.24505883657602082
2477,0.25936906938124626
2478,17.37675465114254
2479,0.19690720205807347
2480,1.2523643356609224
2481,0.22544103336750657
2482,0.7487424929617733
2483,0.6372700050458737
2484,0.21242730350550101
2485,0.24132571255377483
2486,0.6561932956539054
2487,0.800758232535395
2488,1.8692670812115282
2489,1.9689783169799453
2490,2.8608849982450266
2491,5.359168754395254
2492,0.2066532557920949
2493,0.21093317705196132
2494,0.19466492999102342
2495,0.20535056130724227
2496,1.6482651579217396
2497,1.167412558732165
2498,0.7694387339902642
2499,1.1370074376562793
2500,1000.7158071066389
2501,0.24503780338625095
2502,3.2294496204827494
2503,0.18059550947886466
2504,0.18075516142740708
2505,0.1894163901520035
2506,1.1059521452152887
2507,1.161200609199005
2508,1.0648376408213869
2509,1.2249817645641532
2510,1.0264318907181256
2511,2.5915472358541884
2512,0.19549723304198002
2513,0.17608632089934628
2514,0.20480057043810176
2515,1.4890337037680834
2516,0.998583997098372
2517,3.402508314575266
2518,0.37619232817469056
2519,2.93954007461581
2520,3.9349556228882023
2521,0.17176353559845986
2522,0.29321326717214585
2523,0.18428320488785357
2524,0.7201768052238378
2525,2.3507476954029305
2526,3.8169652846857054
2527,1.6671223923886913
2528,0.6202224876316184
2529,0.44671517272349287
2530,0.3669020295783136
2531,0.31016866064952264
2532,0.19274603020288644
2533,0.5583779690112264
2534,0.03337246175334023
2535,0.7233555333244314
2536,0.17064676104846993
2537,0.16205993070035124
2538,0.1692013797682522
2539,0.9198933348041779
2540,0.6713492406239941
2541,7.399443480304403
2542,0.6133953819734529
2543,0.9432676085383777
2544,0.3807967399815729
2545,0.14483917471817886
2546,0.15491786240766334
2547,0.8196848563110568
2548,0.4744414631488157
2549,3.115415978762831
2550,0.5552949812899108
2551,0.8841520957066205
2552,3.244752143883923
2553,0.8964585095195469
2554,3.5262655863547208
2555,1.3679876382586273
2556,0.7075830473225332
2557,0.5961477237543096
2558,5.274688453789308
2559,0.28740940502055684
2560,0.7160642338364746
2561,0.6971871139331353
2562,1.0043087368158017
2563,2.51115164437985
2564,1.2027807513226159
2565,1.2372506454099879
2566,0.6861694623080371
2567,0.6474956386279536
2568,0.5168262359786221
2569,0.3622730619459519
2570,1.4819800687141782
2571,0.2592497710582499
2572,0.11986081097640737
2573,0.37340106251060246
2574,0.29716661657866156
2575,1.992800553625588
2576,1.9965718400428245
2577,1.906512997177169
2578,1.5975534070302415
2579,1.3435955446723584
2580,4.278229395811571
2581,0.7802669830614393
2582,0.18593359875429938
2583,2.9158097401601495
2584,3.0382541770940636
2585,3.395642180103318
2586,0.13692996991889816
2587,0.2704742578409675
2588,0.7998061850012983
2589,0.3019447911321922
2590,0.3193990707970401
2591,0.5535569717470163
2592,1.3259588351367348
2593,1.374843913421341
2594,2.192511744089658
2595,1.3680893054111982
2596,0.6166849959020403
2597,0.5386965793007606
2598,0.26863507426235417
2599,0.2532458368430588
2600,0.21658255358308623
2601,0.12605795612786425
2602,0.23095755654554243
2603,0.2922833074927315
2604,2.581778415618588
2605,1.1890976481556668
2606,2.414669106814935
2607,0.6480267719415844
2608,2.724114565612401
2609,0.2744360147563405
2610,0.8659938158834071
2611,0.1118182827361585
2612,0.5184213950717713
2613,1.5950330499839018
2614,0.17518556874501132
2615,0.5102318951120944
2616,0.20809678881460614
2617,2.325033057172234
2618,3.065414463333021
2619,0.45148906944013084
2620,0.48535965195117386
2621,1.9069677595207697
2622,2.745804305656201
2623,2.7706294345753886
2624,2.7846658806914486
2625,2.7613056362707624
2626,2.4521406342437775
2627,0.8678383505271685
2628,1.6277265189985495
2629,2.711773656369024
2630,1.3841357408675212
2631,1.384535447730183
2632,0.9043148971068667
2633,0.9332959812863623
2634,0.7484999915788859
2635,0.23143989442985463
2636,0.5670340159702307
2637,3.8707609868525807
2638,1.2034995241185393
2639,0.8703386575789391
2640,1.439124304415801
2641,0.18861430848723432
2642,0.22515202521347072
2643,4.923524168929356
2644,1.2624427761803996
2645,0.973388371675146
2646,0.5452256918224275
2647,0.2545882910938517
2648,0.22602679171155665
2649,0.6278717505871605
2650,1.1078514206721624
2651,1.8477945876230102
2652,0.8873598911985598
2653,1.5293061832337984
2654,1.6273074003697654
2655,0.9719921671922418
2656,3.6554601747635416
2657,0.4555095706114913
2658,0.22828715574206274
2659,0.14726039372606572
2660,0.12582456481656068
2661,0.983395149029622
2662,4.429221821511313
2663,1.6765796520993956
2664,0.9646044622887062
2665,0.38619489615233604
2666,0.32662989222826955
2667,0.27035563975832183
2668,0.2142265399759612
2669,0.10711001357357766
2670,0.3208188111788582
2671,1.5013815481184758
2672,1.24621862831421
2673,1.4215083812233529
2674,1.2732976064059531
2675,1.032772572019193
2676,0.9996183698527721
2677,0.9351396058058157
2678,0.8640720902436152
2679,1.1884006214115095
2680,0.926987056912727
2681,1.8425156585044364
2682,1.335707133860424
2683,0.46905146370815276
2684,0.8346544286468363
2685,0.7404432575709112
2686,0.33021337546647056
2687,0.29079689345735626
2688,0.16191640918376543
2689,0.04015269562367529
2690,1.2770146234585749
2691,1.4348640019744046
2692,1.4192644718438283
2693,1.1548296488526661
2694,1.3025315577660428
2695,1.3821795889641064
2696,0.9254829006139198
2697,1.912693382387331
2698,0.18872245186476821
2699,0.8082194555340916
2700,1.0230275176267225
2701,0.4837353919347387
2702,0.7222428119798463
2703,0.19972273125904916
2704,1.4071535723291788
2705,3.2259156974139587
2706,0.21907683823798213
2707,0.21953692503209055
2708,0.2845641759403732
2709,0.4205019470883636
2710,0.17383728637499962
2711,1.340470668715496
2712,1.3238182540212615
2713,1.3668756673720575
2714,1.2036942610210843
2715,0.21827166624858577
2716,0.4192278788552989
2717,1.7245354497420053
2718,1.5170894140214124
2719,0.5311389494311007
2720,0.5009436324592333
2721,0.8817765926524912
2722,0.42588203195011376
2723,0.1739657785485943
2724,1.9591467442893693
2725,0.3282963375476982
2726,0.6423399194521873
2727,0.6193464546052699
2728,1.3064323508496385
2729,0.2535595094524491
2730,0.2498902939122601
2731,1.5524240378143805
2732,0.9786647562753684
2733,0.8798386494359587
2734,0.15536566670378527
2735,1.3384303868448149
2736,0.46567007104929325
2737,0.7384230278975072
2738,4.336536070098744
2739,2.34524811207929
2740,0.4879496592618716
2741,1.2046745275747044
2742,0.919415144399983
2743,0.6541490977699388
2744,0.218545406287086
2745,1.0417783681009687
2746,0.043954903756529766
2747,0.9397385243951202
2748,1.1567843306872274
2749,0.9950021267306325
2750,0.5478031775607429
2751,0.5204091424283829
2752,0.9802574886296651
2753,7.157337415900296
2754,2.0597079082691994
2755,0.21311247831493224
2756,1.3259560485118715
2757,0.7397792928371456
2758,0.7024557152412675
2759,4.258320999022175
2760,0.6759919695261221
2761,1.7943975063386506
2762,1.3548740375699868
2763,1.1524847938913962
2764,1.3072509454922008
2765,1.1610367864470947
2766,1.0655400194382803
2767,0.22332851164220507
2768,0.46178223459980733
2769,1.1405292530877895
2770,0.7161318797486953
2771,0.3396843003274236
2772,2.183692662124279
2773,0.26085977116913434
2774,1.646592322552766
2775,0.5052419344159579
2776,0.17836533577493377
2777,0.1848344525857287
2778,1.7968708778380766
2779,0.8509466554840959
2780,2.362718381130041
2781,1.206947594739262
2782,0.6366445889291839
2783,1.0119570703406904
2784,0.5269962895054012
2785,1.9526826761180585
2786,0.7471394594542216
2787,0.171868089183136
2788,0.1832399171268828
2789,2.216864985143134
2790,0.5367879097025294
2791,1.8495798693356673
2792,2.19323910867593
2793,0.7954704583571913
2794,2.275832842485825
2795,0.9494588176402063
2796,0.4941415689132176
2797,2.585846289584275
2798,0.7218530318357654
2799,1.500037067163161
2800,1.2045494588651156
2801,1.966766188361549
2802,0.7160985989122952
2803,1.3530095663910031
2804,1.161796025729752
2805,1.1137560192892502
2806,0.9394047398400447
2807,0.9458296021195374
2808,0.4937268354855136
2809,0.4835765568211272
2810,0.589955882488949
2811,1.1798500657046795
2812,0.9544051949152934
2813,0.49232126736711507
2814,0.3653414992411171
2815,0.6538644221455531
2816,0.7160136397774988
2817,0.7591844592134263
2818,1.0089403749826489
2819,1.6673225882712746
2820,0.6026125587756284
2821,2.693688995403144
2822,1.4261217562387274
2823,1.2776031855516774
2824,1.459838972568587
2825,1.1621146629085823
2826,2.9436102786279394
2827,0.5183471442974551
2828,0.6997506236617528
2829,1.7055411024052805
2830,4.318555376391238
2831,0.7009837812436994
2832,0.5042105971377907
2833,0.5078579890416635
2834,0.4397458369923421
2835,3.5776876525039536
2836,0.8302433079980811
2837,0.9272328755440469
2838,1.1282617930491816
2839,0.9418166771629459
2840,0.45377890282447375
2841,2.098225641026539
2842,1.9261263660257169
2843,0.41524548361998415
2844,0.5230581320874781
2845,0.5393163507311531
2846,0.518548026948871
2847,3.892252350623378
2848,1.9754180251579496
2849,1.6221937185511353
2850,4.048066783815408
2851,0.4056291634804321
2852,0.27253211680509026
2853,0.6645552382652269
2854,2.04737111734016
2855,0.9991462659174724
2856,0.4794082334681361
2857,0.8709451204292884
2858,0.864445744381563
2859,0.7724103567944784
2860,0.48231061785202056
2861,1.0779264307295269
2862,1.6313721111596273
2863,0.764378740632705
2864,0.5232133049043334
2865,0.5155185736357639
2866,1.9038696285157144
2867,2.4730096813298035
2868,0.6776479405353587
2869,0.7228737846666269
2870,0.255568647775936
2871,0.9457838203550591
2872,0.055941347348332456
2873,0.1857038073034698
2874,0.6023741443934074
2875,1.0652447461998777
2876,1.0184538286277913
2877,1.7788107347526063
2878,0.5006895354693055
2879,0.24027518348048255
2880,0.8291790881790674
2881,1.8285250926380574
2882,1.3398654397604564
2883,0.8336625981950383
2884,0.6002384374058465
2885,0.5886274584542122
2886,0.9658650753193674
2887,1.9346721341111806
2888,1.5478769709241749
2889,1.774096657973244
2890,2.0225820122241744
2891,0.18681033571438635
2892,0.7076903654124667
2893,0.8531224296990559
2894,0.18097454090095594
2895,0.220517664038944
2896,0.4297816408613868
2897,0.5482253769820646
2898,1.0410124083247534
2899,0.20597380888621022
2900,1.7958373759967292
2901,1.989770721622881
2902,1.4972722901487867
2903,0.7764385240965865
2904,0.179916826747799
2905,0.2385804309137923
2906,10.42014843012094
2907,3.2524951170133054
2908,11.29249062646398
2909,1.012096498873912
2910,0.9092005766464003
2911,1.345761869415068
2912,0.19547954711298585
2913,1.388080359098933
2914,1.0581521401637315
2915,0.8077792491859294
2916,0.25545917287320585
2917,0.8288598397155398
2918,0.9015072565902695
2919,4.773301726306192
2920,1.9178417862561448
2921,0.944092906257213
2922,0.486688002111179
2923,1.5628936470400723
2924,0.15361854521921217
2925,0.20684867885079822
2926,0.24206648108195808
2927,0.6722820130057475
2928,0.6470408411701063
2929,1.5119178790606949
2930,2.6843875959810957
2931,0.7160369768208842
2932,0.6511357125975273
2933,3.1335636530816027
2934,2.8954658009649745
2935,2.7407142654837933
2936,0.7200587671024621
2937,2.928059735966122
2938,0.19102403845710042
2939,0.24002350006489714
2940,1.3332134663624269
2941,1.494665160394213
2942,1.5718554815827792
2943,1.9996246439941172
2944,0.23800246178212037
2945,0.9493147773821704
2946,1.7839315866490997
2947,1.7113138939477262
2948,1.6566147467552816
2949,0.5032435458716972
2950,0.19829610231591366
2951,0.24264717988161572
2952,2.90771589871157
2953,2.6985280698175824
2954,2.51843636535879
2955,2.623312267340518
2956,1.8494681882952577
2957,0.4770561925643695
2958,0.14940311675406673
2959,0.1725519025936259
2960,0.21426452563376938
2961,2.642209342418379
2962,0.5228160795681707
2963,0.6587590247436941
2964,1.5726226197796038
2965,2.109896775599487
2966,1.856239168533571
2967,1.712811744136177
2968,1.9003742721480086
2969,0.7201923383588635
2970,0.171755638446614
2971,0.2540929201562243
2972,0.261988316905349
2973,1.2834685229660907
2974,4.7477798271449565
2975,2.806646232875988
2976,1.5232996734548776
2977,0.30668607237668505
2978,0.16567043088958935
2979,0.1948453785075601
2980,0.4227741593382097
2981,0.4826550125279414
2982,4.507464169443303
2983,0.6879631250444543
2984,1.6651204697004875
2985,0.5249669504598711
2986,0.23168634837734112
2987,4.7782139585573855
2988,2.1110965826918324
2989,0.21820023359039864
2990,0.8870675092249249
2991,1.3184134983499145
2992,1.639949044990023
2993,2.702041699987016
2994,3.1895839734707883
2995,0.2262509479682649
2996,0.23067765647329883
2997,0.6106781117906785
2998,2.6085387439444934
2999,1.7508132376801688
3000,1.509623164081157
3001,2.2580659010561765
3002,1.3222280996226314
3003,2.986105084045737
3004,1.0089389185169637
3005,2.7879215025287003
3006,0.4212344051536265
3007,0.5670147646434079
3008,0.35421447321331384
3009,0.2740480674499352
3010,0.1530419792406039
3011,0.17775254794719447
3012,0.18737439379719975
3013,0.1939116702257369
3014,0.8771037372960274
3015,2.974315252477173
3016,4.255069823930273
3017,0.21765249560917135
3018,0.28010753659514626
3019,2.038458472275614
3020,0.26117109772772273
3021,0.22736464193303282
3022,2.0107750420633694
3023,4.372881473994804
3024,0.6516032880884685
3025,0.298485394504835
3026,0.25044827332670233
3027,0.38998547636787556
3028,0.2736292417725288
3029,0.1835937727858003
3030,0.20404036636032227
3031,0.413931839611242
3032,1.11501482502133
3033,1.3010375350729237
3034,2.050228872083888
3035,4.835438500907845
3036,2.7878551091873787
3037,0.6793381759326016
3038,1.2678324344048169
3039,2.7375611436443834
3040,0.6062096919610998
3041,0.33329770455986985
3042,2.7849498781418744
3043,0.9619573518074982
3044,0.5171231959729363
3045,0.2871649906892444
3046,0.1568053531289346
3047,0.16007166817700927
3048,0.15973364708018373
3049,0.18096146610919622
3050,0.1873156378642081
3051,0.2221539489586865
3052,0.8960330717327151
3053,1.594094987853056
3054,0.5331692557784466
3055,1.5002701594858472
3056,1.8426109047580743
3057,1.8912795117660985
3058,1.768115411787298
3059,0.3443576530040178
3060,1.5428326158682149
3061,1.875209655892455
3062,0.43024599555050574
3063,0.36435579836360094
3064,0.6441849495995436
3065,0.17475183993577578
3066,0.2102040915929637
3067,0.22662407556008649
3068,1.563790435599419
3069,3.7975912369598928
3070,6.055109495725864
3071,2.1854395415889294
3072,3.773627382880009
3073,0.2001261924088037
3074,2.9828871782643995
3075,0.2553292848251309
3076,0.1750235194556844
3077,0.196921717892063
3078,0.24927038504186966
3079,0.777638361421756
3080,1.5685480482655871
3081,1.3799635825712717
3082,1.5131896802512177
3083,0.9389158756996703
3084,0.2450857958827313
3085,0.21774218101600726
3086,4.6989389388427325
3087,1.3474519075966311
3088,0.6371090022099523
3089,1.6608495994951222
3090,1.1252921226850248
3091,1.1285207869457876
3092,0.1864382010940796
3093,0.43874901306683955
3094,0.465478377780325
3095,1.3140356573367589
3096,0.6430384293064197
3097,1.690208169164155
3098,2.8463713920328226
3099,4.036053876411463
3100,0.8573208088378226
3101,0.6427379922370474
3102,0.5647080400002369
3103,0.35330826030773504
3104,2.287894779358877
3105,0.24907917147965075
3106,0.19492954303706864
3107,0.3625471067295734
3108,0.3324405529764905
3109,0.22114763433031123
3110,0.1919377689665595
3111,0.19992556396912767
3112,0.44405619786186623
3113,0.4537028397019698
3114,0.8065213165004651
3115,0.8515994200412702
3116,5.18811675810541
3117,2.161662389148487
3118,0.6685118634684482
3119,0.9101541727682216
3120,0.5515367974852201
3121,2.7968563176149988
3122,0.19338571937706922
3123,0.3008652826666559
3124,0.20321445062110052
3125,0.25153655251259177
3126,0.2188739474699179
3127,0.21196208873685168
3128,0.23819045989629445
3129,2.132369838852054
3130,5.813730560646718
3131,0.6235258332052631
3132,2.667021282162343
3133,2.4833875717121345
3134,6.033151200258729
3135,4.108636256252762
3136,1.1728838361892124
3137,0.24163644032152776
3138,1.3575866089233786
3139,6.420624537682113
3140,0.9191471098711126
3141,3.0040929354128725
3142,3.105880630369111
3143,2.5260379759087996
3144,0.9260704436622469
3145,0.20195194941277653
3146,0.49629627328557513
3147,0.8724858406619209
3148,0.2714610376765329
3149,0.3723295415492835
3150,0.23690023544372377
3151,0.19261588198552956
3152,0.25365975016708836
3153,0.4314509939316208
3154,0.4345625604990272
3155,0.23885952478900777
3156,1.5034810429192047
3157,12.565447441653285
3158,5.40065215132431
3159,0.9260186788440778
3160,7.127472543072142
3161,3.7043022676499007
3162,0.5455328540893682
3163,1.4283785753321268
3164,0.18413129952171922
3165,2.1729672466201184
3166,1.25215097324424
3167,0.23536003231212285
3168,0.2622778547253071
3169,0.5729569970930163
3170,7.276580943207534
3171,6.351745133753886
3172,5.459239965011105
3173,1.4102893834970096
3174,1.3290915038843043
3175,0.29520871877972865
3176,0.2902653912070687
3177,0.3059462570255227
3178,8.297929528329659
3179,6.508571662478041
3180,0.24693309233212365
3181,3.875729302468125
3182,0.25069346650133933
3183,0.2928694641782687
3184,0.5352590145496469
3185,0.3599974705965857
3186,11.1414953318785
3187,10.543412637833915
3188,5.49280716883714
3189,0.21517593817948244
3190,0.2825704788914227
3191,1.0061154239773373
3192,4.167908810356929
3193,1.2492543040163826
3194,0.5775484087714572
3195,0.3053219646041167
3196,0.5399020255482696
3197,10.022097859426363
3198,7.08091696896167
3199,5.6518100998320495
3200,3.9439242661271003
3201,4.05425801097625
3202,1.6753121721019135
3203,2.203311129187056
3204,0.310134960686899
3205,0.20829710406488863
3206,0.17996673538991964
3207,0.3910486992182305
3208,0.40479296318909824
3209,0.6095299411579527
3210,0.09252265946811652
3211,0.2546744622869402
3212,0.986715317112244
3213,1.065327008348603
3214,1.1269767339312433
3215,2.9261744633138824
3216,0.2829113448586883
3217,16.145567678325012
3218,2.7018100905605533
3219,0.21055997021245348
3220,0.9929300429825303
3221,0.2392292017034232
3222,0.2965347952858458
3223,5.24110525214222
3224,19.944379530123925
3225,8.696893957840361
3226,7.798502519330547
3227,6.969640338413637
3228,6.413091689937909
3229,4.57187418035431
3230,2.2778326276464536
3231,0.2995950101246867
3232,1.1364591390829948
3233,0.24062382233559665
3234,0.2298886442896712
3235,0.4178291824176825
3236,0.8909416377145654
3237,1.4531095878295517
3238,1.3364884471890017
3239,1.3790154907425425
3240,17.05192201393472
3241,1.930924077637804
3242,2.7106945230585477
3243,0.9349677937995152
3244,3.1021377033136233
3245,5.628158116353344
3246,0.3287546092736889
3247,0.22186491318997187
3248,0.7324826025547051
3249,0.9156364266385049
3250,1.6184021269596482
3251,1.785644656881244
3252,1.5422477130757712
3253,20.512663863251017
3254,5.5611723628684215
3255,0.8292453937908706
3256,1.1877429709608205
3257,0.2560649914423583
3258,0.9500672071920007
3259,0.9708477956744248
3260,1.6240953367643298
3261,2.543978007325887
3262,0.9354527733509885
3263,4.348111224819549
3264,8.19248319789021
3265,2.249183226383555
3266,1.3028167123252787
3267,1.1882318948348927
3268,2.683934294181958
3269,6.472408372117144
3270,6.473541899384297
3271,0.19568914831510972
3272,0.4229776895541607
3273,1.2054943277194896
3274,1.7127449424688728
3275,3.7062871859797033
3276,7.580862993920403
3277,4.5956180855590425
3278,3.306143118107287
3279,0.1914781294389264
3280,6.0827440800572505
3281,0.1711698587229433
3282,0.22601905487132315
3283,0.21282373293025844
3284,0.245047520614321
3285,3.1478080377337476
3286,2.010141611920632
3287,2.44827652364281
3288,5.339730079330187
3289,7.5923484832028425
3290,1.5850787923522218
3291,1.3340112261790458
3292,0.4084422322283619
3293,0.22857658443570103
3294,0.21846696545214037
3295,1.9695243153376625
3296,2.0132667371309503
3297,2.275295290896188
3298,1.664460162526731
3299,5.295863766254659
3300,0.19768320484958
3301,0.2066548750036823
3302,1.5342695832419235
3303,4.334841480974429
3304,2.653067874578355
3305,3.4979968812147137
3306,0.4487434212947918
3307,1.8045503606293543
3308,4.81170993965671
3309,5.043481792269406
3310,0.20716634851812232
3311,0.20919746582747858
3312,0.20725799513003537
3313,0.2439890596930456
3314,0.9670671213503773
3315,0.16530234166984015
3316,0.1801159394436579
3317,0.819312996327247
3318,1.4482507228190973
3319,0.17648758895916677
3320,1.9802886767395746
3321,2.0861132960103217
3322,5.109832247250544
3323,2.152308677541498
3324,0.9720756598605518
3325,0.2271746077366297
3326,0.48722929936527815
3327,0.2682295587451885
3328,1.5437968827406805
3329,1.7089173097956643
3330,7.272607283066382
3331,8.353425967250645
3332,1015.5740975934119
3333,0.45326304737522327
3334,1.4568948082177346
3335,1.3381895280076617
3336,1.7158558848065744
3337,4.998181377052806
3338,13.938544863553865
3339,6.718212291067647
3340,3.0245528646351096
3341,2.7919007404189515
3342,1.3819919824166909
3343,0.5494892921816672
3344,1.1204576093424097
3345,1.624312613716057
3346,0.1674374316285561
3347,0.25282966631836956
3348,2.556200988066166
3349,12.895579564710056
3350,2.5642017461127637
3351,0.3276033146895948
3352,0.7967798195148776
3353,0.15922775797915387
3354,0.15962352727318796
3355,11.485412759605923
3356,1.1974788214097012
3357,1.8854222938364111
3358,0.14910691953026764
3359,0.2494912704764508
3360,0.6750926599152767
3361,1.5486921395845887
3362,2.381089216392677
3363,1.5212709126006583
3364,9.607041579879716
3365,10.277540981714163
3366,0.8772392121401633
3367,1002.5427297958113
3368,2.466120567390531
3369,0.1492092654082672
3370,1.4147231830819218
3371,1.3855096475222952
3372,1.500323950394558
3373,1.5742760634505208
3374,4.306210965193275
3375,4.605489287605412
3376,6.233547511452028
3377,8.2346501657246165
3378,1.486462973387357
3379,0.17704963327195872
3380,1.1040278742757939
3381,0.8016674435253804
3382,2.056455336740232
3383,0.1897623490189293
3384,1.3611707957392853
3385,2.2150328205314347
3386,2.526284293798501
3387,1.458015762899
3388,1.4604793136858716
3389,4.083935514042205
3390,4.842662231844951
3391,7.679638378112384
3392,6.8054368781274
3393,6.892861708533809
3394,7.336475839429553
3395,8.743843308988222
3396,8.799586828788277
3397,45.42272453131491
3398,2.0783101886743065
3399,0.21352373281468315
3400,2.606222911866535
3401,1.457358071998007
3402,1.6956859876820776
3403,2.0395767406894234
3404,1.5394259032124833
3405,0.19018087466862466
3406,1.289232499302055
3407,1.9921609414108599
3408,1.1896450373368221
3409,2.0688163843522034
3410,1.5808873400257044
3411,5.0328084407719045
3412,6.916740239551687
3413,8.274161235596345
3414,8.111709744631717
3415,6.363680757291479
3416,0.6688994051679276
3417,1.0478773484051507
3418,0.08683270506538505
3419,1.8445540003783614
3420,1.2998208480143607
3421,1.1673380664028112
3422,1.3336979447613109
3423,2.5415612315930955
3424,2.7261799293148505
3425,4.760459868148616
3426,5.790223571186103
3427,6.979357346767742
3428,7.81234912917177
3429,7.308073260700598
3430,4.51873308286797
3431,1.0541751933907655
3432,0.16180650557408205
3433,0.21754377977653486
3434,0.09182666122826313
3435,0.21050821243485018
3436,2.6025427340763536
3437,2.7968891514206384
3438,4.343138913575109
3439,4.567679663379942
3440,5.832622639661986
3441,8.166437572465936
3442,8.579727509039916
3443,7.2226341407673464
3444,6.457454389058041
3445,5.926662635735843
3446,4.402792791043109
3447,1.5668374853266078
3448,1.4726521138487247
3449,0.5156600363282876
3450,0.2694215942940513
3451,0.17999388475169503
3452,1.2865770988657022
3453,0.17060575067784173
3454,0.4814360059613215
3455,0.6117944308230421
3456,1.0236827016960732
3457,1.1534849946748302
3458,4.8739714292531335
3459,5.908001025455575
3460,5.177432048212569
3461,2.6784459272500607
3462,1.2213060376300025
3463,0.43344822360481183
3464,0.2650189100496796
3465,0.16024496820503265
3466,4.106453648212283
3467,0.15263086090777636
3468,2.7243522751372655
3469,4.741600332652077
3470,0.14814469094568472
3471,1.807499874519176
3472,0.5415493192729326
3473,0.23796061576168112
3474,1.4614451327976177
3475,2.1425128085786502
3476,4.052743035178905
3477,5.30201614882996
3478,4.31935027125675
3479,3.4750821461772636
3480,2.3856304574115366
3481,0.3763856792753631
3482,0.1671682413865119
3483,0.6698948152665232
3484,0.11191523335531971
3485,0.8874624039884331
3486,0.8809531389937423
3487,1.2007539262572815
3488,5.378539118677836
3489,2.743019672448385
3490,0.15767775535345757
3491,1.1954871240515543
3492,0.1326236294965596
3493,0.6520812531571241
3494,0.773594421713531
3495,0.7579309377900593
3496,1.028000536397626
3497,1.8138822006535524
3498,1.19860887273977
3499,1.422665144180964
3500,0.07952365667410498
3501,0.503614659735216
3502,0.7203263740034239
3503,0.9318500306417774
3504,0.7410340435072971
3505,0.7531878157345377
3506,1.0118086961345847
3507,1.0401365739840442
3508,1.139748944460817
3509,2.081749254532708
3510,3.2305377406422933
3511,2.4650428022397
3512,1.6918202580712622
3513,2.0798203126006327
3514,2.4201110537478447
3515,0.8010098033136105
3516,0.1614797815139986
3517,1.2703887064083343
3518,1.2851545674681013
3519,1.1342729999109658
3520,0.4530938290770553
3521,0.6530326590304769
3522,0.9456555299152213
3523,1.1551741808033287
3524,3.3072191196950413
3525,3.170207654904615
3526,2.0598691649405114
3527,0.20523340716702346
3528,0.17009350188655625
3529,1.1965507383237335
3530,1.9709290115616165
3531,0.874899572262255
3532,0.9978589739477324
3533,1.7267504464993488
3534,3.643852126499413
3535,2.8766846985606382
3536,0.741116926073299
3537,1.1145059052477302
3538,0.07306159302227727
3539,0.7214272343207595
3540,0.9344082616102277
3541,3.6264066657976635
3542,0.22944235069877972
3543,0.7549385554715305
3544,0.681104982579938
3545,1.3546255510511267
3546,1.0709246244972066
3547,0.8640122004031314
3548,0.2826567853048882
3549,1.0234872613641581
3550,2.883167639242657
3551,2.478152868219432
3552,0.2080988720906394
3553,1.0174651060171027
3554,0.17289561755388708
3555,0.5083544145473469
3556,0.16092943859002518
3557,0.06821347375592543
3558,0.31583079287359733
3559,0.5002175175160699
3560,0.739640146468407
3561,0.7879532526484473
3562,0.8107265576415177
3563,1.0111007571816994
3564,1.2086250089592856
3565,1.0107069280815424
3566,4.44142089800248
3567,0.05595360138156626
3568,0.48253447494220203
3569,0.4931403633694643
3570,0.881068237084567
3571,1.8802279069356307
3572,1.8299658900109352
3573,1.1756902029738578
3574,4.487637808145935
3575,1.5700455827983975
3576,0.4387959568276697
3577,1.2211128035830343
3578,1.309359914168526
3579,0.17232793996238785
3580,0.55653445815963265
3581,0.5817369672708985
3582,0.06488242181203932
3583,0.057643605010649884
3584,1.0559343141725648
3585,0.507187321906158
3586,1.0317352331970016
3587,1.107496135602272
3588,2.1502312682032074
3589,21.134904727474847
3590,1.552052901481892
3591,1.4048296783007967
3592,0.21554697195047917
3593,0.6361029662558693
3594,0.9621646926654464
3595,0.9907765864897062
3596,1.5668533294635205
3597,0.06607275317285441
3598,1.167829168095049
3599,2.220349143116207
3600,1.2821214292819425
3601,1.1395488348637346
3602,3.3548755320822607
3603,3.727297275413548
3604,4.293394043766451
3605,0.2918262571599482
3606,0.20640721497687872
3607,0.19400110725994452
3608,0.9846629115831254
3609,1.8239039093703004
3610,1.745633496602383
3611,0.8299329379553737
3612,1.8179813889351564
3613,0.0701891094441908
3614,0.06534989887574157
3615,1.1469011036634646
3616,22.553734040669884
3617,2.25475657534027
3618,2.6219107628916354
3619,2.825797696377352
3620,0.2505073325181573
3621,0.5027345604121389
3622,0.7719567204368797
3623,0.8202034499891444
3624,1.5252075866848167
3625,0.05493216283367889
3626,0.45066874551896163
3627,1.291056866303795
3628,2.425756986519535
3629,0.9039186530251538
3630,5.836952784429801
3631,5.758115829249278
3632,1.8018613644127137
3633,0.4695492045596569
3634,3.5351725344535274
3635,3.1715060327897078
3636,2.379399309734828
3637,1.5109362809849327
3638,1.2680721936326638
3639,2.564020937712696
3640,3.081824782776585
3641,4.31783031158067
3642,4.416009649255891
3643,0.6520007305685432
3644,0.8014913859011336
3645,1.4824580115664092
3646,0.5007817852646808
3647,0.2039044360855232
3648,0.4111652624435762
3649,0.8836980088972244
3650,2.1183564031157203
3651,0.0639869767818575
3652,3.8537525438217495
3653,2.7865083390290812
3654,1.9896102882267424
3655,1.2798880896023916
3656,1.9157247259594927
3657,5.771835731751449
3658,5.1883999382974
3659,1.2232161589069488
3660,0.19508676577197642
3661,0.1931636149943774
3662,1.5404653773595687
3663,5.182127369481102
3664,2.136611463048492
3665,1.5546580609825
3666,0.8137576133943919
3667,0.20327371388052407
3668,0.06852454165789737
3669,0.6946574124279451
3670,1.5948768611910709
3671,5.495557701466164
3672,3.6940632361932657
3673,1.3005421757177553
3674,1.8178418621576082
3675,0.9279310896027191
3676,0.47116865664321916
3677,0.46949279384077214
3678,2.2174828235266597
3679,1.4244020417770995
3680,0.9641330085617865
3681,1.4850441605844489
3682,4.908596426487996
3683,1.305946275443235
3684,1.4163742054615664
3685,0.12831345429540167
3686,0.5977155259790896
3687,12110.300886009241
3688,4.209468999918783
3689,1.543717982652974
3690,1.4714423301141613
3691,5.377725648573562
3692,1.5403451011214873
3693,1.2279592489998943
3694,1.1795946659705663
3695,0.2597675429218704
3696,0.2773756052518935
3697,3.0990169502800895
3698,0.33042190861835563
3699,1.0720787148877051
3700,2.288184837614346
3701,2.0954359601267365
3702,1.0778532537674101
3703,6.606839405037519
3704,1.450495905643697
3705,1.2917725944598852
3706,0.2640023249615854
3707,0.2717393107218335
3708,0.31699721160992816
3709,0.7990714271448754
3710,2.0269377682225636
3711,1.2436189111987288
3712,8.669743670905245
3713,2.748999511278716
3714,0.046676696164033776
3715,1.3018875942240098
3716,2.2580880194627575
3717,1.0310937449249395
3718,1.1394862954428722
3719,0.8946442011363664
3720,1.3958760829024999
3721,3.1096411884304205
3722,2.3261107201112563
3723,1.0785550897398257
3724,1.5947252312653262
3725,1.3563621863886395
3726,1.4275950417829215
3727,1.5362222071652016
3728,0.25382699876018855
3729,0.2398015919329485
3730,1.0333150988573019
3731,2.6791678854540986
3732,0.8035922278373173
3733,1.4650381200982165
3734,2.335014464497447
3735,7.508646284065877
3736,4.320236360996153
3737,1.2629460993960082
3738,0.3019237853183288
3739,1.9307810766488231
3740,0.772681123085313
3741,0.3609435163064691
3742,3.0141822745799334
3743,2.792208395400559
3744,2.1885015768253644
3745,1.5999236077984942
3746,2.2719817543886682
3747,8.48095850208733
3748,8.83504685211041
3749,2.33053813679916
3750,0.5807237052957341
3751,1.4584511936543951
3752,0.22544932909427665
3753,0.6200573488527211
3754,1.4820732572314115
3755,1.9081312572498166
3756,1.8349878482850426
3757,2.7901447985487633
3758,2.6860584827187006
3759,1.4597001817822375
3760,5.870438473232189
3761,1.1787345017015431
3762,2.128800677312878
3763,4.709189044476785
3764,0.8885093464671889
3765,0.46067316216710924
3766,2.125884577536959
3767,2.2480366103059524
3768,1.4657936456452672
3769,3.564023903986565
3770,3.811602499500812
3771,4.12162420716268
3772,4.506248240277913
3773,1.541310079128935
3774,1.9676005523242166
3775,1.8789577728791664
3776,0.7638839750327786
3777,3.079960651090099
3778,2.9463870700188286
3779,2.047578553764355
3780,0.9989631177086621
3781,1.7950746263994743
3782,1.727029379577107
3783,2.373202647255017
3784,2.3575501893899453
3785,2.3280763605982373
3786,0.8644399977842266
3787,0.8564145786269663
3788,0.1922279442428719
3789,2.729691823238465
3790,2.4992991973080976
3791,0.7292707393139646
3792,1.9884113916290458
3793,2.2341595747223333
3794,2.151428138488171
3795,2.3275395110002677
3796,2.6238014981357187
3797,0.7511189820281776
3798,1.4227291161204552
3799,2.430225459875743
3800,0.27878910222637726
3801,0.870410668018871
3802,0.23274535810768016
3803,1.371068417160287
3804,1.6311085183097784
3805,3.8243656959640386
3806,3.9626373734865674
3807,3.4934384001364878
3808,2.5208156113664693
3809,1.405221385167795
3810,0.18477265751682306
3811,0.7444636215334506
3812,1.4556646499486932
3813,1.8306082851595353
3814,1.2661866022723327
3815,0.35683936904938107
3816,0.26984578472075693
3817,0.17690525704926624
3818,1.4593576134356006
3819,1.3461750442945692
3820,2.2207933103861426
3821,2.682554328456177
3822,2.7404369021858397
3823,3.4198915072196683
3824,0.7922317937751212
3825,2.8393070047068583
3826,1.6380670003566808
3827,1.4608319348084484
3828,1.6571805724722937
3829,1.9350880302971525
3830,0.45373462616365334
3831,2.0430818308850096
3832,2.9937811384751782
3833,1.408169994375336
3834,1.3419358182304255
3835,0.8155257903337593
3836,5.365820767934748
3837,3.994828766353959
3838,0.9813186472181711
3839,1.2515676002305707
3840,0.4962170764468821
3841,0.16978205858073456
3842,2.104912978960337
3843,3.2901913924438513
3844,6.030772039782995
3845,3.1961118676267684
3846,3.2020524507609585
3847,2.528939934798331
3848,0.7557833805542753
3849,0.513872355806757
3850,0.17244925885004433
3851,2.294677593666448
3852,2.691290280959528
3853,0.49546763701145036
3854,1.6146785296112298
3855,1.8359158158405675
3856,7.819663596470397
3857,1.235279734736303
3858,1.0266216530929464
3859,2.1107483765485235
3860,2.8650977243841442
3861,3.272776205258516
3862,4.076286191812297
3863,0.5422281707170649
3864,1.1747576510981008
3865,0.18642194243073898
3866,0.25100332951287346
3867,1.9878782634203782
3868,2.5858201591808867
3869,2.2734469237950234
3870,1.7511146047903523
3871,0.4565743676447569
3872,3.7278784226696478
3873,1.8909425044833015
3874,2.4284848071530605
3875,3.246665517507538
3876,1.6453554912204744
3877,1.7194186453518374
3878,0.1780461923831439
3879,2.11388978150035
3880,3.9576413645330173
3881,1.2083413596107537
3882,0.4491557985844702
3883,0.44167249042905377
3884,2.0800786435620102
3885,0.14361254675058216
3886,0.9066060676131151
3887,2.245730793184324
3888,1.48445645264826
3889,0.42870770571156347
3890,0.3876693225002224
3891,2.1295172839410874
3892,1.6881693695439721
3893,2.6223320401099155
3894,1.4319245990976044
3895,1.6066536693816615
3896,1.920353048208235
3897,2.5217412085764352
3898,1.1163693726905184
3899,2.4473614736738276
3900,1.2008290443215777
3901,1.1327123523183014
3902,5.729838601793223
3903,1.5162798354237852
3904,2.9820008080995364
3905,2.2663956340622167
3906,4.048624304430466
3907,0.46550670363124186
3908,1.089537532670426
3909,0.12646544445586963
3910,1.466313591121426
3911,4.334699975889874
3912,0.830057321862117
3913,2.5236239674961665
3914,1.4565336755774239
3915,1.893130474090973
3916,4.0481563185161615
3917,3.7395886023145266
3918,2.949289471596375
3919,0.7356045740473689
3920,0.928775611702994
3921,7.82246435813103
3922,2.820736627018463
3923,3.916624164585612
3924,0.47276136574380445
3925,1.6591878899438897
3926,1.38152580394419
3927,0.35524677251526066
3928,0.4406697917922353
3929,0.868926580110662
3930,3.5728890210663633
3931,3.7715576398728112
3932,3.398218730239462
3933,2.1461550197736075
3934,0.45400187409698134
3935,0.4409081181945884
3936,1.2271628393949632
3937,1.8979993950494285
3938,1.6128719040335873
3939,0.8026295114897815
3940,0.17480601667936566
3941,2.2516077942680566
3942,3.221106189965678
3943,0.4607851612999495
3944,0.48731026810762346
3945,0.47392685673639456
3946,2.324529812977586
3947,3.1895289965702336
3948,0.2511868749659472
3949,0.44614648735889584
3950,2.284977905345489
3951,3.1476688476965675
3952,2.3765303479495428
3953,0.4867684458551469
3954,0.49777455993689046
3955,0.9148459369269052
3956,2.598945219379557
3957,0.4707277002923759
3958,0.26653772978161977
3959,0.5117798626772023
3960,1.3176718847588793
3961,1.007447358206909
3962,1.7157197542572804
3963,1.1436874414219342
3964,0.31120571822195325
3965,2.5272722295765573
3966,2.2735064019074884
3967,0.6922056818247111
3968,0.8944388054756457
3969,3.0219091640805567
3970,2.333775686342622
3971,0.22209984637541968
3972,0.271737672988047
3973,0.9142293471793842
3974,2.8965070479149673
3975,2.8848165598103312
3976,0.7692894359135091
3977,0.4961349712234351
3978,1.1069271516389971
3979,0.8807594324184617
3980,2.8939549277249963
3981,2.2367359093232504
3982,0.34231613295610314
3983,0.242620358550513
3984,0.8389849411128311
3985,2.4493477603372056
3986,1.4913817632792823
3987,3.559404020965259
3988,1.3091107552168093
3989,0.41504087177252436
3990,2.30196563544209
3991,1.511060481266455
3992,0.7612354273188728
3993,2.2010403268197916
3994,0.30319653938053975
3995,2.0148694784100356
3996,0.6221474793860391
3997,1.5388886627411118
3998,1.0052010151975785
3999,3.4375715287063535
4000,2.520114892553889
4001,1.4223457533216832
4002,2.39187291488958
4003,2.2355788140784942
4004,0.7299411054109871
4005,1.8558340512140865
4006,0.47038689935806377
4007,0.30318525313000994
4008,0.4243842891444908
4009,2.3883501472409248
4010,0.1996705520726267
4011,0.2605110956925211
4012,1.5039525429053648
4013,7.678517513268353
4014,7.632145145046828
4015,1.0810622176396065
4016,2.4524387650195054
4017,2.5167097094030786
4018,6.422158816115248
4019,4.399176766046739
4020,1.037394128305154
4021,0.9285986262154181
4022,2.5043706246899458
4023,0.2160011649361561
4024,0.16878668510281913
4025,0.43905828183719087
4026,1.8717391670181227
4027,2.5417882987417393
4028,1.5511237572712773
4029,0.22609254982779226
4030,3.7145427936315265
4031,0.3043542316980769
4032,0.69584678532129
4033,1.3092656498268347
4034,0.16843941295594936
4035,0.20521723411240925
4036,0.42252020385738837
4037,4.669914069499584
4038,0.24843059721496555
4039,2.550863357292347
4040,1.1833297538114806
4041,1.2366392953847605
4042,1.4608451408878762
4043,1.2638033024712976
4044,1.33602953730096
4045,0.36673911776617685
4046,0.14024085687400395
4047,0.4317181285076469
4048,1.3448400089858406
4049,0.15613530925230118
4050,1.15769752898714
4051,4.68278559669127
4052,3.2583232884504816
4053,1.2533441690801572
4054,0.9002716651985876
4055,0.7588662756709498
4056,0.2271391820623783
4057,0.4682650789988652
4058,1.7730880332150807
4059,2.5122283221012447
4060,5.470622821885488
4061,4.330245468351055
4062,1.5430350151512826
4063,2.767432846978365
4064,0.20688859459894848
4065,0.24205380974866716
4066,0.19914163551599037
4067,8.17262173037022
4068,4.396261538724576
4069,6.684042240233767
4070,1.1882695149739133
4071,0.1581394850795127
4072,0.2104429981083451
4073,0.2213359477014873
4074,1.306770872999451
4075,1.714952603564318
4076,3.6651100540456807
4077,5.138563572151396
4078,1.4642203919491796
4079,0.5694094376693712
4080,0.8445632164349158
4081,1.6358758190520304
4082,2.7108210707945326
4083,6.851172211555558
4084,1.5806991023738326
4085,1.679934163329636
4086,1.2752372006341732
4087,2.283813798580568
4088,1.7556291538103108
4089,0.16684492471808715
4090,1.7879450596403914
4091,2.5772571837099676
4092,1.1222287126096235
4093,1.5380622391346448
4094,1.9485068021648768
4095,1.272701221421618
4096,0.6460838220869223
4097,0.18972475930280644
4098,0.22562965841209612
4099,1.8277933778375646
4100,3.5988653355043287
4101,7.152270564161669
4102,7.131119261418965
4103,11.415189210054537
4104,1.005541663950894
4105,0.9831636408261731
4106,1.4606756442665234
4107,2.288849961824874
4108,0.7438097140524511
4109,0.24506926270446963
4110,0.9768141406457098
4111,0.16164867768237123
4112,0.31443781494027095
4113,0.35995080757745684
4114,7.308306844271378
4115,4.4575565408195565
4116,1.5385553288604346
4117,0.5016686489255847
4118,0.4228537725366588
4119,0.28898846651772775
4120,2.957014594781634
4121,0.8269897914586425
4122,0.9983562069724107
4123,1.4896330334423669
4124,1.9466424709889198
4125,1.9141758949030414
4126,1.0803754895262039
4127,1.8586077237164265
4128,1.5106549312003883
4129,0.6269014806018376
4130,1.0045140661230758
4131,0.24571424697087482
4132,0.4025890502248618
4133,0.23252695527650916
4134,1.570728606038574
4135,2.9460408801177547
4136,0.154416212638447
4137,3.0787450462980477
4138,9.019317372161968
4139,7.917425467834247
4140,7.818898451467357
4141,2.9019909070713634
4142,1.13207786286172
4143,1.177937944922747
4144,0.729567602084835
4145,0.36196070879445097
4146,1.762894309500894
4147,1.662539323395044
4148,1.3838558790048288
4149,1.0747181669710066
4150,2.836210346948345
4151,1.4110787062282533
4152,0.8287079077503069
4153,0.20344181270737416
4154,0.7363344501655587
4155,0.21738233997992734
4156,0.26360249997437196
4157,1.9903159812101745
4158,1.3731310988526193
4159,1.0188749496051352
4160,1.9828337736878325
4161,0.1748463027133132
4162,0.1487795887307571
4163,6.250389288639335
4164,1.8211585172169935
4165,1.856193118275121
4166,0.17489390619951695
4167,0.6942450092877235
4168,0.13278053438694726
4169,1.8661734582398974
4170,2.470673865098586
4171,2.2227132271446295
4172,1.361858201306719
4173,0.16793350809090393
4174,0.7145901313158902
4175,0.1788414462278483
4176,0.4877180644118132
4177,0.6498558121522486
4178,4.382399187369086
4179,0.1986465046267488
4180,0.8320117473770186
4181,0.894437151399804
4182,0.18275491577118477
4183,3.4467385770793912
4184,3.0111915790996706
4185,2.470967299506929
4186,0.6630419954709631
4187,1.982837141765856
4188,0.9421815027921758
4189,2.2239032850070086
4190,1.6306067572108198
4191,0.27788937979581696
4192,0.21397732735791017
4193,2.08595675253453
4194,7.987148066172057
4195,0.2313097697756481
4196,0.25923670647442065
4197,0.5473299682036072
4198,0.20075114375570127
4199,0.19561637715879412
4200,0.7353270435740697
4201,14.099300759765892
4202,1.9126376450169464
4203,0.17185331153412656
4204,17.326581427846957
4205,1.4255089206605762
4206,2.3962231195774493
4207,0.26888398358424553
4208,0.2743910858343439
4209,0.9111203356222871
4210,1.6002297287444807
4211,0.3274819737632556
4212,0.7531620799166685
4213,0.7218407068340265
4214,3.238762870158988
4215,0.3435262628916701
4216,1.7033504551996241
4217,0.31517175353100635
4218,2.2675807869843987
4219,2.318964208919292
4220,0.7354504072832526
4221,2.131459823005445
4222,2.369094690940601
4223,1.3052988510640606
4224,0.287157853445415
4225,0.34553490201965453
4226,1.715892656643599
4227,0.36205008722584336
4228,1.204579171155812
4229,0.7014127462730673
4230,0.14368987466886468
4231,0.16899476131238814
4232,5.02663893551803
4233,2.4744107711077983
4234,1.322438687439053
4235,2.636982822099683
4236,2.6392237565679477
4237,0.7223327773860835
4238,0.2364184466251735
4239,0.2514134073953063
4240,0.6990483024460863
4241,0.11450506712267557
4242,0.15343886447895602
4243,3.1060376952355475
4244,1.9561117929378744
4245,2.4464392258338323
4246,2.0971859020295636
4247,2.0565895820588564
4248,1.6246118390007478
4249,1.5284798167280986
4250,0.12147428284699384
4251,0.1911773079027211
4252,0.21340233517561083
4253,0.05597159931001759
4254,5.3507987569069035
4255,1.57007555169485
4256,2.35614268100034
4257,0.6203811994515858
4258,0.20305158248733104
4259,1000.9790720272745
4260,1.602955597128415
4261,0.9429493054580933
4262,0.6500533373776878
4263,0.8644686968402966
4264,1.5760908122498924
4265,1.5637023217701
4266,10.952445736599635
4267,1.6929453723542585
4268,1.099183928623987
4269,2.1485106295016534
4270,0.29625818926353314
4271,0.8949290547891813
4272,1.1191681033045835
4273,4.262526944346983
4274,1.0841967286259941
4275,0.9843522015661744
4276,0.8051819612318418
4277,0.5175985955527873
4278,0.3184853370737812
4279,1.4335581301617162
4280,1.115456972713123
4281,0.47801552408427794
4282,1.8488105789421236
4283,3.599169857782369
4284,1.8462347317402212
4285,2.99987738894125
4286,0.6866713812617281
4287,0.9661441987449816
4288,0.11525641228644494
4289,0.11463825425403026
4290,1.2158990034397648
4291,6.596474328304022
4292,7.743519183862373
4293,1.5663956569814401
4294,0.4992213883917107
4295,0.44626054083389566
4296,1.1616452081252762
4297,1.8089355637833668
4298,1.2329239579845213
4299,4.060577856179701
4300,1.2998392301036206
4301,1.3145036505172076
4302,0.19864610576102698
4303,0.2744451206392079
4304,0.7189775013101746
4305,0.2944165157617383
4306,0.658273934322507
4307,0.11622241274373345
4308,0.2637498187260682
4309,0.5567933125038267
4310,0.7463943404643233
4311,6.345938427897742
4312,0.7315583193620219
4313,0.6298995808859869
4314,0.5207004201202369
4315,1.009917346746231
4316,3.1688643211800684
4317,0.5860961760355041
4318,1.2300262017071364
4319,2.347668109600112
4320,1.578644697945896
4321,2.406974709370361
4322,0.20851023579883365
4323,0.23369735150685414
4324,0.21948711227607112
4325,1.931409056343686
4326,0.21365467394504065
4327,0.19371166172043386
4328,1.5311768476242489
4329,1.139476769183461
4330,1.619228609497019
4331,0.8593674365898931
4332,0.2966810730193243
4333,1.1118608242832648
4334,0.9975101860188462
4335,1.7259096955209365
4336,1.6797130351128018
4337,0.8740917452731272
4338,0.6150444949296077
4339,0.2183797408526868
4340,1.7685565439197442
4341,0.8989703494513619
4342,0.41414755874558873
4343,0.8805480395100596
4344,1.582806242307377
4345,0.16912387803782242
4346,0.8944670541658463
4347,0.713865754572443
4348,1.2662496454791314
4349,0.860989993185305
4350,0.2508217652768714
4351,1.392793336856657
4352,1.5017131435031672
4353,1.2731546244503844
4354,0.9311057639502084
4355,1.1954424728768804
4356,0.2723845944641288
4357,1.21459891923148
4358,0.447223660959811
4359,0.6573256624225747
4360,0.7608673369977412
4361,1.1187774495711957
4362,0.31052936200458975
4363,2.291840104130181
4364,4.6076290323682825
4365,0.8683835859159054
4366,0.8909282898882339
4367,0.29339984335128966
4368,0.2842689651307527
4369,0.320284155924957
4370,1.1232311699753157
4371,0.7730746966640605
4372,2.1952738592823846
4373,0.17722023664204772
4374,0.7010407443524702
4375,1.2367548513082676
4376,2.452418364394818
4377,5.6663708452754085
4378,0.2715878926094018
4379,1.9285456115828148
4380,0.48499745655197934
4381,0.9045938731380266
4382,0.1749004962752732
4383,0.2014279432670489
4384,0.27917147378006024
4385,1.4920472883621985
4386,2.753364976180918
4387,3.0046187311413286
4388,0.32091618082829093
4389,0.5849014131189961
4390,1.6719628106344386
4391,0.9507979307817239
4392,0.24856063930320074
4393,0.6258259826501446
4394,5.058585092777553
4395,0.6439664177596923
4396,0.4267214625015938
4397,0.9239246634946583
4398,0.7540766580138559
4399,0.6048202270287039
4400,0.56497690723246
4401,0.48114176444174384
4402,0.1749111857327787
4403,0.14866895230159585
4404,0.5114875783196469
4405,0.09377913802403771
4406,0.6003781661088844
4407,0.3881093534417164
4408,0.8686504691597474
4409,0.17819045598777555
4410,0.1150602251120529
4411,1.2703640827888887
4412,1.6426091963902518
4413,0.3110009748773055
4414,0.1294570267688813
4415,2.86860021630133
4416,0.546938090574135
4417,0.10375299672215213
4418,0.21909454686592708
4419,0.11699855781100972
4420,2.3301669246581094
4421,0.4415298134302014
4422,0.16181813790143715
4423,0.1560302421203441
4424,0.46774482679602947
4425,0.5858027268656358
4426,0.6354653042430322
4427,0.5524142136298869
4428,0.29028074970863604
4429,0.21355982506111904
4430,0.17287852214486715
4431,0.17410163359524933
4432,0.15468115545222733
4433,0.6478852834637068
4434,0.9832077780139592
4435,0.6436349470495047
4436,0.1777272071501234
4437,0.17821137993867991
4438,0.6255125002454374
4439,0.6577841782603285
4440,0.6804154031870688
4441,0.18940169112980074
4442,1.3303030514782443
4443,0.20367764055030213
4444,0.13489278432640323
4445,0.22333718443741307
4446,0.24543188960849457
4447,0.502944638390127
4448,0.45218712708881126
4449,0.1789887685358075
4450,0.26963614984960893
4451,0.5700161217574007
4452,0.5308368376353121
4453,0.24148224325785464
4454,0.523233828642653
4455,0.22078357621735212
4456,0.4891470010776037
4457,0.2573487136096469
4458,0.20274835333303762
4459,0.23844103096269645
4460,0.3946474011352957
4461,0.44513963023493
4462,0.5267281069174002
4463,0.5254438460332889
4464,0.33010601716046306
4465,0.519538511526273
4466,0.2711782528539034
4467,0.21337663608358245
4468,0.10822675596645048
4469,0.37770849507985244
4470,0.2023991070870313
4471,0.2085286670838792
4472,0.34330123975410937
4473,0.7299221247547095
4474,0.7489083562866787
4475,0.2890094738604318
4476,0.19823273404373057
4477,0.6091741181915655
4478,0.5245420161873573
4479,0.4181112362865303
4480,0.7404734618777181
4481,0.7114516316458679
4482,0.19121709363946948
4483,0.7914222346199732
4484,1.1966628130201058
4485,0.18644047765383245
4486,0.09505295190184254
4487,4.379350409901816
4488,0.19124039143267094
4489,2.6868188088659393
4490,0.9434199653290666
4491,1.296758528121199
4492,2.304713750877965
4493,0.5563751777336922
4494,1.1172183723205702
4495,1.0607690156300635
4496,0.6503341046327391
4497,0.20361000174560662
4498,0.06065784219344241
4499,0.26127632251207683
4500,0.18940410054194834
4501,0.7538790525156776
4502,0.6534653152700298
4503,0.4873948551769639
4504,0.19619893236859282
4505,0.043699753044105914
4506,0.20301387939820395
4507,0.11138185741171455
4508,1.098417452523234
4509,0.0376171598270956
4510,1.4224376441668474
4511,0.6111443530535345
4512,0.47705872439793084
4513,0.9409777072888805
4514,0.7194752983003655
4515,0.20212459217034515
4516,1.571018265832215
4517,0.46318700412190916
4518,0.19792087727925348
4519,2.122870786093155
4520,1.1500834834866014
4521,0.11697676635317474
4522,0.17981892118048165
4523,0.564926365110332
4524,0.17583755370293844
4525,0.04412417920210392
4526,0.9391239429685545
4527,0.20467525212216772
4528,1.3238087378039225
4529,0.7833155294074692
4530,0.11106071975019742
4531,0.21752564276804132
4532,0.2151719551814863
4533,0.150988786894604
4534,0.2650802597494154
4535,0.24810082398349184
4536,0.2396141365266629
4537,0.11501232548720397
4538,0.20670165877844682
4539,0.4651931343229173
4540,0.13849879744889038
4541,0.15960479193235638
4542,0.4105670789604466
4543,0.15543057956482526
4544,0.285259113680065
4545,0.3027349230626116
4546,0.3861200324587156
4547,0.40891933916738726
4548,0.13313213724859835
4549,0.10087698944235214
4550,0.6475091883646796
4551,0.720111520351578
4552,0.4311341535025001
4553,0.24784254422232402
4554,0.11748837543585679
4555,0.14709823483614348
4556,0.14259900362516334
4557,0.1001163161477344
4558,0.7927446806459707
4559,0.49404485880176763
4560,0.9060835954546193
4561,0.19801473752961368
4562,0.175269853463999
4563,0.5644504886708532
4564,0.670363610943952
4565,0.6475630270348123
4566,0.10054481250684551
4567,17.535501434745647
4568,0.9162597068426387
4569,0.3996092818753382
4570,0.1315758368100613
4571,0.26422823708215964
4572,0.38784526761123744
4573,0.39001619661094344
4574,0.44577692227819127
4575,0.3801707062001321
4576,0.03631989756275079
4577,0.11328664120882649
4578,0.18737224017867585
4579,0.18378159151371642
4580,0.3664846787011457
4581,0.30039424880502774
4582,0.15472678146192553
4583,0.6348330011822669
4584,0.6758260170597258
4585,0.22617076419739815
4586,1.033517885254948
4587,0.2993619096391912
4588,0.44258464960156124
4589,0.3924432472697695
4590,1.0958049721410135
4591,0.7174672155862428
4592,0.5230311463964562
4593,0.19915992974296892
4594,1.099507210078405
4595,0.37001251366032606
4596,1.4038545301673921
4597,1.5228213356229496
4598,0.491480166024836
4599,0.5891994853902072
4600,0.573828214509686
4601,0.17672977031149403
4602,0.39933002900588344
4603,0.43419991168855326
4604,0.14866852836751415
4605,0.19660432419160975
4606,0.15675376392979065
4607,1.7369929425120754
4608,1.945255891112827
4609,2.087033562750772
4610,0.18170857598701487
4611,0.1999515758476015
4612,0.20702485173158913
4613,0.7489307981098432
4614,0.19772605897983617
4615,1.211351547073157
4616,0.8794471614596913
4617,0.7872672474616917
4618,0.22411119703762591
4619,0.2044326989486912
4620,0.6005752515304335
4621,0.3190408954643047
4622,0.2585698874726297
4623,0.15441860398498217
4624,0.2305400326067405
4625,0.7049054302996225
4626,0.28153773653763486
4627,0.3089586284160997
4628,0.2300039096857305
4629,0.160306513949209
4630,0.4376389567540664
4631,0.49329439414966736
4632,0.1931841318127263
4633,0.6677197245422529
4634,0.798999201240241
4635,0.6678374302597281
4636,0.6002655452176868
4637,0.22612136191788573
4638,0.5576195102050137
4639,0.5927783481446531
4640,0.8847453723864773
4641,0.7516297308832731
4642,0.4144749227808325
4643,0.41966848327495054
4644,0.954019817375604
4645,0.6089553521883657
4646,0.6285123216751232
4647,0.8238493083852334
4648,0.8694879238961526
4649,0.6235064721641729
4650,0.6649496373987362
4651,0.33864010186389115
4652,3.1947214791011556
4653,0.6502010619481773
4654,0.3411084389565488
4655,0.6819600108212774
4656,0.5868629040739897
4657,0.7832746069868965
4658,0.7419551854562246
4659,1.1724339749104153
4660,1.0267742837768277
4661,0.3289075186716401
4662,0.7546422510283852
4663,0.9094572360740394
4664,2.0744918633384146
4665,0.42420134834034695
4666,0.3308193990519138
4667,0.3810809380791004
4668,0.5556240722648661
4669,0.5258319990885361
4670,0.26887684062323974
4671,0.31633636994111203
4672,0.6392238994806965
4673,0.2289824527028991
4674,0.30669874613196624
4675,0.21005435446085396
4676,0.28024588076468765
4677,0.15084372002153962
4678,0.23498163732063587
4679,0.2416328211526437
4680,0.189843890505365
4681,0.03964036217830985
4682,0.15707635256701197
4683,0.19621685126272806
4684,0.209251102525015
4685,0.1571014659228512
4686,0.17170860221730277
4687,0.13210367601369835
4688,0.14785391416038945
4689,0.15848724037640438
4690,0.11263633843251007
4691,0.1465186118681091
4692,0.7099813420375167
4693,0.9059531665589438
4694,0.717690922743504
4695,1.7133499078807914
4696,0.09909861828150908
4697,0.17242763753380783
4698,0.12951238712234794
4699,0.24326320215973057
4700,0.2798086500863931
4701,4.014106777994529
4702,0.08954755995466562
4703,0.12708874415145174
4704,3.084290470452867
4705,8.809150475317402
4706,3.055938202122377
4707,0.08176377124898174
4708,0.7861827355280572
4709,0.1529949669470253
4710,0.16336634582049367
4711,0.13986829364682205
4712,0.1859955925871012
4713,1.721513187587754
4714,0.6206352029921389
4715,2.5229326217531542
4716,0.08002637859978434
4717,0.089921756798878
4718,2.8349056832071042
4719,0.09184826716203591
4720,1.0834297796893932
4721,0.07603539858412843
4722,0.15971472963358374
4723,0.07753734952853408
4724,0.9167828668868959
4725,0.17429517256463528
4726,0.24345628133802535
4727,0.30445571274817657
4728,0.37436570851740875
4729,1.1862806178306908
4730,0.3729419490500173
4731,0.4357837389269971
4732,1.1027111934064038
4733,1.0897279129174224
4734,0.16409171399003125
4735,0.9977513091333389
4736,0.18857407060056847
4737,0.30959718126190117
4738,0.1509244054816725
4739,0.3061886908758289
4740,0.42847578038442474
4741,1.3957318022599365
4742,0.19335230105339896
4743,0.09736228916386577
4744,0.08227608776312975
4745,0.08496804696701424
4746,0.09910805886972111
4747,0.0856275463751552
4748,0.08907445580685588
4749,0.115264269180472
4750,0.041049255873814076
4751,0.08267390108691175
4752,0.09982924793627226
4753,0.10375807932436855
4754,0.1296651046946565
4755,0.12890126183364675
4756,0.4657069929966301
4757,0.4964746432070567
4758,0.4841037245371083
4759,0.5110349080925245
4760,0.8133768755207043
4761,0.8301961342668157
4762,0.03137502519935858
4763,0.6924224053230701
4764,0.544707773171205
4765,0.10405404677306004
4766,0.4583393823197092
4767,1.2428670585030093
4768,0.07761351416245071
4769,0.20830983169618433
4770,0.08203210263242042
4771,0.1360808334597715
4772,0.14599855264284395
4773,0.1779903173900991
4774,0.5712700506387454
4775,0.4488044738553128
4776,0.1375568765239491
4777,0.661820597242864
4778,0.08361198234376505
4779,0.7438086465657724
4780,0.543521817999697
4781,0.34547166735610885
4782,0.44994730401514393
4783,0.4761873694957172
4784,0.1318771980191018
4785,0.5362410420138641
4786,1.0290852054556268
4787,0.23230949426625383
4788,0.12343807098659519
4789,0.5417421964322772
4790,1.376884828603944
4791,0.2835022702129843
4792,0.12506814954830642
4793,0.3026868614571283
4794,0.11228469512136449
4795,0.215519135360887
4796,0.6067006109561032
4797,0.5058363709000344
4798,0.584267565155073
4799,0.5537821376706322
4800,0.6005830666894545
4801,0.2806695307369737
4802,0.13449125466297113
4803,0.3871834448725165
4804,0.4279866248820605
4805,0.4204570035936896
4806,0.3281226462730648
4807,0.22720508853557392
4808,0.20493444326922117
4809,2.5957505436179433
4810,0.29203723857832026
4811,0.5465706224450004
4812,0.4327911313210056
4813,0.2739689765579666
4814,0.07840756331682451
4815,1.6567486474694264
4816,0.35272342086887826
4817,0.19797633507082235
4818,0.31322958335988804
4819,0.2254375458418036
4820,0.15608569446838166
4821,0.4551701707941905
4822,0.2999159717240835
4823,0.27837501472881293
4824,0.26729981983741635
4825,0.21529448151129327
4826,0.17422246321604426
4827,0.19520862274378886
4828,0.27297333666017887
4829,0.27450330507543236
4830,0.2587184630000393
4831,0.18858795448103347
4832,0.18371969364187596
4833,0.1788271038745508
4834,0.22630354405421801
4835,0.22650710672528013
4836,0.15107222376204058
4837,0.16087084989416386
4838,0.22211318859801957
4839,0.27760161024515045
4840,0.17293902511059148
4841,0.15749576709818855
4842,0.17073607195824464
4843,0.16598803422552597
4844,0.2636285239073144
4845,6.891817857465661
4846,0.16711589916599928
4847,3.5507532449652452
4848,0.4037615338883578
4849,0.16673923513910277
4850,0.14834275212215933
4851,0.21081460455615839
4852,0.16593694928579733
4853,0.1569302098266462
4854,0.13247100448615445
4855,0.18724030995789442
4856,0.5224250159128673
4857,0.1984184041280647
4858,0.19600788814984343
4859,0.17112288719914068
4860,0.37308899373013554
4861,0.18366375371395674
4862,0.14747077060232294
4863,0.16431552767762084
4864,0.21891857965094247
4865,0.2557734043143891
4866,1.4165751163460671
4867,0.17688844168401682
4868,0.12814043526468202
4869,0.24352780863135812
4870,0.46144428752849886
4871,0.4336535706296607
4872,0.17862493235569665
4873,0.17294934974077653
4874,0.13206110034553523
4875,0.13534694838932274
4876,0.17031103570463219
4877,0.28159548013564745
4878,0.4352979657446251
4879,0.16679567211576352
4880,2.1259182664396303
4881,0.2827980952440679
4882,0.26269769000896664
4883,3.4728383059104786
4884,0.20246641938638882
4885,0.2259496304346693
4886,1.0192640754769022
4887,0.9474808874695991
4888,0.8380509015545974
4889,0.15433890688232438
4890,0.26838818709060275
4891,0.5969497299323805
4892,9.494556814077644
4893,0.8826005380780109
4894,1.6203645386956058
4895,0.4775607536426722
4896,1.7502233800250955
4897,0.16689891707830531
4898,0.2472879470257832
4899,1.852194433637081
4900,1.9101291846265118
4901,1.2771895202770824
4902,0.36982115569082197
4903,0.5638373223005434
4904,2.1682994084384384
4905,2.7084899761335017
4906,1.594802420221054
4907,0.21170605019487226
4908,0.19099774117284857
4909,0.6275911939571558
4910,0.24131993170318408
4911,12.870907766709315
4912,4.257750772660657
4913,0.5683768403029188
4914,11.75626935948957
4915,2.9957826600512587
4916,2.4045993950233218
4917,0.2106499179923125
4918,0.2704301669842178
4919,0.4969089389227643
4920,0.7183302594198326
4921,3.3711475012174916
4922,4.6762542673734515
4923,1.6626220074231903
4924,1.60826055333232
4925,2.3085369761996835
4926,2.2437816603995717
4927,1.402272932726095
4928,0.7702736532584776
4929,0.5051259741572117
4930,0.6901680700183457
4931,0.9393202117255376
4932,1.3882713662687989
4933,2.6911783038331434
4934,2.7183644162283667
4935,0.7216113060713748
4936,1.6069024122621896
4937,0.8271356610908366
4938,0.5344681518019382
4939,1.7339993180647157
4940,1.1491550745804089
4941,0.5345120632633139
4942,1.8014652867655478
4943,0.4345256887994771
4944,0.7281783124327768
4945,0.6126457770485172
4946,2.070354610326417
4947,2.0017031053880707
4948,1.8512814588974205
4949,0.17555046559897308
4950,0.18057469449729785
4951,0.6802369318346945
4952,0.24304067534291615
4953,0.19344789299462573
4954,0.21669027021294465
4955,0.1806422803181352
4956,1.6441432362089523
4957,1.5744813833643103
4958,1.5255681706929298
4959,0.7989625788941723
4960,0.2371183390092457
4961,0.273411544504236
4962,0.2957112719547516
4963,0.9700551037104959
4964,0.927465991100228
4965,0.15314334741110391
4966,0.1479437418276328
4967,0.29932309517841443
4968,0.3183505527552064
4969,1.3374787780885262
4970,0.8607598495677253
4971,0.16214982417504997
4972,0.3340893874932612
4973,0.4620723498817824
4974,0.9278438719844602
4975,0.15807685067894142
4976,0.3370243440222079
4977,0.20930571875509188
4978,0.19851787906070592
4979,0.21911926382006974
4980,0.619533295044386
4981,0.2593784074843175
4982,0.326805203042944
4983,0.2879196397414095
4984,1.2145216861271082
4985,0.26793575781394585
4986,0.19488862975671198
4987,1.3140557802231398
4988,0.24563349193286327
4989,0.20301862929469106
4990,0.18059479226771896
4991,0.2253080461531736
4992,0.4539134900002439
4993,0.47882063796831675
4994,0.2206616189379242
4995,0.18753370775803133
4996,0.1744101581528855
4997,0.18672124083062006
4998,0.19144194794177744
4999,0.14519415581769488
5000,0.18011033525376455
