object_id,trafficProx
1,143.82843536252568
2,0
3,0
4,123.46858075880914
5,0
6,0
7,0
8,6150
9,0
10,0
11,49.95629699629272
12,0
13,351.27086992861837
14,0
15,324.4223704726285
16,68.19918229212905
17,0
18,247.9826330388322
19,3239.76539629992
20,0
21,245.26290777706095
22,5130.340818158362
23,0
24,5499.692056932531
25,34.359133854264826
26,5449.882743409188
27,0
28,0
29,0
30,234.51024616433315
31,349.2531109522977
32,0
33,0
34,36.5466957161055
35,0
36,15022.270341028758
37,12515
38,168.72392707826447
39,0
40,8075.241737532428
41,40.20082656013077
42,0
43,14.187763977981177
44,0
45,68.31583711730515
46,245.14011800953648
47,0
48,38.63904487014081
49,2404.6673217996445
50,0
51,8.280529420548486
52,0
53,274.3436085523053
54,0
55,0
56,274.82123955852927
57,0
58,0
59,0
60,0
61,0
62,12632.11055897718
63,0
64,0
65,0
66,0
67,22.15126540412181
68,0
69,0
70,110.14880451030807
71,0
72,0
73,0
74,16481.86751070873
75,28.849213323102642
76,173.34819924973843
77,0
78,71.70551696999598
79,0
80,461.3030409943926
81,77.58522762731685
82,65.35103270583863
83,66.60578224340891
84,40.38746223218637
85,368.7042711250157
86,0
87,99.63579865436435
88,0
89,0
90,17.23866988333924
91,45.599260951269486
92,15.456648018069734
93,10884.288730942795
94,0
95,93.16045086947312
96,39.57242829176525
97,0
98,46.29167548786484
99,0
100,0
101,83.4797742530362
102,5755
103,0
104,0
105,206.24373049566708
106,0
107,0
108,0
109,0
110,0
111,0
112,0
113,0
114,0
115,0
116,0
117,0
118,12253
119,291.7408554131363
120,0
121,7509.094889057701
122,0
123,81.93043791716376
124,0
125,18.816935629052562
126,0
127,6731.2801353080595
128,0
129,140.0503095699412
130,0
131,368.42257687198634
132,95.99514054003713
133,385.9091064884031
134,62.68420218340673
135,53625.11510596656
136,17.057984203680117
137,838.1154772702499
138,0
139,0
140,10122.063997912832
141,0
142,370.19490804031597
143,0
144,40.328190666087664
145,0
146,0
147,9960
148,24.537626636200503
149,0
150,0
151,28250
152,0
153,0
154,0
155,0
156,59.23846204723044
157,0
158,24.57621365523031
159,0
160,335.2762247679823
161,580.8564403719948
162,52.735113986918286
163,0
164,17444.602982767698
165,47.312090029972865
166,245.34292513911612
167,108.80346540255849
168,14.026316218232202
169,293.2872378705029
170,21.9698851513207
171,12.565498320586816
172,0
173,2449.852465212176
174,4219
175,45.874860849902745
176,98.3845055025812
177,0
178,19680.632143549556
179,0
180,0
181,96.80225653185485
182,206.0288171007505
183,318.5187718728798
184,500.2455082081759
185,0
186,0
187,36081
188,66.48449716792976
189,115.57843729532551
190,97.39837077074259
191,1239.8434459081968
192,80.64626181917146
193,2860.1753470761705
194,405.525275978322
195,5445.6943050951395
196,19983.542048339386
197,35.97340693339438
198,51.28221582230485
199,258.51255181371045
200,0
201,111.25710647021913
202,54491.64027675835
203,58.880580444090235
204,118.82914564991606
205,202.43380492446616
206,8157.434846829296
207,0
208,114.89681683827084
209,59.911639686333636
210,162.87236357891956
211,0
212,12230.728583399723
213,37.477009377252806
214,0
215,16.587266389480835
216,289.5480697704895
217,1260.5377666690356
218,100.45525723338223
219,0
220,384.20509440583163
221,2911.7895383608206
222,0
223,119.76784895153646
224,42.43990692425491
225,39.941395835927935
226,0
227,38836.24428065635
228,1208.8744771348381
229,1090.1458399896035
230,958.2002261081682
231,266.1226850838202
232,22726.812358688243
233,25.81417967686569
234,157.60257727527284
235,129.44372190280163
236,0
237,1.5402811532513392
238,218.48224821650234
239,6969.13506145487
240,14318
241,143.01607026763295
242,0
243,0
244,19.482145298678848
245,175.26276717721353
246,185.69831810608696
247,0
248,12658.919212178416
249,377.64859507005724
250,93.64239734665328
251,0
252,9922.72957885433
253,384.59874763100527
254,48690
255,0
256,21880
257,0
258,0
259,169.72049015883442
260,66.14993834914951
261,26690.836533093574
262,180.80291418765844
263,73.68205065516221
264,75.15649937618227
265,0
266,0
267,175.14958778480394
268,2242.1044805670895
269,36.899472670092436
270,284.84223309385686
271,0
272,128.7340673884802
273,202130.1440280907
274,322.37110483305577
275,78.17303346691239
276,167.43485735889467
277,0
278,1142.2154620921356
279,371.23643507510093
280,242.51722407422938
281,1131.2373347594
282,12581.447245548328
283,1577.7466329311
284,352.0314607590512
285,284.2903065696393
286,57.52408891744628
287,9207
288,355.79715976325974
289,0
290,0
291,34024
292,124.98924414969753
293,71.94414370170495
294,0
295,4910
296,1026.953439360178
297,103.69762714149243
298,49.21194081621142
299,0
300,2189.600394991884
301,464.9994028709903
302,86.19002730236119
303,37.02853059495668
304,1004.0523828732565
305,333.6289121419545
306,35.32463581707715
307,629.3418458520594
308,116.7648388703412
309,306.6432650916756
310,166.83438472939895
311,456.7260593757815
312,28.665421594775268
313,75.38508380347523
314,143.21022087890628
315,45.316641467612044
316,0
317,86.14541227498867
318,2440.416346283957
319,89878.26104598402
320,607.918359249166
321,29906.991405107612
322,26476.72488056424
323,806.0519031057278
324,78.61875864349905
325,41.47527928016472
326,587.685125170621
327,375.5258233155143
328,128.73755991326834
329,29890.664070659364
330,113.96232927344371
331,293.5948117125296
332,18291.028665199537
333,180.30037002156058
334,59.0541260292177
335,495.7862651069097
336,41.957099749096415
337,307.64504372041614
338,0
339,6588.201439448237
340,25883.64452686742
341,30.752270231218663
342,142.24729576837044
343,280.6526220255996
344,6352.081817102648
345,0
346,0
347,229.22905847150884
348,610.2370109927638
349,159.98170262297413
350,76614.08566999644
351,2492.3559409920967
352,0
353,12231.328072625345
354,0
355,380.5423726648401
356,8833.311530273817
357,442.893071966752
358,32300.32319183144
359,9159.295761626954
360,227612.4080919855
361,53019.661497783956
362,279.1169640705703
363,306.175219632484
364,266.49051935360336
365,8106.6100130692075
366,3202.859020058829
367,24.571051334243254
368,1281
369,173.62106942163126
370,67.5202002060534
371,111122.95953338002
372,76.36407416843059
373,1392.9809546904753
374,380.37720145269384
375,241.5227250471574
376,825.6691447537644
377,12036
378,4612.381482790132
379,29793.493173802457
380,337.3898447712497
381,160.4165529951565
382,69.84398877958826
383,0
384,0
385,14.524905905822227
386,154.05597040288262
387,233.33595453808584
388,33.405957866481344
389,1132.8766819895404
390,0
391,33.66315437997214
392,51.1287822365921
393,8929.200050417163
394,25.99444531069815
395,1404.4348537795015
396,119.85422046804004
397,43.93083797876394
398,143.61996687903095
399,23855.61976239355
400,723.0181795434635
401,166.14835173231953
402,8925.514201827866
403,615.8742798456532
404,0
405,39.93441489955958
406,8869
407,87000
408,113.79779815267536
409,8977.705276401923
410,85.66163722141272
411,17378.911263929054
412,55.14413799629705
413,37.49408665643673
414,17820.732983943642
415,0
416,75.15477552263746
417,33030.13511623412
418,188.4452371541615
419,1804.693068114648
420,382.7457288848326
421,66.85250242882685
422,0
423,69.36499965781347
424,22742.982696425122
425,33918
426,198.67765753138846
427,36344.43146763722
428,10993.98401224324
429,0
430,0
431,0
432,0
433,0
434,26.104846570954546
435,21899
436,0
437,60.79103495273006
438,117.27253797096674
439,16466
440,0
441,0
442,98.87598765041979
443,70.5131842055003
444,31.4232905629751
445,22285
446,301.0933819915801
447,53.277152791760884
448,616.7940460793477
449,213.927719612893
450,73.52849663931168
451,1869.3095593278697
452,35.69836246960746
453,43940.86143511735
454,14617.544819914854
455,103.77266140884703
456,78.98457181816886
457,16238
458,1268.2342616364629
459,1467.5238278911074
460,100.1010833934068
461,92.02541596100802
462,371.6890045248192
463,16238
464,0
465,360.4886493275964
466,379.95742582023234
467,38.94977690498228
468,129.08127208559154
469,674.7667182848255
470,60.278589397642854
471,743.5198199061263
472,19200
473,1075.7481795149079
474,0
475,0
476,355.135931173127
477,49624.33117940163
478,13.626947477995786
479,68.19868825243043
480,0
481,478.8989426453814
482,274.84702332048056
483,0
484,0
485,0
486,113.4590491539129
487,101.94039092028399
488,23.438489874011978
489,0
490,0
491,0
492,0
493,122.97614098214025
494,0
495,0
496,0
497,17.541372498483586
498,0
499,0
500,13558
501,10.744442914432929
502,372.8678285327337
503,35.53876621633932
504,211.8441420901117
505,0
506,0
507,36116.84403092534
508,0
509,0
510,169.87311767403165
511,181.37333361288546
512,326.4034789894438
513,1353.545023467963
514,11752
515,122.51973826187687
516,132.23401731665848
517,103.13052981287895
518,155.7925569071579
519,31.497777984821173
520,95.34817824640334
521,38.18854598110138
522,26.49697262207052
523,27.37866360196692
524,0
525,134.37362377364335
526,39.606439415302624
527,436.48068457524744
528,0
529,101.07943234294126
530,63829.95199307411
531,108.37935011707276
532,8369.956109596707
533,210.9350681078953
534,0
535,0
536,0
537,20891.70974673503
538,534.415453856067
539,0
540,0
541,0
542,214.1357103536106
543,7773.4660193841855
544,0
545,17513.534149750754
546,2392.825693026328
547,1672.6641887160233
548,597.4214937134017
549,0
550,0
551,75.11404495466702
552,108.78358699437135
553,0
554,0
555,0
556,0
557,0
558,0
559,57863.712178857575
560,25472.79492553439
561,84317.9028296822
562,0
563,0
564,94.14347233403986
565,169.10232623963276
566,75.2011038266395
567,0
568,230.22270672000872
569,3441.157018575861
570,4465.142204124226
571,89.82666177268229
572,91.33397965439235
573,5846.892010536616
574,18399.75429103392
575,11278
576,9947.693422083623
577,607.3181384947009
578,123.41767700244512
579,22.07632662908212
580,22008.238666189034
581,10463.700094253942
582,0
583,3275.239290205439
584,87041.66834117337
585,0
586,19.146125272572647
587,0
588,44.37312984757395
589,7227.910397547619
590,6313.619922687584
591,844.8666988400807
592,46.20095797859252
593,0
594,0
595,15523.072769291948
596,158.63102122299108
597,49.596484692336084
598,16953.747785008567
599,0
600,0
601,0
602,564.2210307473305
603,333.40868331439145
604,0
605,0
606,0
607,244.66663217110505
608,531.3344451102397
609,139.61287526298514
610,15.155447137508853
611,42.44792865420131
612,1827.9415555354844
613,0
614,0
615,45.364055035239105
616,12795.256302399352
617,547.0412905802553
618,696.1690466018522
619,1002.3282463226941
620,4575.454490191945
621,7072.278330978537
622,1683.19827609149
623,768.5284719118783
624,17.63863364570629
625,40.915915055602895
626,107.77207291876289
627,0
628,0
629,0
630,110.64375624004572
631,26.366037126113525
632,84.62909818049512
633,64.64077399714759
634,13579.210447426238
635,24505.252001418914
636,15508.86385477187
637,66.83918269269263
638,49.36761648912117
639,869.4875917504735
640,498.6701911010692
641,26.0911830916114
642,31.23466157699181
643,33.96112839211962
644,100.66524301487138
645,121.97239978364139
646,14378.768011555307
647,12610.2052821084
648,204.82287087334487
649,0
650,44.81577424870512
651,1092.409208429025
652,1520.8356756628993
653,16112.357663878138
654,48.07239139944902
655,216.90405715626588
656,195.1153768187394
657,17510
658,51.91874179503944
659,0
660,117.8247553982044
661,205.37070257958496
662,85.12927263050824
663,79.17758906514834
664,22278.394958491248
665,0
666,22.80236221512693
667,642.6954749146961
668,0
669,0
670,200.61322830239317
671,93.00347224651495
672,0
673,0
674,0
675,0
676,0
677,306.484883492065
678,0
679,63.58015975716109
680,39.138985595263286
681,224.92772560101602
682,0
683,1178.0617019410088
684,1202.5173536058683
685,0
686,52.49915781065257
687,114.24905484620544
688,4194.914641966866
689,70.00089767529033
690,1729.7580322003002
691,97.5833850408739
692,35.76884710610583
693,65.68480951744229
694,203.80068825994914
695,86.86348672024408
696,535.753726333955
697,818.8578022837776
698,14.24522786594212
699,75649.86150093647
700,3.481342011705
701,226.65365097011755
702,104.84347417446227
703,50044
704,144.96127818487787
705,93.35915117878396
706,55.592023470139324
707,20.39772643280443
708,27440.307032293746
709,23.063427594646456
710,0
711,107.51361085594522
712,16426.636023604227
713,206.8986514372384
714,904.9741842699234
715,77.01210048815167
716,10392.95217639555
717,262.5302471473797
718,45.64743969909654
719,246.55008732278182
720,24632.261565981204
721,82.43916672759674
722,153.86144203726934
723,10466.765194784935
724,11233.60137804365
725,0
726,80.91381253680437
727,240.46845692165917
728,338.40598483641577
729,316.954342200127
730,0
731,101.08749526740785
732,35430
733,12.191738753079568
734,24886.065320404294
735,126.41600121165874
736,245.80965095387327
737,15088.590493178166
738,14883.206106860132
739,263.43186563967214
740,328.9660866063736
741,5694.497019056379
742,14.155300066754464
743,13064
744,7135.474069364493
745,149.33511542085523
746,269.1214365361719
747,0
748,25471.52061606404
749,185236.84448418062
750,9008.41402162575
751,72.83272269166514
752,173.49315126705363
753,478.37598896301733
754,26627.822190658153
755,0
756,298.76636924098227
757,0
758,162.69648242585302
759,14152.463711547955
760,4930.799409126713
761,380.4963516051145
762,1268
763,0
764,22020.454900834728
765,135.36787417956856
766,119.50862650664627
767,140.89520823324048
768,721.8788380947731
769,0
770,16375.312381201344
771,5195.441549993509
772,184.55182250707742
773,21.22496090721736
774,1126.8982224820338
775,4020.7997116934202
776,16170.482041575278
777,15678
778,345.3948248495351
779,594.056526899429
780,385.04578211084527
781,6448.1786212240595
782,0
783,15.910345971703334
784,150.32412607405928
785,286.04798986332344
786,305.3229623368206
787,172536.68805927015
788,4943.117125292005
789,0
790,0
791,56.86900362464189
792,1178.1392187472213
793,0
794,437.23122943081137
795,2885.704453236012
796,6341.319172595498
797,533.3163244084761
798,0
799,0
800,11.828055758145998
801,296.771471350312
802,0
803,1451.2589730826803
804,355.48645227687746
805,597.7730927909488
806,84.34642548048652
807,115.43063170948245
808,155.31150809079722
809,8.688108151214202
810,27926.08544913835
811,14.737888170067057
812,0
813,16001
814,19096.6185589986
815,308.901969995552
816,24488.1525908261
817,12360.43138632152
818,42476.51639094901
819,20893.771038663308
820,1323.1576150056135
821,2272.6720197887357
822,13477.465489843482
823,19300.696850461554
824,1.8152890073331882
825,492.70145051898766
826,10733.617530729927
827,47804.41431974209
828,14439.342868828848
829,45.134051197646755
830,8790
831,33068.07964616528
832,0
833,2432.0595946516805
834,0
835,11559.609821873091
836,27.36224563070689
837,0
838,110.61296140417465
839,1238.73232525999
840,0
841,41694.77599787459
842,12494.86316155353
843,666.0566488243339
844,71.24802192370291
845,0
846,275.423403130527
847,385.1314218951173
848,0
849,27055.205209953645
850,37733.31723506845
851,177.67422971577895
852,1671.5021649285525
853,2456.9429552268175
854,7730.531424355689
855,792.7344418910544
856,7.796765044034181
857,237.81532714846225
858,7425.529428922989
859,893.1609471070257
860,12673.786291461825
861,5305.565763051593
862,11929.979827346073
863,18134.401756317944
864,235.8303911354976
865,266.82684758886546
866,605.0811808729713
867,18827.74429620204
868,267.35713993965464
869,129374.4054333475
870,8974.976981926118
871,8015.2059810643495
872,23025.90070068136
873,16877.98392960801
874,42.62914034648918
875,0
876,24505.64808430335
877,9365.98852136619
878,149236.68344958918
879,29284.494463520823
880,429.0128471325962
881,3776.8640136272033
882,81.4923507290792
883,222.16686740777465
884,48.78691305738407
885,718.8575932337269
886,50662.217839616314
887,4812.64827704594
888,317.2772202448166
889,25588.786240070178
890,555.3823409818133
891,12646.08794280194
892,144.53948309879428
893,54.497116551428505
894,48.490071540320045
895,107.13293535422974
896,3196.3100124247776
897,10349.536596491389
898,64436.76064287521
899,12625.98646768493
900,15057
901,468.39677201448006
902,900.2994794805993
903,1211.810079925624
904,26549.899285932355
905,20791.815881940736
906,15585.944107750673
907,315.59019758531804
908,533.0233493706795
909,8759.289203579294
910,36562.310249800765
911,39297.62375468791
912,23299.4653925797
913,22578.23814462103
914,9173.419517653501
915,1390.3855703940021
916,744.5471610720632
917,20218.194653327653
918,20429.533909606693
919,839.9380856185714
920,6428.434619317823
921,42572.513047011984
922,47259.637586188925
923,15773
924,467.8856544062928
925,0
926,358.0767045665475
927,315.01231005301327
928,21250.51536817756
929,6291.201936588895
930,18777.51924656442
931,12905.252163878351
932,23013.203150533212
933,183.04279381049963
934,52.68035428089682
935,141.93425786457038
936,209.11985592156444
937,12007.83495107897
938,49637.96774575265
939,66072.11423767052
940,35.412536273715396
941,79.16881159744987
942,33727.98797252523
943,12900.972561730687
944,7171.452777662763
945,4756
946,495.3407886509362
947,12561.688087166578
948,6954.768753461903
949,353.17653248526597
950,12949.777836323698
951,374.50658218609567
952,9921.397877510639
953,204.5087150276571
954,3171.573781201452
955,240.81384906241243
956,45950.02142600472
957,1818.1408916461246
958,11239.224724215986
959,170.13842619473724
960,8662.534412802223
961,322.45354389611015
962,28604.5150300705
963,29028.152798072413
964,10739.690484170958
965,1768.6476992104692
966,18920.197130559514
967,117.5156006176847
968,7985.044080305947
969,14996.259016515924
970,804.7750705715845
971,227326.9146100267
972,190.74640145554739
973,65.26478380778303
974,405.27572692144264
975,773.527821944178
976,3295.624144582925
977,46825.93040457984
978,8394.267062465973
979,8777.751573505406
980,22531.316794216815
981,6143
982,16615.757677801674
983,15568.907157946887
984,1874.8439749150916
985,72.04314615053067
986,300.726651738318
987,9842.176207054425
988,16097.794985507464
989,21.76685568138108
990,205.30648809535083
991,43.90212886788752
992,67023.74544445987
993,209.90309873086198
994,173.07286838126754
995,465.5798803800343
996,162.60802562644153
997,6429.370228729082
998,6563.416536718952
999,19486.759043414764
1000,285.93872354392215
1001,0
1002,24097.211230742327
1003,367.10781653882907
1004,106.48489723688915
1005,35710.4812310601
1006,4413.5593793886355
1007,1508.0214069771328
1008,736.6108257045065
1009,3754.947119713557
1010,108.09987541840056
1011,306345.4350743058
1012,9939.637456288667
1013,12094.816631304582
1014,372.12591138985914
1015,24901.799891823157
1016,24923.63768267124
1017,0
1018,15681.097069807356
1019,69592.27205253449
1020,0
1021,0
1022,338.9569397933211
1023,180.56867962732542
1024,512.4103217435246
1025,15910.830512134833
1026,104.72926940157075
1027,168614.28709661218
1028,168749.3015092779
1029,10749.186539848359
1030,174.34246723557422
1031,211295.16666514927
1032,7248.5136487239815
1033,678.2022417710859
1034,757.3575533300337
1035,211.52320039459195
1036,33.5723637590812
1037,2498.4387409992437
1038,0
1039,13635.410135624998
1040,12281.609242250917
1041,5292.979560558342
1042,55104.18988337643
1043,37.730208308331555
1044,448.07599788006326
1045,25367.00814477308
1046,9046.630466885139
1047,54.993095442562804
1048,43.303563534195064
1049,42.21585960852403
1050,83.82873636814371
1051,19.425264613840245
1052,757.5160966313382
1053,156248.6863435897
1054,11912.949510138447
1055,6162.738322623961
1056,741.2839154193707
1057,38.36736664816925
1058,24.761787798714177
1059,306.5245890998464
1060,11516.501636557728
1061,209224.23584823354
1062,136562.84313612155
1063,134000
1064,0
1065,10167.70071532649
1066,585.1064059686615
1067,40.3494723504239
1068,55.26761763311274
1069,4130.4566799773265
1070,22274.62878200766
1071,792.7886244916886
1072,596.9813963456719
1073,1181.3669983771908
1074,572.1121986793792
1075,170.28141112940358
1076,833.9960335096504
1077,9048
1078,19091.380854860647
1079,22817
1080,159.03779198393624
1081,450.3169515539555
1082,24562.042856039876
1083,1198.640596498328
1084,94.62302024450788
1085,228.6375645343197
1086,7589.3749521294785
1087,37154.50935407545
1088,2107.4258590661543
1089,177.0695916678409
1090,83.40163410490936
1091,33239.186810279985
1092,15772.822300745844
1093,369.41597030254906
1094,389.68031617188717
1095,815.808851376901
1096,389.45926710118965
1097,411.1900893608025
1098,78.63759180456638
1099,66.64259389509392
1100,229.49644791241184
1101,37224.20687280133
1102,104.20160912644977
1103,1468.102812675738
1104,31054.70810845378
1105,571.4376510733348
1106,138.40696904978205
1107,9028.309093797658
1108,36.80013411242234
1109,6533.988232921665
1110,160.90491116094123
1111,183.6011047047159
1112,16997
1113,4769.066288874624
1114,7163.190227505977
1115,13631.115255204146
1116,1397.4825763892636
1117,192.93198458972546
1118,72.32638734274619
1119,3879.355029303889
1120,7481.931361960982
1121,178.76681775452914
1122,43.764527045030924
1123,34701.65517231
1124,123.60011339821246
1125,1829.5325026309883
1126,554.302382722864
1127,41.33094413247793
1128,0
1129,0
1130,30516.066399733416
1131,41762.442436809484
1132,0
1133,247.87359566309325
1134,0
1135,0
1136,11532.155059786848
1137,444.8353063175907
1138,12580.966862004814
1139,0
1140,64.27701106065558
1141,75.30879832521877
1142,25.51806764665694
1143,36458.15560962382
1144,5760.254077364862
1145,1540.4660677082534
1146,9617.364018762573
1147,35246.803450851105
1148,11432.601254262767
1149,5737.68629046563
1150,5773.128749551547
1151,13937.139903722622
1152,241.68401701787175
1153,4003.091724936416
1154,8829.0597351845
1155,12214
1156,152.54001178844078
1157,1607.5485755825766
1158,11956.427078552335
1159,306.9331651203973
1160,23170.143353244654
1161,1867.816367166584
1162,24.68016169711171
1163,100.79461676768969
1164,35.81432243928975
1165,262.0688738555739
1166,47400.969905005026
1167,167.98133895289112
1168,280.2425921379028
1169,41.16994452084627
1170,117.9170211699423
1171,0
1172,1087.343620608544
1173,851.8686683270714
1174,147.84076255726993
1175,86.19425936790421
1176,2663.870779700368
1177,10114.62906421699
1178,25622.118898024575
1179,115.07350425175774
1180,135.94925390066368
1181,7429.516900765341
1182,324.0528775708202
1183,26.269679641900133
1184,25.538375211061666
1185,0
1186,34818.672948503394
1187,41.57182253281744
1188,22495.40117720308
1189,21875.05612224962
1190,21796.016756142286
1191,21836.096458994878
1192,147.10438377431242
1193,64.24603889737445
1194,18.49781122899697
1195,0
1196,111.29136924262255
1197,124834.3020221631
1198,170.5758290168238
1199,0
1200,15877.011313310526
1201,18677.221244906435
1202,2264.6353401093393
1203,131.7027422375387
1204,328.05629532435455
1205,102.10477736843978
1206,18923.431320930387
1207,18895.30029861655
1208,142.916147754362
1209,1015.7946664254389
1210,1482.0791905618958
1211,52.6139930634437
1212,660.1762867233876
1213,68.27064878133537
1214,30237
1215,54723.35049648476
1216,0
1217,78.01354162412227
1218,19580.08282850358
1219,15.976371142342337
1220,39288
1221,5.09408560564896
1222,3444.87315870147
1223,29.670820732356162
1224,3785
1225,0
1226,0
1227,26806.762985489313
1228,10391.281944471108
1229,183052.4720881633
1230,26250.733082890085
1231,239.37480629121208
1232,338.8102179979774
1233,939.4480875364361
1234,157.36660146428898
1235,213.59237566554384
1236,232082.612627404
1237,28773.022948866517
1238,7168.8730881511565
1239,431.46293753239206
1240,13931.496245951885
1241,3705
1242,25752
1243,878.3885179269812
1244,89.35971210830195
1245,105.38947250138975
1246,3471.9918670523684
1247,133075.83053233544
1248,2984
1249,330.19913644060085
1250,17.095876477180795
1251,11.534212218764525
1252,64.32981853860593
1253,265.77088892213067
1254,1315.6382522751442
1255,326.44976255582907
1256,524.082670770461
1257,93.3331014753766
1258,2954.2251787672403
1259,11944.076381216864
1260,11845.15982843634
1261,83.04277100146612
1262,5270.142157724606
1263,606.1824239583846
1264,134.94729840824442
1265,17.401305055588075
1266,72.29169556350729
1267,9.597558174105433
1268,12905.962361482936
1269,47.93292655793592
1270,102.7314575605302
1271,14922.155266732903
1272,226.3360346071869
1273,94.97036992310159
1274,4764.12333908866
1275,32092.246811236277
1276,10852.617132892381
1277,78.12473224111248
1278,7160.3451986250275
1279,240.27411672843266
1280,23.37444450948342
1281,155.07969152078044
1282,593.8548730036682
1283,18.152568813375538
1284,48.33989001166378
1285,93.37661043377096
1286,480.9098860079133
1287,177016.01380940946
1288,2729.227369502268
1289,554.9866623399248
1290,368.2081824427007
1291,651.9789759225105
1292,39.65023024471286
1293,46.237283908307965
1294,100.66294259488272
1295,760.899441792468
1296,413.2879462106227
1297,875.6592675701445
1298,1116.3745722776603
1299,114.90486568709231
1300,130.72174784627225
1301,9069.949678989247
1302,23815.479639469148
1303,1225.3305825254768
1304,151.75975987270053
1305,644.2524964270538
1306,407.77313283053894
1307,109.63703878857896
1308,0
1309,12605.790647194144
1310,81.94579923962355
1311,0
1312,92.80174606608975
1313,0
1314,31232.95560605829
1315,0
1316,0
1317,30925.11577615639
1318,21997.301544493414
1319,21961.934057122253
1320,21991.28656092541
1321,15944.884827612805
1322,124.71633984007974
1323,680.8585675796708
1324,348.62222976374983
1325,119.09427330936052
1326,0
1327,0
1328,0
1329,369.65094455528106
1330,735.2535892095625
1331,1157.3825635406447
1332,19320.528013180563
1333,4370.529328318824
1334,669.4958938967668
1335,63.666215202177305
1336,755.0890888569913
1337,2292.6482603651166
1338,86.74954287080067
1339,961.385725178532
1340,221.25977667392567
1341,84.16029825665201
1342,58.9809884818413
1343,3816.2599685857017
1344,0
1345,63.881668698105706
1346,604.0728264447125
1347,161452.62352362563
1348,13813.370747147437
1349,165.92048699747272
1350,89.87565073735269
1351,866.1084370823754
1352,187.85248623496602
1353,553.5739430198308
1354,6157.271473842397
1355,80.79642303204628
1356,731.2577002158862
1357,6058.509738879777
1358,273.8995433361442
1359,97.34499942910189
1360,179.47759616289144
1361,3385.588878567458
1362,4836.842940197379
1363,0
1364,172.113737625019
1365,25.683567698219804
1366,106.93549875502798
1367,291.9203517725363
1368,5721.751089268786
1369,1008.1737511052766
1370,584.8593350394458
1371,13700
1372,87.73246963338097
1373,22726.56913495995
1374,257.38319484554563
1375,55.14636524577777
1376,1965.0852169286914
1377,17868.01355880523
1378,228.52954712737562
1379,0
1380,27.28739478463134
1381,182.55518074767332
1382,37.80557947970175
1383,45.415399295392916
1384,15910.265345034975
1385,129.50208504242448
1386,201.77508091588248
1387,18.502336133136037
1388,212.8289138239182
1389,300.90186839199384
1390,17955.265497243938
1391,15291.266119033811
1392,32262
1393,1128.6201232693286
1394,6056.045263574917
1395,433.758170643188
1396,22291.69458776557
1397,201.16180121303074
1398,207.0424873978942
1399,6232.115380750976
1400,1487.86452658707
1401,193.22025864813395
1402,197.8601998972565
1403,227.0737787986368
1404,181.47789915416848
1405,105.48424046250346
1406,87.20306797036567
1407,78.40297042843112
1408,1745.0735398775348
1409,22343.91404751981
1410,235.28364614134995
1411,8585.539223505739
1412,153.15073059434923
1413,5793.242136565884
1414,16625.397739196484
1415,792.0520375759179
1416,1545.5929481336175
1417,143.2073749468568
1418,94.42680116455017
1419,405.66198690135195
1420,9464.39042907914
1421,2388.0098162102427
1422,2501.5237236825355
1423,206.8480947189039
1424,300.5446018796226
1425,66437.02772256098
1426,70.36583471929188
1427,7.053312964023531
1428,1101.1215052804498
1429,21090.721500502026
1430,21265.28258655792
1431,106.6108873418933
1432,0
1433,925.570785586652
1434,291.8618037088149
1435,415.3939837569933
1436,9834.63445644789
1437,2084.448569731364
1438,0
1439,40143.057426965715
1440,15422.894588887366
1441,192.60455479726636
1442,15049.203620226825
1443,7294.7871676416225
1444,372.0641120505775
1445,2240.81818069412
1446,109.02735787274736
1447,418.6409389095002
1448,903.8845611356229
1449,192.23522287204992
1450,6733.775292823138
1451,1907.6591912991394
1452,396.0259231375577
1453,33500.182826776836
1454,162.78215958100546
1455,0
1456,33372.80115436193
1457,1848.0001698567298
1458,142.57169906290736
1459,18.097333701321347
1460,192.14063051063303
1461,395.13912023947273
1462,0
1463,162279.15736917945
1464,244.18431591971668
1465,21288.580616080697
1466,0
1467,8972.304368559962
1468,3995.082992666433
1469,21935.590262067828
1470,0
1471,16376.587104728704
1472,25407.827396150777
1473,14339.481717309402
1474,1799.836106576048
1475,21155.47541742347
1476,19764.798779216606
1477,982.4718954787879
1478,249.82968581177892
1479,1054.8293065077974
1480,950.837858892261
1481,9412.42530574369
1482,1710.235606565654
1483,2075.242626243617
1484,584.6976794187267
1485,13971.280565088508
1486,22090.071898035396
1487,290.2303874212819
1488,132.64327606278127
1489,199.25942294273193
1490,10933.6354865028
1491,549.9803794012188
1492,271.48013761928536
1493,620.4166262580097
1494,129.6636462095523
1495,126.50987456962267
1496,379.0371486920487
1497,483.2133761516912
1498,843.9345242329564
1499,8375.003431215706
1500,5298.573162173233
1501,111.9306776923498
1502,613.8751433369619
1503,870.5943520213053
1504,233.9405506764357
1505,18778.152525699606
1506,112.86274475007171
1507,16214.61682036702
1508,16326.917382913241
1509,48.838359529647086
1510,223.14854750337898
1511,1072.6941242787377
1512,118.74112257645436
1513,22991.78249502646
1514,173.44712205199642
1515,715.8407927880822
1516,7450.69425150831
1517,0
1518,33.85834493304741
1519,0
1520,79.46657072542527
1521,293.0274909385467
1522,0
1523,14.669477454097205
1524,0
1525,1547.945127217889
1526,117533.16248143591
1527,441.0387346981762
1528,22.33140523177053
1529,489.6577313762217
1530,210.2409152305845
1531,20.364244414967093
1532,36.75502434728208
1533,317.57497795040274
1534,41.66941623612596
1535,58.88756889313248
1536,23514.97641612278
1537,20871.296718445687
1538,20476.160562530757
1539,20506.791120931288
1540,0
1541,702.4913631271766
1542,9155.411778148287
1543,10322.782328083747
1544,22049.628378904614
1545,9498.613536337516
1546,0
1547,998.526229245969
1548,12062.891484387606
1549,17069.599681393243
1550,11831.491372725597
1551,17577.53449975377
1552,13355.792346796972
1553,163.91363097585543
1554,11834.297460508578
1555,118.85421462611916
1556,859.5765328721455
1557,16893.150709791425
1558,22995.118602149585
1559,137.3011014035085
1560,162.84760039307199
1561,2158.4430206498964
1562,19990.73049594729
1563,511.1309479779154
1564,32283
1565,4146.543298210387
1566,479.08607278105217
1567,32474.535761487943
1568,134.40831699353774
1569,246.43518059055847
1570,14595.50971437523
1571,1033.2273477249178
1572,465.9829877115262
1573,166.13292349089517
1574,95.37231166730837
1575,19250.880746450515
1576,12530.844167827736
1577,112.0701448938839
1578,276.681963576877
1579,0
1580,444.28059809448087
1581,633.4110241195347
1582,38.26127257536581
1583,12491
1584,5.108516448736385
1585,13325.74555463777
1586,104.65379407495874
1587,0
1588,0
1589,0
1590,0.47099215353824986
1591,0
1592,0
1593,0
1594,0
1595,14.775075079893464
1596,14.385004536580661
1597,0
1598,17.219570575627184
1599,149.3950305709805
1600,472.3015457892097
1601,0
1602,0
1603,6303.357981845863
1604,0
1605,0
1606,4479.0203484894255
1607,0
1608,59.09567776515792
1609,0
1610,3323.7114167259547
1611,0
1612,374.073450037576
1613,1670.724000629667
1614,41.0487073101772
1615,70.89929018319245
1616,0
1617,0
1618,0
1619,0
1620,159.49192250403166
1621,0
1622,18854.057497033646
1623,500.3880503710904
1624,0
1625,0
1626,2206.488330089775
1627,34.51727290720687
1628,0
1629,113.79334850431145
1630,90050.24677557156
1631,11231.761189694931
1632,990.6030647924608
1633,0
1634,18287.526992265084
1635,11116.592964836105
1636,363.53257629102745
1637,8913.277679069106
1638,0
1639,805.5493363327378
1640,70.48822539133047
1641,7468.7658407635445
1642,0
1643,357.7742283592777
1644,51508.18637040634
1645,238.66814908816693
1646,140.03869913569213
1647,262.1322044231167
1648,0
1649,47.81475636433172
1650,0
1651,69.22019395281355
1652,0
1653,642.1342758208743
1654,0
1655,136.65632525468993
1656,1.771063588671664
1657,16339
1658,108.64491485041118
1659,508.5407116128241
1660,567.0052354892125
1661,0
1662,530.0394233035479
1663,14668.717858353564
1664,49.62742486471736
1665,6515.195507052428
1666,14694.452735934674
1667,0
1668,154.19814712177526
1669,253.49022373848985
1670,0
1671,88.35946067423228
1672,0
1673,0
1674,176.51412539578945
1675,192.8001216287193
1676,285.84560962849844
1677,0
1678,0
1679,88.58586964237604
1680,242.49284785257603
1681,0
1682,171.95643077568752
1683,3.1910319795732005
1684,0
1685,279.2956817554608
1686,70.23369369399353
1687,105.07506297695137
1688,166.99317174209472
1689,112.58418494969348
1690,77.51134085422316
1691,101.33636345047313
1692,257.9029826279725
1693,378.80244086101607
1694,153.2100986085618
1695,26.75618558640224
1696,80.39957314821807
1697,88.86053205218447
1698,31319.192473257626
1699,10234.11835840135
1700,168.21921530885254
1701,69.24251383495128
1702,40.93915041810935
1703,90.68762360777663
1704,0
1705,242.18975564814554
1706,0
1707,41.0070698796007
1708,77.59529496980551
1709,31.941649925057455
1710,0
1711,141.41134046238108
1712,617.3109314108123
1713,0
1714,201.52344474580372
1715,144.97831469248325
1716,0
1717,378.87873487382024
1718,12110.37676167572
1719,0
1720,46.28781947459647
1721,39.50861717625344
1722,137.22079881930554
1723,233.36358535057673
1724,61.21203351794498
1725,0
1726,16613.461928257195
1727,28664
1728,181.99878840343035
1729,3020.0771784700164
1730,830.2186077433429
1731,56.34147306559747
1732,0
1733,0
1734,111.33054337001124
1735,111097.78051642716
1736,87.60556429047995
1737,6861.735467598367
1738,0
1739,0
1740,0
1741,11555.896596034987
1742,12432.502385523794
1743,57.915165813913745
1744,38.35264704268297
1745,109.50869577941086
1746,170.11064038188422
1747,1104.9938629124113
1748,331.0328208589426
1749,195.5245094530515
1750,301.7320933264744
1751,86083.23816177205
1752,3049.793065397248
1753,2236.7051998214815
1754,623.9920312058151
1755,155.34207651135068
1756,32.168766993955174
1757,86.42900406411334
1758,16047.725248760904
1759,16008.958959201229
1760,124.22456143133965
1761,389.05232905402926
1762,63041.706009481124
1763,20433.98949834395
1764,0
1765,0
1766,9690
1767,298.0864622905368
1768,107.63434618419348
1769,85.16825906312269
1770,64.30115272537543
1771,0
1772,66.86009229232516
1773,525.7438093523022
1774,688.5883749953099
1775,48.86830758770887
1776,19530.850812966426
1777,91.77098196097712
1778,57.94524818131649
1779,58.22139894033479
1780,4385.436231350062
1781,315.8631262866377
1782,119.20735432943646
1783,584.1170936339204
1784,11434.049547670744
1785,82.52174077572482
1786,15.555691032280816
1787,4167
1788,25.987551926011587
1789,2189.7863756744227
1790,54.997005116404395
1791,13865
1792,10177
1793,45517.288713782174
1794,58.771929252864396
1795,404.411812838189
1796,245.98743450336013
1797,73.86150216052411
1798,0
1799,311.208403346978
1800,23414.110226446162
1801,63.18723930831281
1802,97.12702635034725
1803,121.657385978316
1804,85888.73002631281
1805,20956.496506265492
1806,140.88986049482395
1807,28549
1808,278.8723453749645
1809,55.267316291875616
1810,0
1811,140.14721261261707
1812,11.07550567433439
1813,0
1814,4753.5390179942115
1815,7278.351300861457
1816,21897.874919379938
1817,34.26607389061445
1818,122.18188875042836
1819,0
1820,0
1821,17.920068150059038
1822,75.96155955476883
1823,116.87924931116478
1824,51.93125305820505
1825,50.90188091800726
1826,0
1827,0
1828,2639.2522965273147
1829,22.95759715164825
1830,0
1831,62.3261579172308
1832,54.43193955509406
1833,89.4995716966938
1834,168.41465994244982
1835,311.8323294105377
1836,0
1837,0
1838,0
1839,0
1840,218.45956350939255
1841,0
1842,0
1843,0
1844,0
1845,0
1846,0
1847,129.29738553196012
1848,0
1849,49.18295994693349
1850,0
1851,0
1852,0
1853,11.928408931524602
1854,14771
1855,37.96309130028367
1856,0
1857,38.455826508931025
1858,44.06329194313208
1859,62.972036252857585
1860,44.67655533574932
1861,11104
1862,52.223046476324
1863,69.63793893344854
1864,9617.534117477215
1865,330.49387800017735
1866,39.7999185301981
1867,56.51701203101111
1868,51.25343854842055
1869,542.6996755275737
1870,1047.8241527927578
1871,545.3668316851533
1872,130.01039166587142
1873,853.8711209427606
1874,373.1735466651088
1875,551.3728489802852
1876,40500
1877,0
1878,126.92109498840017
1879,102.2217491969783
1880,14568.826485701786
1881,31.853678023650208
1882,0
1883,153.30102274579187
1884,435.9923466274207
1885,61.25183884059341
1886,97.17364010507225
1887,139.1782873442022
1888,11342.566185130916
1889,428.38405098302985
1890,74.35034889949111
1891,137.69177434495043
1892,0
1893,12.55422219335459
1894,29.550081187272443
1895,270.48052038206197
1896,64.68058195057155
1897,0
1898,100.02652039872665
1899,19.56089197661151
1900,46.850359135922005
1901,174.9427363442555
1902,4358.352097492002
1903,97.84486675308777
1904,1346.773687161969
1905,7.846792621173782
1906,762.9720896932428
1907,475.9355188936591
1908,117.36677670239364
1909,647.0599409960932
1910,20.007381951813347
1911,100.9748009659355
1912,22.987471788015092
1913,0
1914,72.95693429296992
1915,6219.600102054297
1916,17.73567142910895
1917,0
1918,158.4769186917955
1919,457
1920,30.617331431212804
1921,111.2393802311424
1922,59.54771997185919
1923,0
1924,0
1925,106.41371053954497
1926,462.3333983722785
1927,0
1928,0
1929,359.5978123979123
1930,93.41401600215305
1931,6.832516616684583
1932,0
1933,20.669782662143316
1934,0
1935,0
1936,0
1937,0
1938,199.79483805672857
1939,0
1940,377.35529261635645
1941,0
1942,16476.480949459296
1943,0
1944,0
1945,31.54752289531944
1946,18555.613347215258
1947,0
1948,0
1949,12958
1950,187.3558119652302
1951,0
1952,72.7280471293669
1953,0
1954,298.13040257527774
1955,0
1956,4920.641085853509
1957,100.41712687850833
1958,164.11604378914566
1959,462.99735944281787
1960,50.95476151020533
1961,42.660732068646844
1962,543.5488746324992
1963,64.21924811817271
1964,51.12451513401629
1965,19.24899664695914
1966,122.12215660014762
1967,1653.6360024066876
1968,54.19944631630609
1969,0
1970,0
1971,164.0890855800412
1972,0
1973,36534.54465120257
1974,79.61749778806538
1975,139.50946357329687
1976,5269.9396479244015
1977,0
1978,17.989308189325403
1979,200.60673187893457
1980,0
1981,65.94997458221096
1982,359.6322335453102
1983,38.299735292849604
1984,79.29253168182211
1985,0
1986,0
1987,15670.366812424392
1988,55.41766600393257
1989,0
1990,760.3679963418251
1991,0
1992,0
1993,391.38081542061013
1994,71.28233513551768
1995,154.34144494810647
1996,177.7404058774744
1997,167.04535579767835
1998,11329
1999,222.01825125001128
2000,28295
2001,426.97904693677157
2002,140.4772720008488
2003,26541.772012512607
2004,492.5589704690617
2005,14003.123295065077
2006,357.009652370259
2007,16637.166083786506
2008,26472.33008488958
2009,24515.44628660417
2010,107.42610295051512
2011,63.86230119462242
2012,455.3911894203722
2013,29580.252437142255
2014,44.234831211018715
2015,580.7311792696703
2016,941.9216405687423
2017,221.93042968209014
2018,63.459170500626215
2019,393.6080596459004
2020,0
2021,21639
2022,37.449791163847856
2023,310.2825673098295
2024,18461.388736531084
2025,298.4337422237159
2026,1574.2183851152383
2027,42.061946713166364
2028,12932.619840796033
2029,21.22911843097119
2030,18347.313507642313
2031,24.116587932197227
2032,283.3947273391024
2033,18382
2034,40.52422619527265
2035,317.4223309711634
2036,20158
2037,92.18178218433565
2038,48.42947862564114
2039,50.04513643748899
2040,207.47350548792798
2041,639.3331798964275
2042,182.16622713909027
2043,10486.161441677374
2044,17377
2045,9099.374519384723
2046,75.2653203003524
2047,170.0870222551399
2048,126.23856984515479
2049,80.86230442158637
2050,456.01558476983683
2051,110.64091611235082
2052,135.3186257164286
2053,66.19388628555208
2054,235.55360682750586
2055,28.929988095235714
2056,96.22207888334151
2057,4133.855409364553
2058,0
2059,38.22671829836698
2060,0
2061,0
2062,9868.0798520978
2063,260.80339821443573
2064,32.55135139012113
2065,145.36589969216354
2066,8854.442832989174
2067,2083.2359192969925
2068,0
2069,0
2070,0
2071,0
2072,72746.27976762922
2073,6831
2074,0
2075,17996.28112859058
2076,644.73783795295
2077,23912
2078,0
2079,66.05063966064395
2080,0
2081,0
2082,0
2083,0
2084,0
2085,0
2086,6436.507694363715
2087,405.07758066272834
2088,13692.320522335373
2089,0
2090,15.267356059475942
2091,0
2092,94.33513757840623
2093,7689.1123440256515
2094,312.43341458122745
2095,405.0663234999096
2096,92.07847723138357
2097,9188.91371686347
2098,315.72984519838394
2099,15642.424881741881
2100,254.8414555740457
2101,162.37503577631836
2102,739.0911371242181
2103,2291
2104,19058.33240650355
2105,58.40759158275117
2106,191.99874566237236
2107,418.59709529007415
2108,83091.21442756249
2109,0
2110,73.36528844051662
2111,69.75327676483622
2112,627.0598096829265
2113,281.2300686137657
2114,0
2115,0
2116,0
2117,0
2118,47.94003812174459
2119,3300
2120,0
2121,69.68732388354611
2122,69.87742623824472
2123,165.9897059626796
2124,257.0237099691718
2125,110.28955489802186
2126,23879.047409688166
2127,54.72127104006966
2128,208.5317212288836
2129,115.95088160835928
2130,0
2131,123.49475164084724
2132,459.36172060187437
2133,121.89053336031077
2134,298.1942984143774
2135,0
2136,7.325572443296861
2137,6514.365701282691
2138,142.1025954405706
2139,7390.967729055672
2140,6328.147675053446
2141,17218
2142,0
2143,166.09465968681758
2144,107.78244699320727
2145,8179.401234241134
2146,3843.7617471587178
2147,144.2516309779263
2148,103.57628826737107
2149,54.5763912999743
2150,9827.365679428178
2151,307.9385762074967
2152,255.4776758834209
2153,108.07356814257476
2154,261.4935250392145
2155,0
2156,22750
2157,6589.9722249011365
2158,154.47873870123453
2159,263.8147669148874
2160,218.36217875695468
2161,841.2805588415872
2162,526.4863273304595
2163,328.5746593923078
2164,19763.86873947074
2165,16403.567322139224
2166,16122
2167,0
2168,11162
2169,299.1150872349668
2170,154.0130157415264
2171,450.7319510479233
2172,43.44965168200639
2173,12600
2174,20941
2175,14.7067255176444
2176,45.439231375330095
2177,107.2949938674405
2178,1.4195847332076648
2179,56.3644190947501
2180,8804.717084815476
2181,82.94375800110558
2182,148.57077323373798
2183,0
2184,15306.79809994962
2185,20.56232200383125
2186,1672.7677745218557
2187,10.727213001158756
2188,78.27477597542972
2189,77.62408372651475
2190,72.14875798847
2191,58.90208338594044
2192,22.033895137288006
2193,21460
2194,0
2195,120865.48050963385
2196,0
2197,0
2198,48.75644846108341
2199,0
2200,6336
2201,0
2202,0
2203,0
2204,34656.195813849365
2205,0
2206,1.5268751173424344
2207,121.99318594207534
2208,0
2209,32774.219872860434
2210,25169.501920679282
2211,0
2212,0
2213,11012.921540790645
2214,287.80201418235606
2215,2567.83074329408
2216,0
2217,0
2218,0
2219,81.58208331564879
2220,37.80866173094016
2221,308.2753976279691
2222,161.52894859038435
2223,3223.9756610220343
2224,61992
2225,78.63650073764585
2226,0
2227,0
2228,13668.40708708398
2229,337.17828791494003
2230,15558.109770523151
2231,24.851175075626585
2232,37.02817315160453
2233,60.653678565291884
2234,0
2235,0
2236,6.677821952729781
2237,19825.929874768543
2238,296.32497700164066
2239,0
2240,378.32066206713466
2241,27.483455829516053
2242,102.19810377036728
2243,148.67933569317603
2244,64.40854172131982
2245,11706
2246,0
2247,40535.86280847964
2248,3.3808467875893107
2249,107.42182406660552
2250,112.09412403112586
2251,34063.33534872666
2252,14.653098582494724
2253,0
2254,372.57251731187336
2255,296.7479289083111
2256,388.46328288199646
2257,0
2258,4571.789652781497
2259,211.17067687840478
2260,60.51432268523121
2261,26611
2262,0
2263,10081
2264,0
2265,71.7080198340473
2266,1818
2267,10854.356722718641
2268,63.20438469299076
2269,610.8762538697762
2270,174.84176170335544
2271,0
2272,181.92082219873942
2273,39058.416799914325
2274,1208.890461323214
2275,0
2276,50.515190598855476
2277,689.3250798925548
2278,21213.343334663117
2279,0
2280,0
2281,22.024027284567595
2282,0
2283,51.605252509893035
2284,18368
2285,16734.409370514448
2286,42.5963485855723
2287,8.830311513857977
2288,0
2289,2082.3546889549066
2290,54101.00407677074
2291,22543.03710711816
2292,30682
2293,186.87203701119932
2294,876.6317125586418
2295,0
2296,16974.94625668481
2297,130.90710908608423
2298,0
2299,214.72706097701678
2300,402.1038048008393
2301,27.170731631112652
2302,229.88815113333493
2303,136617.81598004262
2304,567.0279695102628
2305,264.38604944645823
2306,19585.51398750674
2307,36.811172648048256
2308,2547.0064661741303
2309,74.94553122569397
2310,17051.853574238132
2311,132.55008335524153
2312,26.951939621606073
2313,0
2314,82.35102480796375
2315,117.52798818162735
2316,655.7869579183886
2317,678.9954286399386
2318,2097.6011786441113
2319,3596.727514616319
2320,6830.093366514677
2321,629.7481235075072
2322,0
2323,33.92491266746349
2324,15760.596393164462
2325,2539.0851676519965
2326,15004.335207466793
2327,1169.5189785894436
2328,6638.715597333294
2329,10756.841653610654
2330,926.3399039986544
2331,159.92752946070505
2332,1253.508165411623
2333,317.119859300196
2334,86534.89670296507
2335,0
2336,422.78170233109716
2337,17396.349599973415
2338,13290.713427905634
2339,0
2340,278.58845316655015
2341,48.14212772438041
2342,282.4291239403285
2343,201.43068350376882
2344,12173.134114974911
2345,2457.555238706035
2346,24769.877502603475
2347,0
2348,271.1220259281456
2349,39250
2350,338.74310062850276
2351,835.0677194850143
2352,578.6907542395164
2353,0
2354,350.7265323381476
2355,15831.946138101448
2356,35836.85209717336
2357,29412.87520087523
2358,195.70014116960544
2359,0
2360,542.0701767526343
2361,26.763619593779232
2362,19258.19119001213
2363,8.298442686323819
2364,15552.66560863987
2365,160.37878836635025
2366,59.98791678005518
2367,0
2368,13382.370289511067
2369,151.68212009429053
2370,189.25796480486207
2371,327.8772336075354
2372,23657.759649755255
2373,424.9613390934305
2374,24.901765434297538
2375,8786.92283475858
2376,5629.9362061126
2377,351.5838627229235
2378,35016
2379,0
2380,221.66616865674126
2381,126.50397622676363
2382,67.20158964577848
2383,17774.22982046549
2384,165.6709770405109
2385,37526.195082023834
2386,34209.02130254899
2387,6.295417371141145
2388,0
2389,13.095742220174856
2390,1574.343578926845
2391,1423.2258769239788
2392,31268.437395051747
2393,1390.962124276052
2394,0
2395,0
2396,812.5983406082994
2397,6030.772042633268
2398,9876.18208917708
2399,262164.4533094784
2400,339.61211373819674
2401,0
2402,6946.280720772723
2403,0
2404,35162.915951134695
2405,330.8117424542337
2406,1459.9264311071342
2407,3761.9900829920953
2408,286.7541341074031
2409,19634.955159812016
2410,242.2314517907003
2411,32.06170746026419
2412,1099.1708297888135
2413,40490.078027278614
2414,130073.09439491572
2415,164.5607509416811
2416,23456.280737198096
2417,118.7832418877101
2418,20020.44680251157
2419,25018.553016047157
2420,2125.445964721046
2421,98.9748695331607
2422,361.259373981569
2423,19504.333217339616
2424,455.47697676855927
2425,92.05912669986374
2426,128.2480819572065
2427,718.4470503518592
2428,0
2429,2078.8415404071366
2430,35492.5573975835
2431,2017.4585097521858
2432,166.31076515536603
2433,18663.194115080205
2434,594.6617584676791
2435,75171
2436,2170.0518468821388
2437,155465.4160937465
2438,0
2439,0
2440,25.667873635369936
2441,171.9840718541326
2442,355.18684390189634
2443,1162.7117486260452
2444,27948.518964559935
2445,113.45204058486472
2446,98.49225774660029
2447,351.8744922936799
2448,148.3828363358595
2449,19498.42904590773
2450,1001.2878948582525
2451,9954.3679140413
2452,288.2241242747717
2453,395.58465761906893
2454,19694.182285747574
2455,17858.608635031567
2456,14574.716390431247
2457,37190
2458,4901.1071219099185
2459,4926.699811763142
2460,5131.610907685235
2461,1242.6341151839124
2462,28256.74102220655
2463,148640.73051155274
2464,6475.239247831998
2465,10850.616541931451
2466,360.7557727177396
2467,247.63774271070537
2468,244.83954269444746
2469,919.6106516195861
2470,0
2471,410.09439562415014
2472,950.2271930799561
2473,667.6548093529078
2474,2172.260200272808
2475,1758.4528624720706
2476,61.67348422759641
2477,0
2478,392.161079873978
2479,5164.66223301051
2480,33033.345032750316
2481,0
2482,39.44431398285154
2483,31.680552163185514
2484,6660.777145838664
2485,317.2847937522994
2486,623.5392700112448
2487,292.1649330275156
2488,1033.9236463949337
2489,625.9944086040266
2490,258.6084151649306
2491,268.2877705015664
2492,0
2493,299.52091223006124
2494,22083.058048717616
2495,22223.1491219658
2496,22959.091758291335
2497,36413
2498,35526
2499,22613.36795383314
2500,22169.943331245435
2501,19.259070384342113
2502,29618.285320382227
2503,2734.3285441087924
2504,339.03974662638535
2505,9727.49199358024
2506,726.1584834629143
2507,14689.44319562669
2508,2506.1875628591242
2509,329.3484693573733
2510,20117.767819862565
2511,195336.90893702942
2512,42902.08357790268
2513,16719.641496765173
2514,209.4070505185216
2515,423.545082859724
2516,436.01070698036716
2517,340.81023277768696
2518,287.289277099766
2519,7986.533957125799
2520,485.47598855132134
2521,11296.641067841534
2522,30466
2523,25595.322371589253
2524,27536
2525,29766.478442432068
2526,21014.464751336433
2527,142.48411711818332
2528,554.0112916216084
2529,1169.6633523662465
2530,95.69311029979396
2531,14449.530062000513
2532,0
2533,1965.1314607107913
2534,0
2535,13576.538954866182
2536,580.2797224351053
2537,673.9799391091982
2538,655.3215219600652
2539,319.59342209901615
2540,12418.218927919828
2541,94.61365539032798
2542,127.68475000353183
2543,21373.384327681866
2544,0
2545,265.00269936078064
2546,560.6732661699914
2547,7256.488575840745
2548,16010.06043190753
2549,33938.35792824702
2550,4333.522279376745
2551,805.2682913076995
2552,723.5895453663036
2553,629.8318544504473
2554,15448.699820558111
2555,31.20252390810858
2556,159.5753828768316
2557,177.31486695070183
2558,272.4894835640952
2559,1821.3460988342376
2560,14878.761552254731
2561,20531.136213834394
2562,744.4396317854081
2563,14000.950234441167
2564,0
2565,672.7602218471375
2566,242.23310681696952
2567,27044.13934343237
2568,0
2569,51065.495417147264
2570,13539.728015736084
2571,0
2572,374.5511701404176
2573,2162.9971065800423
2574,22760.931003793907
2575,36169.15992241643
2576,411.4380196928431
2577,21192.908319124843
2578,105.0217508458172
2579,24.321717387459085
2580,9138
2581,97.78613945197111
2582,574.0422108330595
2583,22734.8857306657
2584,140.51611554960328
2585,345.2663646377131
2586,25191.780418272232
2587,0
2588,13611.531015525936
2589,262.0372547572815
2590,795.1622531588009
2591,1002.1929430398716
2592,909.6759734857455
2593,23436.873913308427
2594,9695.584703244396
2595,32506.43336594894
2596,197.02470876340186
2597,264.6336341577348
2598,23701.075329453543
2599,12944.503890548453
2600,170.78225748146644
2601,0
2602,18358.251348736547
2603,20007.86713561683
2604,161.27085579314598
2605,82.63604663819322
2606,447.7667589373623
2607,13447.711783107838
2608,7116.550614434659
2609,10042.554364414615
2610,89228.66105634652
2611,194897.68307614792
2612,902.263664020976
2613,1420.7209213718759
2614,0
2615,0
2616,250.45846947930497
2617,22800.327064021163
2618,33007.22183054923
2619,22366.561095287107
2620,21962.56977260908
2621,1088.887259759607
2622,20047.929446549504
2623,20088.67794327123
2624,20006.899968575544
2625,155.89366414113047
2626,101.19660220983555
2627,9747
2628,2471.480743249238
2629,1256.391608606503
2630,7615
2631,5664.592762800349
2632,20755.114202057463
2633,15163.98378351534
2634,180.0842760623358
2635,0
2636,6.495903070821901
2637,0
2638,14429.804716310693
2639,41063.277317236585
2640,218138.4656706994
2641,1155.3057220023793
2642,16777.39314024354
2643,0
2644,154.363781279142
2645,20558.804370764457
2646,1142.6792204182816
2647,72258.70616009436
2648,27714.630629258932
2649,26577.117021445887
2650,0
2651,0
2652,190.20330909848596
2653,61.965350552084466
2654,711.1145408632839
2655,19939.90928444807
2656,60.16563355097099
2657,15.280051291205739
2658,457.81574854628764
2659,614.8979053212073
2660,45.60176916794716
2661,2385.515973169065
2662,241.54525532580806
2663,6821.904938399877
2664,376.80995023274323
2665,0
2666,5604.262991188057
2667,681.3623856344639
2668,464.7772613455701
2669,98.76403124820754
2670,34.37569165083795
2671,15023.717505900408
2672,28040.54382284673
2673,8774.058373684633
2674,5152.930898041743
2675,45991.80199544757
2676,22098.62515619245
2677,23577.779410151103
2678,18836.523003535785
2679,1655.857879120989
2680,737.7550644837806
2681,626.3518773176786
2682,117.02915218248974
2683,586.6569254288912
2684,319.2228255506272
2685,69.71402972983314
2686,103.05416279478521
2687,880.8484438662219
2688,20.369835331348757
2689,7300
2690,27019.73180387917
2691,11838.359584642105
2692,15879.609121018846
2693,4082.199331092559
2694,3104.4552822190585
2695,797.3882042752347
2696,291.5887082042405
2697,27169.071206359728
2698,590.4341593147528
2699,1272.064750872404
2700,1268.4233973444093
2701,591.0027188427563
2702,461.41843610141507
2703,205.68475987320622
2704,250.10466992528205
2705,342.9125793665972
2706,183038.95453011856
2707,523.8857739413577
2708,177071.6323330486
2709,26950.237315703595
2710,11487.85780969564
2711,577.9528746417632
2712,72.12651487138136
2713,21679.36377967813
2714,32644.256189892425
2715,13085.782774500229
2716,14525.29357687497
2717,13386.81176676146
2718,1612.2427283077936
2719,1116.652265620303
2720,1090.7260540721036
2721,200.66813943418384
2722,89616.10427392309
2723,11466.304585036785
2724,962.3214520239327
2725,73688.22641576035
2726,40863.57066199396
2727,15837.874123706908
2728,11.871565122945439
2729,662.3921449110173
2730,1006.5301467951397
2731,13.517633733279663
2732,23.85927062638294
2733,7857.662811532074
2734,0
2735,378.63821022208646
2736,22589.552740835927
2737,585.3902308461604
2738,239061.05595570477
2739,12167.091220076998
2740,20122
2741,7.334168114973546
2742,64.46753457620358
2743,177.532477098868
2744,141.85356722628964
2745,23348
2746,0
2747,1568.0094675889927
2748,16687.32223435432
2749,18534.845233617947
2750,1042.2976352723454
2751,39310.20680618479
2752,44.89790001542646
2753,15529.86993251414
2754,101.15838860756622
2755,134.9581189508898
2756,125.87312731253986
2757,13390.976528880756
2758,139.13332240716636
2759,1874.4160084417033
2760,3267.3387495282427
2761,264723.67395488056
2762,734.1349283229758
2763,11059.495695026513
2764,22110.838447961833
2765,127.43363760484866
2766,20239
2767,50776
2768,14132.52848832173
2769,529.2399072535051
2770,157.59843427177032
2771,152458.53185204437
2772,188.3630742573954
2773,318.8171831604216
2774,217.2719942861712
2775,228.5578393722249
2776,3215.113658749688
2777,622.5425379986274
2778,317.55246604730974
2779,6249.888890330174
2780,33182.04167621359
2781,1530.1884420077595
2782,969.379580274826
2783,76.82457442986893
2784,16538.167516253277
2785,5891.464762662385
2786,6204.501197488791
2787,49.423617651685674
2788,38.40062264905217
2789,0
2790,197.880029197528
2791,32771.17623706801
2792,5555.856288618781
2793,15762.65021493632
2794,94.16964405369878
2795,2113.723545724003
2796,899.2013647116837
2797,860.8705137830797
2798,17580.064288200738
2799,13547.485405234409
2800,459.82752149161854
2801,683.0300201465886
2802,127.36499854129738
2803,141.43185403587034
2804,187.66638040390353
2805,125.53524353009418
2806,41780.623512733604
2807,475.80984908655853
2808,204.57522169201752
2809,124.51483410972641
2810,546.7012893035298
2811,1082.9755992852517
2812,139.2334190612392
2813,3724.8516953569683
2814,5035.564381624374
2815,230.92949877507
2816,187.26341084684384
2817,20942.80534565312
2818,26372
2819,5288.278663490169
2820,1353.3647178281203
2821,11190.15345573659
2822,18387.368668469553
2823,15449.711161256317
2824,2420.4237581690754
2825,22242.29411792919
2826,30586.13486904011
2827,17798.507294153114
2828,597.5124252850519
2829,990.6867939459034
2830,27369.909331511004
2831,2244.6780963384863
2832,1863.616317988124
2833,1773.3809848470005
2834,21341.42285996047
2835,27591.438650586162
2836,43251.558321996294
2837,15949.414928476437
2838,1253.3653913313356
2839,5116
2840,29611.68341561248
2841,450.43119406557526
2842,17379.51913746017
2843,43313.005233985234
2844,22615.42180620691
2845,18322.81876137148
2846,121.88774436258014
2847,822.8571584054573
2848,14055.171933920148
2849,326.87575663371047
2850,14901
2851,0
2852,25003.90508432758
2853,505.95294620153715
2854,227.09787437948313
2855,231.74365675914382
2856,8406.005852008526
2857,553.7303211932211
2858,281.8463959611556
2859,0
2860,65506.15615186867
2861,3521.993434820914
2862,477.3745451912778
2863,76.3553078027648
2864,925.6801419927408
2865,389.91560974115794
2866,14094.708645240806
2867,494.89532929186646
2868,37892.19894451724
2869,229.34314118075287
2870,190.72427755110857
2871,114.86639292413821
2872,83.43795427424726
2873,48326.60822003379
2874,47506.990752553764
2875,56637.16085454472
2876,37277.640674668226
2877,27496
2878,20808.56126768588
2879,397.55702985849166
2880,1191.6287527747684
2881,43537
2882,401.2841804523785
2883,18530.974765450836
2884,776.830473100513
2885,1893.8654653104804
2886,23422.287716122843
2887,652.8081063288416
2888,15906.658721129292
2889,484.72737603293797
2890,6827.779099899971
2891,378.2241147050136
2892,27014.075648330057
2893,173.33565883398757
2894,220.43815467165192
2895,340.4617333196123
2896,491.3252348522018
2897,28224.16505153951
2898,4396.8500167242155
2899,25117.862680225237
2900,19357.283268624426
2901,13511.247920789656
2902,18330.502274186234
2903,19440.710851985204
2904,18679.989087040223
2905,315.6834364765952
2906,1960.7173607625618
2907,118.62338177555858
2908,106.44206137060391
2909,39.11693635452233
2910,184.56809160330357
2911,2945.864389405847
2912,26893.345763988204
2913,210.48617147400216
2914,21384.559612616395
2915,3462.6505952567036
2916,14739.999790826074
2917,22468.447742194123
2918,2028.0604414716288
2919,19470.56886465041
2920,14465.406588465798
2921,7261.462818374621
2922,8935.398453143469
2923,13414.089359070786
2924,0
2925,1042.4622359668065
2926,23355.032184692343
2927,402.062994746637
2928,1314.9540550705856
2929,531.4507093639634
2930,17149.50131737151
2931,1170.8554409853684
2932,17015.85171466749
2933,865.1894854295386
2934,1240.4046409115833
2935,662.6714876400868
2936,41747.20279444348
2937,157.68606180145431
2938,22603.012250278218
2939,1487.416631297253
2940,1684.7398341407006
2941,66201.25401881346
2942,1430.9554484735677
2943,993.2303968149569
2944,1435.019722802705
2945,22845.750585909576
2946,18622.34583813761
2947,26148.041602525816
2948,27000.55396442233
2949,1635.6074925522742
2950,15147.39477987198
2951,1380.4082624830585
2952,11601.192049168496
2953,17808.43926279813
2954,55.28766784435155
2955,5527.562567336911
2956,56.76071543830078
2957,35180.51153963227
2958,754.6749734277353
2959,26137.64434253744
2960,8482.796799757538
2961,18068.817203186558
2962,1188.7244161805775
2963,866.9740213647212
2964,830.9070007513443
2965,1517.0702030232524
2966,36464.808191710224
2967,2382.0449940414555
2968,14379.777132662495
2969,19527.50571774592
2970,67559.25655846724
2971,10343.257059937941
2972,543.3537458226268
2973,146.77951751137084
2974,1858.4937912607518
2975,191.9727378897498
2976,13502.27825503249
2977,202.51178309357246
2978,30011.275540838553
2979,320.6357925739152
2980,28591.601289136423
2981,1483.7374014691577
2982,12473.985397147298
2983,889.1638684024456
2984,1009.2006080318499
2985,1497.7242868622045
2986,1382.442934373813
2987,953.3818691395942
2988,19770.089392573067
2989,34044.24238268126
2990,30564.977271928252
2991,1518.5240735729608
2992,348341.8507162137
2993,382.2818584449608
2994,252.67565854380774
2995,95514.32711826697
2996,13041.992474884775
2997,1209.9110303309997
2998,2106.530978738779
2999,781.3600670427173
3000,12679.270589428497
3001,179215.96661890665
3002,16471.563536209538
3003,1004.0119559537876
3004,20883.27160119448
3005,1166.5202572420326
3006,18410.7796099203
3007,25865.313955787064
3008,613.732693959897
3009,317.4645411092837
3010,24105.122371084166
3011,830.1837211063495
3012,880.0021327772635
3013,840.7094292214078
3014,1893.0864490065865
3015,47585.37374214948
3016,453.7926983648379
3017,2081.91539783109
3018,20719.788591185534
3019,1714.4428895051615
3020,28514.15728064999
3021,809.8242173338942
3022,298.3690297256323
3023,187144.8449081863
3024,222569.3476339623
3025,548.0214242700556
3026,600.5084029194429
3027,4511.688760777554
3028,47214.68245485398
3029,900.5620749197619
3030,24032.78966999996
3031,24078.536388028522
3032,1937.6112960548103
3033,954.5375388274764
3034,2710.600784283845
3035,52673.04898558477
3036,15139.64576863665
3037,12940.245408502113
3038,55570
3039,42613.73216362408
3040,721.8232097895389
3041,18103.333959771644
3042,28367.11776031263
3043,0
3044,60.020859749766316
3045,47303.70104142348
3046,794.1973145504669
3047,621.0564215770316
3048,2967.5941207794012
3049,3035.2709788111692
3050,80983.48634564827
3051,33536.8399118944
3052,74180.40288843043
3053,36836.184060592175
3054,634.7828457412865
3055,1009.8050924442944
3056,541.3098716895141
3057,929.3737504969629
3058,23223.5001088603
3059,38449.30007765263
3060,125.73377444447542
3061,609.7631069137962
3062,0
3063,0
3064,187.29506655875474
3065,1202.197342503041
3066,618.9928167557024
3067,529.6735469967118
3068,30246.955511022585
3069,25664.14261154078
3070,2129.008207250247
3071,8182.14677778823
3072,534.3181973913188
3073,63.3775920002644
3074,700.6559638082026
3075,2460.3920047853894
3076,211.8572848169908
3077,776.3483386600344
3078,674.0373242145458
3079,510.0392648547829
3080,361.0162243611183
3081,4600.725394556636
3082,13776.133775146714
3083,37.058491750705294
3084,18909.521660157046
3085,19067.655114394405
3086,30521.802924477357
3087,5064.835753837291
3088,10619.900144995903
3089,481.8608150345516
3090,46239.86184787165
3091,60726.55142583009
3092,754.0523083967514
3093,50761.669021252514
3094,50740.33243668831
3095,673.971170849101
3096,414.8320558463261
3097,622.321301836256
3098,215.25251116258306
3099,23805.781811466273
3100,32477.997784479492
3101,222.73625595038615
3102,794.7430205638043
3103,250.186532440593
3104,116.42505980411615
3105,11943.01985867717
3106,381.05475827086127
3107,13385.546811205308
3108,41543.24002919873
3109,476.36755305421707
3110,5469.669028570459
3111,15620.98313029628
3112,81141.67223344049
3113,928.7446612432747
3114,29048.99367059713
3115,438.4266730163832
3116,40755.02705340618
3117,176.0946247528735
3118,32149.76404054691
3119,30327.564006779852
3120,21566.141235274838
3121,8932.904747233659
3122,165.58354170288123
3123,421.3289165176077
3124,199.39519367769185
3125,502.2937106540811
3126,23441.751861140325
3127,597.8700546377285
3128,23211.30737194028
3129,23620.436478822045
3130,444.5092807094711
3131,61.97666664324872
3132,2.034348011121174
3133,4639.034313556083
3134,135.95911952954683
3135,21032
3136,15425.247757970059
3137,0
3138,917.8121572966156
3139,24155.73545599776
3140,2000.8559813685397
3141,985.4141192407328
3142,586.1267945230468
3143,0
3144,0
3145,7311.343936225815
3146,170.26879265769884
3147,0
3148,25.814577298519342
3149,29627.48776941977
3150,338.4090492389547
3151,0
3152,26422.614444784827
3153,606.0763786888208
3154,465.893366953454
3155,249.26179118177794
3156,13157.76060962144
3157,6794.751975151175
3158,19512.165381182815
3159,576.9606554615096
3160,403.6730870289695
3161,701.9638662576821
3162,4646.886188196218
3163,0
3164,15.26802189237142
3165,2627.67223582477
3166,881.1046709444685
3167,263.49227665238936
3168,25500.95840022841
3169,1730.2725487136029
3170,643.2976403173416
3171,633.4284170521721
3172,147.73085392314428
3173,203.20447978392374
3174,20814.573223225358
3175,28576.075448473166
3176,2816.8952283987846
3177,312245.5741164662
3178,11028.5573666848
3179,18110.886294026026
3180,18340.195810837246
3181,0
3182,1593.7553017361058
3183,23029.760521109136
3184,23295.87255669154
3185,20540.852875256474
3186,24510.616408754948
3187,870.5561342288283
3188,21092.274954246135
3189,10733.612089713522
3190,722.2285322842854
3191,15806.389820534783
3192,912.0365847578927
3193,0
3194,66.48447904329856
3195,597.5861418911257
3196,1218.2292266960571
3197,1362.6753426130854
3198,181940.8268293834
3199,399.8752268715166
3200,792.3370290057259
3201,545.206529420462
3202,334.1765597064749
3203,316.6466555737632
3204,155.90212433624168
3205,220.69834566573218
3206,319.1624984460759
3207,168.03069589026302
3208,351.85112193452915
3209,105.29780666009773
3210,52.20859481687052
3211,18946.613477310613
3212,19680.867022657232
3213,754.2006188570207
3214,10852.753023346262
3215,32359.092807869805
3216,1119.4466040371208
3217,31078.272286335094
3218,332.9132977335313
3219,5697.803566086022
3220,139.8414426037026
3221,11812.080057599625
3222,27856.469142852817
3223,558.6473814171212
3224,29512.80107131096
3225,22749.241999536123
3226,22676.50969610492
3227,18830.57568712946
3228,18659.1218527967
3229,21701.58709611898
3230,11292.346351472856
3231,10767.059745021068
3232,255.8379232107887
3233,49034.27308116722
3234,15410.730176867339
3235,18458.29497924088
3236,274.2591356232468
3237,1725.361599418483
3238,443.87804234347624
3239,442.9851767218351
3240,54929.05190075524
3241,476.31835253688706
3242,183.17978575621748
3243,17841.753087902627
3244,17068
3245,11757
3246,26258.47296125428
3247,30504.712638675155
3248,187.7042324200147
3249,23783.133078663228
3250,263.52432629841303
3251,514.5407074186523
3252,507.2033221868333
3253,976.8185035690633
3254,32142.460291113923
3255,0
3256,20567.54596181029
3257,29281.925588504768
3258,261.7646926976591
3259,383.41615636297524
3260,380.3954293847506
3261,18119.681817988967
3262,476.23430836230455
3263,49940.357790849564
3264,0
3265,171.48467685653583
3266,412.4196101489389
3267,215.02670198266907
3268,91.86849182769802
3269,1279.6955328290271
3270,7764.944476508163
3271,348.9988062682422
3272,546.7143529848202
3273,48.28145711037351
3274,33392.484110629586
3275,42756.911388623186
3276,1877.3417282837463
3277,28061.09781583637
3278,200.823543132571
3279,1301.5759335467567
3280,149.0834465600463
3281,84.99431290363775
3282,67870.12292259895
3283,50416.55987022302
3284,36912.56307079725
3285,298.63545817742647
3286,28871.53357727424
3287,21712.706183304308
3288,2452.2770376484536
3289,8826.348953561832
3290,495.7495697822561
3291,5591.757494852859
3292,177.7600546973939
3293,4803.150873801487
3294,20302.61771730534
3295,19776.175654567436
3296,28440.76943562176
3297,2288.360169459892
3298,345.0589946970635
3299,499.0799580633158
3300,15196.306319855179
3301,48046.786214612424
3302,25328.42431300575
3303,27084.890197387685
3304,462.7265084016959
3305,18481.9585205453
3306,51.78434566310139
3307,816.7123480147385
3308,534.3926194526
3309,974.1539132475142
3310,239.0297606386078
3311,330.4775484757805
3312,135.40382251887618
3313,37421.13486810026
3314,908.2084547909888
3315,92.94929381020617
3316,18499
3317,871.9525506931534
3318,901.3284897517485
3319,56668.74077160943
3320,80731.1681539554
3321,39549.248847813375
3322,34823.346537514
3323,32835.35996750502
3324,25370.287880432978
3325,104.98789012526765
3326,41.34011271034438
3327,943.4483302407785
3328,13103.915599849808
3329,499.6808327740039
3330,641.6808066828438
3331,29356.43119917415
3332,687.7018961444169
3333,152.52257584061837
3334,606.5790770198402
3335,1569.783054521145
3336,16462.670642320663
3337,628.7558369671638
3338,4877.734882091123
3339,1669.1034284367302
3340,1597.7219531884884
3341,937.9641253543396
3342,35.13458977874142
3343,68.3866618466075
3344,26672.67858367105
3345,0
3346,19781.204393484793
3347,27487.864692028546
3348,21966.873551391654
3349,29428.436239769522
3350,374.1601084488568
3351,1014.334635216792
3352,0
3353,1952.4527887508375
3354,9630.300791542599
3355,1517.1228328914203
3356,25943.918141903854
3357,18028.876264604794
3358,0
3359,0
3360,26.862864044626654
3361,0
3362,383.6557414723516
3363,27076.36158243714
3364,768.3566434720639
3365,300.46295411996186
3366,16366.921600789725
3367,19290.529579192935
3368,19437.777761258934
3369,226.64973840470208
3370,7423
3371,7440.975326472428
3372,8078.090159501458
3373,532.0984904286015
3374,24023.44228014142
3375,1327.6248911987363
3376,741.2817768570466
3377,50299.498807381475
3378,21334.514346202774
3379,0
3380,8450.659216195576
3381,2100.15077653214
3382,751.3500882128603
3383,11.243611153037055
3384,385.67045916376867
3385,255.56060898322588
3386,691.1632692185874
3387,606.144546311875
3388,3765.3454270096527
3389,23568.952950977884
3390,15608.294420225007
3391,526.1892867355122
3392,604.7403960876214
3393,503.03127281552156
3394,13147.210628402521
3395,30263.166742415375
3396,197902.00752811323
3397,135.23136991185348
3398,534.9663749516077
3399,166.65962987482945
3400,225.52878777861767
3401,94.3150437283348
3402,88620.12474691075
3403,88601.99167506919
3404,0
3405,219.225739376247
3406,861.5618090249772
3407,610.0114398828409
3408,27497.828269440666
3409,108044
3410,55703.83869164805
3411,53629.68338217242
3412,27044.27422510853
3413,10804.221313996937
3414,64215
3415,209.54415063574464
3416,2.9946017578560413
3417,29986.143769276823
3418,0
3419,943.9704368898872
3420,693.5165605328558
3421,260.0751185482104
3422,3561.904952217006
3423,1618.125874825294
3424,23515.637117891616
3425,2323.5391647504885
3426,24939.81626093579
3427,57136
3428,496.6081345135348
3429,879.3852364059865
3430,35478.91904598856
3431,94.11507226153357
3432,0
3433,71.9228118642841
3434,23.535763436217245
3435,321.61144582954296
3436,516.6759713800875
3437,15681.994910961388
3438,31476.818485389504
3439,794.5268917704013
3440,236.118364914043
3441,3448.918004810909
3442,16417.895451551743
3443,41515.66863974459
3444,663.988254622965
3445,480.1553379159699
3446,4162.551368491679
3447,33199.943297360085
3448,32856.60923129719
3449,200963.76472036503
3450,14418
3451,0
3452,0
3453,83.05528522999927
3454,204.05785890453515
3455,365.12428484760227
3456,57.241794616490935
3457,1619.177600599601
3458,246.90286902730847
3459,29193.353882349013
3460,28295.24198323731
3461,268.50789465146613
3462,32360.047154450065
3463,0
3464,153.51088323043751
3465,0
3466,738.9455315417883
3467,100.05486518620863
3468,2287.2079317125635
3469,4416.893574656141
3470,0
3471,0
3472,0
3473,411.8847658139093
3474,45508.577907141334
3475,551.9733621762139
3476,361.5668972250714
3477,221.2584590809724
3478,44432.58675685165
3479,197.47134031845684
3480,863.0240825045188
3481,42.65757862104935
3482,711.5087829637769
3483,72.67123419695496
3484,0
3485,817.1001290066723
3486,1396.8666338014893
3487,15977.912341016972
3488,194.3346811910442
3489,2020.2166335045347
3490,481.5791079253752
3491,1301.5729493867827
3492,0
3493,0
3494,496.30317023415955
3495,1854.9938936457077
3496,24784.412577654017
3497,454.29557033998344
3498,1.0219307736157157
3499,782.5035446391256
3500,36.42764864268188
3501,1057.0287904776767
3502,80696
3503,12860.8151528194
3504,13097.4299199953
3505,20817.71869394127
3506,9980.0858339947
3507,1445.998076202244
3508,242.69011697554038
3509,15920.776615157563
3510,120.16452588210282
3511,28119.937460233075
3512,677.811702394497
3513,1091.0875554186555
3514,1384.5178506491213
3515,0
3516,0
3517,0
3518,15550.477761381273
3519,15742.766171899193
3520,46.062887618919575
3521,0
3522,616.0380586657443
3523,388.2601667266376
3524,8848.526047750878
3525,348.478345056818
3526,28048.276992746258
3527,0
3528,0
3529,151.0757199550738
3530,1017.5256167310655
3531,65.67275826445808
3532,1294.7400507814605
3533,18357.05925528509
3534,615.6865567886153
3535,121.4488497567893
3536,0
3537,25265.79718873428
3538,13241
3539,111018
3540,231.7398468322906
3541,505.0212226559479
3542,265.9448690755387
3543,78.96334789191171
3544,12372.420432633087
3545,723.9521419088459
3546,27672.724687807815
3547,617.1267653781518
3548,242.13682231606822
3549,181.78129060372305
3550,15717.460142575812
3551,41423
3552,257.79338290102646
3553,322.7034894820716
3554,538.81070602063
3555,170.2223781224043
3556,121208.93541563375
3557,14.243295996267515
3558,7401.753724938804
3559,3356.7280715467123
3560,3587.6819938488766
3561,22661
3562,14816.30922851909
3563,33897.92267116591
3564,9367.821849701379
3565,8989.416190774034
3566,772.0811211769628
3567,3.548075369693867
3568,1762.1798529591388
3569,283.89904516836526
3570,338.6953785020486
3571,15716.503200033663
3572,14528.404673183419
3573,39.150877541987164
3574,26633.506221379088
3575,28295.173254685098
3576,93.65074432158727
3577,300.5180692728429
3578,266.9038955830798
3579,225.14896531366412
3580,12147
3581,64.59207955275961
3582,158.98032281442653
3583,37.343110439628745
3584,0
3585,725.1160939080962
3586,1097.194146905438
3587,387.88047112950096
3588,2570.3208005796832
3589,5109.2115890559335
3590,2486.026726525275
3591,5937.397014341708
3592,0
3593,51.962283219874266
3594,51.48165924175551
3595,133.87442023115875
3596,26.95332884329614
3597,3504.4868933868083
3598,29283.871438379378
3599,54030.184852576494
3600,18409.968203347307
3601,29092.881436134376
3602,1837.0173039064039
3603,16852.13352022277
3604,28188.810019127024
3605,1935.31095943147
3606,142188.07970819136
3607,5.402183646577595
3608,22963.780268780938
3609,0
3610,60.582584116628155
3611,22717.960379016935
3612,43.09636435577528
3613,19944.16633566794
3614,614.4957981483749
3615,285577.4245618466
3616,5099.90632301016
3617,477.1641017749573
3618,907.5414441404939
3619,180031.65239934297
3620,0
3621,88.15955722783586
3622,586.0147515216546
3623,195.30226895176418
3624,143.93484787717864
3625,4091.7034778936127
3626,53034
3627,2070.1972090236127
3628,971.7892873109192
3629,408.77015532867165
3630,102.61687946372184
3631,164.67269854379288
3632,105.75077763038423
3633,89.0906431725358
3634,482.75443198827827
3635,24.556698409557594
3636,242.87726790863303
3637,364.4290401467498
3638,38980.36095370624
3639,262.8805315144538
3640,731.8301586160713
3641,800.2390276309599
3642,67579.29114711095
3643,809.1489459631301
3644,1120.8722845266086
3645,534.0235803214711
3646,0
3647,0
3648,126.7128467914064
3649,1044.0224228969344
3650,114.52518748422438
3651,423.3184860434598
3652,14673.241706432882
3653,14233.312105653717
3654,24733.696151231637
3655,38131.62303738839
3656,18321.217192990065
3657,5727.298544267562
3658,25820.992310609952
3659,338.08286231803805
3660,315.3765247343119
3661,120.74214669208722
3662,216426.927777058
3663,24066.257725014184
3664,47321.78428531613
3665,50.57618811485402
3666,0
3667,34028.916239065744
3668,0
3669,348.81237028595467
3670,73258.1301984656
3671,272.4657899479656
3672,736.169703843427
3673,2351.998321259225
3674,220.11135854063454
3675,139.2655980307138
3676,10778.564844515206
3677,42756.88710919255
3678,516.6591433447494
3679,389.9014880520613
3680,52002.00985474525
3681,2577.734304284152
3682,165726.24823071965
3683,557.0249841887969
3684,25702.658245719864
3685,0
3686,14289
3687,52193
3688,19365.263841631455
3689,662.7892623702171
3690,9777.658118273106
3691,7837
3692,20750.080319924054
3693,666.1487387073764
3694,15.626028979120942
3695,469.8015958120435
3696,2396.258264206844
3697,75.78306390291858
3698,187.91185759347917
3699,1448.6276998050362
3700,282.19342179830693
3701,214.70976893571273
3702,352.9577207477222
3703,1556.4593225397277
3704,2739.944313880278
3705,324.88036156478495
3706,209.92816703162552
3707,226.6475428366608
3708,42542.431339779905
3709,34392.36123058294
3710,28207.94096664638
3711,237.54529556752962
3712,27691.746743888623
3713,131.9455841229113
3714,0
3715,896.5392285860147
3716,28364.205090149942
3717,373.3093257655207
3718,207.51410577536575
3719,342.9761717175452
3720,1961.7909442824703
3721,18952.67352284075
3722,194.45697490507908
3723,163.78800133439017
3724,2578.9191274842965
3725,14677.831942510355
3726,43163
3727,14268.021661832585
3728,921.1498199251548
3729,1933.1635601896935
3730,24059.056827912984
3731,16272.08854870457
3732,16516.31171950771
3733,8515.865887172678
3734,108.92862240304267
3735,398.52215339810334
3736,815.5233920148873
3737,69.33686836391122
3738,0
3739,450.9213954092782
3740,29505.078852770068
3741,537.1029745537314
3742,1202.9676465212506
3743,696.8487540729916
3744,649.7797133387909
3745,284089.27650057204
3746,164.99419528128476
3747,22611
3748,155.70462696206664
3749,25265.029863907224
3750,88.58355973643152
3751,73.11010294231829
3752,1495.4900019944155
3753,122.2692736859935
3754,913.7678461727477
3755,14639.864045142493
3756,1472.5244354945476
3757,28318.158669435546
3758,259.5237132681134
3759,24005.172316996555
3760,22734.546631257796
3761,114.22492735100695
3762,13.356897685085068
3763,181.10911915509323
3764,29559.120340571408
3765,293.56093862034515
3766,376.9418265578623
3767,1034.992868182097
3768,54645.41696777971
3769,20651.573940554757
3770,20856.452738833355
3771,34672
3772,20665.13174139997
3773,1604.3859192695304
3774,35458.170289400005
3775,56.81207086863044
3776,50.84373550534399
3777,27529.74980887414
3778,31163.496672528167
3779,458.6917806329324
3780,786.1440335492877
3781,354.7021731338264
3782,385.12640868404344
3783,346.899834005027
3784,1238.05408761477
3785,1413.3387069340715
3786,128.3877145937717
3787,126.64402032852992
3788,51.7331706424331
3789,3545.5227605919563
3790,11770.403685827367
3791,0
3792,3739.2878052450005
3793,277.39994327135395
3794,3299.5821071271093
3795,19440
3796,17951.244373221976
3797,2868.3612104498948
3798,244.0800273418506
3799,324.48559993034473
3800,16566.358883562974
3801,0
3802,0
3803,18368.153862409836
3804,58.67051014412196
3805,860.709774207581
3806,33455.24457227548
3807,710.2963533654103
3808,390.6576222349076
3809,320.86611532578564
3810,1509.6740473776229
3811,752.6549585366506
3812,2303.5629715773043
3813,22222.16276446605
3814,17342.507336614042
3815,0
3816,0
3817,91.63019832749875
3818,29461
3819,149.6625996240066
3820,2512.896948170334
3821,301995.6424155601
3822,1321.2769332099158
3823,1264.8649754711773
3824,27464.061872976636
3825,316.4407307653147
3826,7052.787564244775
3827,617.0480004847828
3828,672.1296854372025
3829,527.9822545201878
3830,406.2944285271656
3831,58.67874785372095
3832,1543.7973877590925
3833,1193.4014940432903
3834,1084.465919659797
3835,1143.972215792121
3836,16221.887557567961
3837,1406.6358820063317
3838,0
3839,0
3840,74.46801931610007
3841,3454
3842,0
3843,991.384563131726
3844,978.280300273783
3845,59334.06107524262
3846,1725.6075381285264
3847,8040.026115449126
3848,2798.5063581344994
3849,44.61971903600125
3850,3454
3851,5521.545663908426
3852,44039.055549076664
3853,20225
3854,12280.397493168151
3855,12355.410442942823
3856,20373.641702044803
3857,13862.533657355456
3858,74.57235988785077
3859,2764.558135518192
3860,3760.4507722533413
3861,306.92433626674153
3862,35027.350188137025
3863,19957.476001523086
3864,125.83822329714829
3865,6240.158026760719
3866,23.700178026051912
3867,200.1201984121743
3868,254.20556205365497
3869,2744.109653973835
3870,3752.31469253723
3871,4213.642666427708
3872,1197.1333077637844
3873,753.2351847282679
3874,1168.6731099415283
3875,1634.0379076393067
3876,95.50460337025702
3877,281.0061207880759
3878,0
3879,0
3880,10583.082501298935
3881,296.26077495780333
3882,21192.194212291073
3883,548.772485243595
3884,71930.43468253055
3885,38734
3886,9.621854305621573
3887,10114.110936413725
3888,18280.282882975593
3889,909.0762760752345
3890,385.1809919417443
3891,183231.31092219407
3892,174191.72868704825
3893,1515.150653840272
3894,22402.591360333026
3895,171.99065043230198
3896,0
3897,387.3979894269817
3898,553.9507346426889
3899,1244.6090442467403
3900,49621.861750287244
3901,0
3902,23904.45850939811
3903,440.46020228363915
3904,279.42316074571994
3905,920.7608392910009
3906,992.5563717527946
3907,0
3908,16913.77681619526
3909,0
3910,63.59760684328367
3911,35998.17553568188
3912,21398.556571897738
3913,71142.6736439424
3914,72369.51343486735
3915,541.9396512450738
3916,33440.02593068121
3917,40545.253366451885
3918,32489.291402040064
3919,14415.039932696589
3920,930.8484331613619
3921,295.177607022888
3922,103.7976146418795
3923,69058.80156306902
3924,447.5405757163187
3925,201.62692511375943
3926,43889.018410144825
3927,5653.250210053371
3928,19842
3929,61.80152495348565
3930,418.5510653694702
3931,33300.351955031976
3932,33519.5352973541
3933,361.33744945023665
3934,14953.923178925486
3935,279.88544767291984
3936,342.76641570395645
3937,32065.57549469534
3938,410.1821673884416
3939,123.98400776345821
3940,0
3941,37366.45031834203
3942,82762
3943,546.5981089865197
3944,10279.272108060686
3945,26248.345116365264
3946,34935.77928483765
3947,24799.43420239062
3948,16.04331683012635
3949,45.01197436621297
3950,0
3951,29014.028972551285
3952,233.92559286367924
3953,191.04907589248168
3954,879.72531270004
3955,792.2022912636486
3956,35998.64285326734
3957,837.1145213813929
3958,30373
3959,2068
3960,77.47138415867983
3961,24242.704850325503
3962,9863.482947675935
3963,30335.59431065526
3964,13000.633882356431
3965,2554.613314238299
3966,4703.297202218716
3967,50838.31511490792
3968,19667.04085195611
3969,79.20753926724241
3970,7763.57409955806
3971,15.857963340937845
3972,8048.449679017065
3973,24204.319629401023
3974,12718.560849334235
3975,61931
3976,242.948421082658
3977,19957.433614334688
3978,4012.968880317601
3979,1699.282452289028
3980,34826.65783276711
3981,144.2347656362996
3982,974.5226157126341
3983,21.29884127507279
3984,18351.0322526088
3985,11096.571356013528
3986,444.0971170819468
3987,11365.386304758302
3988,26591.22106662482
3989,31.41334988538421
3990,0
3991,35423.46071452996
3992,43879
3993,21567.69285151801
3994,69.59513912180287
3995,339.0415328828136
3996,410.9835450662293
3997,4042.3047272734157
3998,31069.73283913949
3999,449.56303271837555
4000,0
4001,643.4201218569151
4002,1802.4684256397659
4003,26458.72380978766
4004,16715.75423049311
4005,14550.677736386426
4006,1870.1861450954973
4007,134.4993370970341
4008,112.07089151170845
4009,79.26894798085415
4010,0
4011,35180.22239460561
4012,324.9340051594183
4013,53402
4014,15123.062592861752
4015,486.37720467962095
4016,32006
4017,306.4734492319184
4018,30.477418554824
4019,1476.975333641584
4020,325.3371713133145
4021,213.0181203042202
4022,1207.329352046295
4023,108.67581808646304
4024,0
4025,244.01039968982354
4026,328.73245481242174
4027,34.69432896777555
4028,0
4029,235.99893093102605
4030,4486.948954565507
4031,12099.785764670214
4032,53902
4033,1022.9740620296268
4034,0
4035,13.672810146541215
4036,39277
4037,15042.426378723132
4038,127.92685801654564
4039,0
4040,21476.480104248356
4041,1453.0581166855222
4042,332.7549538860137
4043,897.0791160650126
4044,487.97714702816467
4045,440.4228346167501
4046,0
4047,359.8407498369904
4048,47404
4049,4492
4050,288.0206149412215
4051,14965.313837420621
4052,31336.291551344446
4053,2035.928998843113
4054,574.071995918162
4055,410.7600928928244
4056,33628.78291701711
4057,414.10435460668657
4058,369.57936865853804
4059,449.8460802182531
4060,762.5142062306328
4061,14847.06076097492
4062,9264.681075614124
4063,204239.40167508367
4064,235.57202044293132
4065,0
4066,87.71115892519992
4067,221.5319691609903
4068,125.04419100761426
4069,18264.770596855364
4070,25082.954545509005
4071,4268.070710310619
4072,43.99041423334766
4073,0
4074,18568
4075,905.1919310073694
4076,67515.05029256547
4077,1038.1726311360599
4078,384.36856579165766
4079,31175.885899430537
4080,9086.98405358624
4081,27715.806011100838
4082,1207.2708855001215
4083,18677.733418302494
4084,25915.496652276077
4085,1149.2682010412393
4086,20.340110583302742
4087,528.2114155833087
4088,746.5154606485479
4089,40154.90725909692
4090,191.17975066849198
4091,954.0811384212295
4092,2039.0684441975234
4093,0
4094,16670.149422625123
4095,464.14147020515355
4096,2037.2904570116525
4097,111.89982077363358
4098,9132.168362099628
4099,0
4100,2157.3119354899063
4101,18126.454543970704
4102,91.84311481360116
4103,275.1659217817887
4104,27948.265708831183
4105,19314.22174558761
4106,23703.79243117732
4107,375.87975505718964
4108,961.9064707835366
4109,232.9103961877318
4110,298.28892135683026
4111,204.73695003608807
4112,0
4113,51.77459266391447
4114,1559.9886045450596
4115,16139.309849849205
4116,874.9733138777327
4117,0
4118,150.42609164489232
4119,43.59505424026541
4120,41786.159961237216
4121,10218.596307984306
4122,23920.89316480472
4123,33780.55857273562
4124,19222.881684114447
4125,1726.3871747080746
4126,1582.8891586228115
4127,593.6445781411379
4128,77381.0412020003
4129,302.962113037157
4130,1756.5025828933353
4131,260957.32893820657
4132,61.298045760402196
4133,60.088522139154385
4134,129.68418617381764
4135,61.88567099605699
4136,909.002447309207
4137,856.7886417984374
4138,569.7776513865372
4139,139.81791410051568
4140,1153.2319625522305
4141,15860.561992120736
4142,16398.44298477951
4143,29995.762715971247
4144,67409.48682818007
4145,107.32687478825784
4146,18928.499750429342
4147,1505.5209838705425
4148,19827.04366800483
4149,1635.7154875030865
4150,491.1482487230147
4151,9471.622158719816
4152,1432.3003892627535
4153,408.01878155024394
4154,208092.9190511881
4155,120.1688606972137
4156,13628.104589112807
4157,8519.40397463858
4158,19774.61519027191
4159,14071.379617615108
4160,2928.634773005239
4161,8222.18140098002
4162,0
4163,398.8335072481498
4164,50780.02305667297
4165,33787.826095193304
4166,17247.943690578544
4167,25747.041169860182
4168,0
4169,9723
4170,1148.0572121201312
4171,672.1381298507777
4172,1666.9585420521153
4173,43813.87034598891
4174,75.34048290998817
4175,1456.0552512262482
4176,0
4177,0
4178,10262
4179,177.20155048512075
4180,42403.70536415224
4181,33697.535502532344
4182,3686.406176723397
4183,13780.615394402168
4184,169516.1009949944
4185,28823.924560634383
4186,0
4187,80.99067332406729
4188,24967.732210904793
4189,703.2696296487807
4190,831.4682535089419
4191,13513.842396978225
4192,0
4193,926.6609121970588
4194,896.9297320450967
4195,1590.822258559546
4196,422.6583790871214
4197,0
4198,0
4199,108.6961463860049
4200,42.370043330474395
4201,363.70730828154154
4202,145.57054100616267
4203,9330.388097671563
4204,10324.30997051869
4205,24846
4206,613.2407640300133
4207,874.3278700869529
4208,1178.9930361926413
4209,1881.6759474859164
4210,14553.956329069764
4211,62.60781849354929
4212,50.02169182227038
4213,95.52717847134991
4214,498.455336581737
4215,14001.687865883614
4216,0
4217,35.27424657600627
4218,38686.53027896968
4219,85100.37660710627
4220,30444.09585001239
4221,17150.288393554805
4222,554.5870975262882
4223,5721.86177552852
4224,0
4225,0
4226,14749.447947269373
4227,67244
4228,187.21586432404473
4229,64.68558083594358
4230,6038
4231,86.17258655772554
4232,613.8361159465733
4233,3412.640899648446
4234,31459.010250696974
4235,388.76253896665025
4236,424.56293726129724
4237,3558.28193805084
4238,171.81158865080369
4239,126.7257879906694
4240,42.055115565025325
4241,13112.729228596161
4242,0
4243,0
4244,258.58469273603026
4245,27185.186778521693
4246,456.949011331251
4247,21260.205055330258
4248,1764.1865142927177
4249,2160.481609120242
4250,55.7764457541117
4251,301.2668956959297
4252,137.96286894705653
4253,0
4254,78.40663836389761
4255,32590.262625271
4256,1933.7535751350588
4257,1591.3483071456553
4258,30496.05595783201
4259,834.2931541818293
4260,453.8656446308679
4261,17340.26960881314
4262,3140.6236443983657
4263,575.5077361832319
4264,84.13308478846898
4265,454.0604528435408
4266,840.6763744420612
4267,265.2940516471088
4268,30349.592309959848
4269,473.93487682600744
4270,629.8442476110921
4271,7542
4272,24.597206264737995
4273,598.4002934491871
4274,0
4275,287.9863730351208
4276,53.92362932570805
4277,50.91191001885976
4278,326.30172898736606
4279,19028.026305974192
4280,138.03658417671866
4281,0
4282,324.46866329711975
4283,329.1281694058614
4284,391.7601853183825
4285,324.7267434040208
4286,12.898304063622033
4287,321.2346281493299
4288,0
4289,0
4290,18693.617289566722
4291,401.4103937853231
4292,302.1245466654781
4293,49.45914575331279
4294,0
4295,26.851895040212693
4296,1703.9444169757608
4297,31513.94381232064
4298,1147.6919218759
4299,914.193935702409
4300,365.8868244903067
4301,16819.182261536578
4302,451.3999472831705
4303,1621.0542886637886
4304,188.36245325111082
4305,1286.6958042391939
4306,1038.7377294017845
4307,352.0542125596749
4308,2213.0732684222357
4309,14475.443573427116
4310,21.51301628915735
4311,35216.91371581829
4312,212.52277505041616
4313,9700
4314,215.56818212206497
4315,151.83112717113355
4316,690.9944964010026
4317,34.99235057418613
4318,34.113074441165914
4319,3307.4105207205735
4320,24455.528922750666
4321,616.1692751737497
4322,12253.05658358269
4323,279516.58264818124
4324,0
4325,562.8973381842067
4326,1732.315422966665
4327,9.763757983756822
4328,75.74802131821072
4329,861.490046818699
4330,862.7800268285698
4331,141.44119762701513
4332,1094.7699736157274
4333,19242.88890110001
4334,1078.2755116138683
4335,140.42672208998493
4336,130.06448186556824
4337,6622.8641304094235
4338,236.307273867129
4339,24.326660675941305
4340,67.37133545856231
4341,13167.112317557741
4342,12255.356290364336
4343,1998.2600898088588
4344,1243.9392915692845
4345,0
4346,355.7237402218932
4347,47189.06805762568
4348,3608.1260713917263
4349,8470.667730426681
4350,37.24528236972399
4351,0
4352,0
4353,121.30429311816695
4354,218.9108185152431
4355,465.4324762212376
4356,148.00419285165506
4357,35.12549199711054
4358,786.1843282068869
4359,19249.234291517692
4360,825.8963089355682
4361,515.9677206665426
4362,2077.1042106183095
4363,0
4364,74.56337531462606
4365,72.75244659854089
4366,1423.6904780655727
4367,439.15397814652005
4368,667.6666607903759
4369,86.51683649450342
4370,11362.188749840796
4371,6805.2830870693815
4372,8787
4373,7534.277254716432
4374,30749.436784840684
4375,78.13117524223733
4376,1544.5131170796824
4377,13838.217612597342
4378,37340.44113324155
4379,15.169334119637668
4380,23862.27736670175
4381,510.5051732159916
4382,0
4383,277.54132412544794
4384,36326.19108400807
4385,0
4386,11903.683345936763
4387,92.00770632045507
4388,3048.4169535930423
4389,20127
4390,0
4391,24325.284109472166
4392,17370.704844355423
4393,0
4394,0
4395,32649.449635868128
4396,1078.2762166270575
4397,1156.9189401756307
4398,230.05501863844563
4399,42417.22074671913
4400,927.5461082479543
4401,565.709782528995
4402,13487.440912505761
4403,28586.645672360806
4404,93.45418745447888
4405,147.35414368973602
4406,583.98674321922
4407,220.26687560490706
4408,0
4409,90.93224534342711
4410,326.203266585679
4411,491.8088400120902
4412,865.7762893859849
4413,503.62978584521466
4414,0
4415,92.87652006866615
4416,0
4417,137.77202562319766
4418,807.1968111729648
4419,3231.09780014069
4420,587.1364113991397
4421,1573.1790844388156
4422,6292.543882395487
4423,0
4424,44700
4425,21080.264225080922
4426,26922.42975831751
4427,532.7559130819008
4428,29313.88999065749
4429,9868.78604866036
4430,154.5446879524082
4431,441.5666067798538
4432,0
4433,51261.98352618622
4434,167.8061717254842
4435,435.8590908840928
4436,91.26895535737125
4437,0
4438,326.10585350399083
4439,131.8955068860199
4440,74826
4441,570.5903348725855
4442,51595.83019081257
4443,467.09633695478993
4444,41291.99674523826
4445,104.02354825090598
4446,57.22005044282719
4447,21371.861802843414
4448,391.4890010649721
4449,122.95415891828674
4450,0
4451,995.3274334193743
4452,11043.195471428346
4453,70.69528866341852
4454,53.034843175367904
4455,0
4456,326.07572768155904
4457,458.25540765883505
4458,163.14499634475266
4459,75.27780837691759
4460,281.62060771260195
4461,39100
4462,2726.1553344629283
4463,190501.90816838603
4464,0
4465,47525.3540174657
4466,305.3006235301868
4467,27653
4468,0
4469,0
4470,2228.2272303229283
4471,0
4472,0
4473,2628.8594300823434
4474,1454.6596245480653
4475,266.9149684651888
4476,191.80040210978632
4477,1324.9740302473228
4478,17388
4479,0
4480,490.6959761873825
4481,385.3174196854545
4482,0
4483,1361.1880918802478
4484,317.63966573182876
4485,65.8765020229051
4486,0
4487,139.6203247680053
4488,108.82414101026706
4489,49.663033909725534
4490,91.73631782481519
4491,351.8470580872551
4492,49.33169147218589
4493,321.25133844931906
4494,10952.166881994672
4495,1160.09007623876
4496,249.9259896524408
4497,199.21844038587938
4498,0
4499,69.37060193831275
4500,113.43261840660446
4501,361.3073758258492
4502,432.6839229245485
4503,152.22001362767352
4504,1105.6057392435148
4505,0
4506,72.63740701775538
4507,0
4508,0
4509,0
4510,185.73744138725166
4511,0
4512,131.31582193705333
4513,869.8344521259692
4514,0
4515,62.9538922429331
4516,81123.69512729808
4517,115.42938987977
4518,74.8062995531756
4519,151.53013951432555
4520,162.96165094491397
4521,0
4522,0
4523,0
4524,0
4525,0
4526,0
4527,0
4528,34534.3821601214
4529,31600.175974695678
4530,0
4531,0
4532,24313.280278554186
4533,68.03809605921647
4534,30886
4535,30886
4536,148.85609063047403
4537,0
4538,37.00377367819704
4539,19044.21379674647
4540,0
4541,0
4542,107.50864768544912
4543,0
4544,322.0936247520466
4545,20441.52519838586
4546,126.22843551752025
4547,98.48835630801739
4548,164.23009495031488
4549,0
4550,23300.572569460193
4551,4576.554022735338
4552,12.633530081552848
4553,9395.019613273656
4554,0
4555,97.47570049862084
4556,0
4557,0
4558,589.368464670944
4559,144.89166688477016
4560,756.7746898132525
4561,125.84458372864333
4562,12.50348468454023
4563,18000
4564,1021.2556497760569
4565,3777.5856090233433
4566,169.9563163158354
4567,398.34165758889696
4568,3174.6818008977552
4569,0
4570,0
4571,0
4572,16092.308283608922
4573,287.2634289897445
4574,45.976722375592296
4575,11001
4576,0
4577,0
4578,0
4579,0
4580,0
4581,0
4582,0
4583,0
4584,808.7931698717821
4585,726.5307894575035
4586,0
4587,52728.55939722152
4588,395.95945585862097
4589,0
4590,0
4591,440.8695784675417
4592,43144.71775221252
4593,429.0706641612879
4594,0
4595,131.51507534842543
4596,0
4597,0
4598,0
4599,77.94230872181907
4600,60.4194259171722
4601,18998
4602,306.6446245492534
4603,21925
4604,144.2523886724572
4605,499.9202866493474
4606,18264
4607,132.65855149831702
4608,530.2332066871974
4609,627.3079613316085
4610,32163.432770530355
4611,67.02985532933991
4612,448.7310194664496
4613,5.598847146924781
4614,160.53101110786585
4615,67.49074487648394
4616,25055.06651216284
4617,3119.7183930122064
4618,0
4619,28407.134183282935
4620,1894.247066107947
4621,60.234513679872826
4622,1164.173382478447
4623,13449.038128161696
4624,12.425556693889623
4625,69.23979665350706
4626,318.2491948101841
4627,19235.805571784636
4628,0
4629,784.6869210134143
4630,2670.23794871859
4631,503.69307997298375
4632,118.77719704671108
4633,99.89737970663633
4634,150.32680016005904
4635,97.22784515935308
4636,272.19232973735063
4637,0
4638,143.35373865476666
4639,20786.521163142876
4640,280.3581757413494
4641,64997.179316381065
4642,13688.040680937767
4643,692.888044327136
4644,374.10652297241217
4645,10721.80458540941
4646,5576.925424751455
4647,18387.954305187515
4648,733.981351448142
4649,13179.175756003959
4650,676.2545017329918
4651,21362.260082174525
4652,0
4653,70.78307838401119
4654,160.7240604537781
4655,21287
4656,50.908164245469635
4657,24392
4658,213.2345044218597
4659,509.83011274796166
4660,981.4382003464245
4661,30.859089315588427
4662,121.0515298209128
4663,35.79693167882233
4664,14407.172999327457
4665,22176.81451006085
4666,29900.22662682552
4667,442.6538026293758
4668,8.96998370448936
4669,115.94644169042374
4670,49.07219667911775
4671,138.43215705326824
4672,25.959042242859194
4673,58.114283955512775
4674,149.16281377106637
4675,16259
4676,149.3422439421049
4677,0
4678,605.4728287513167
4679,110.51116142322661
4680,4760.557376383665
4681,0
4682,94.34735394540186
4683,28.7808163484531
4684,0
4685,1339.575187063602
4686,0
4687,41972
4688,0
4689,131.54079082210254
4690,404.35748698296
4691,0
4692,12201
4693,92.82128332007336
4694,0
4695,15056
4696,0
4697,802.6073577619399
4698,0
4699,458.436195281209
4700,558.5756467905785
4701,6248.305295520618
4702,13961.402829144268
4703,119.72455625518454
4704,45.181162791464345
4705,11395.34809511664
4706,6.9142365338029395
4707,2302.3293541710796
4708,46981
4709,1210.4811306876572
4710,132.9279424884433
4711,52.08263901294175
4712,792.4767093117592
4713,393.75525274884103
4714,48.42394698385095
4715,59.4136803816324
4716,2227.406008715864
4717,63743
4718,43709
4719,229.6959287457336
4720,5755.386221016104
4721,245422.45134628046
4722,52.61394945971212
4723,481.54152476727046
4724,18222
4725,19.056764107850867
4726,0
4727,686.7072446787597
4728,665.5528876860778
4729,73.87255813765736
4730,272.9846532041927
4731,941.391048386157
4732,0
4733,78.06450980538575
4734,0
4735,14882
4736,203.98938699643864
4737,298.85111764566426
4738,33005.25103061766
4739,80.85987218363789
4740,1369.3704897223197
4741,119.11040704696047
4742,0
4743,165.04225987801723
4744,103.05191041507734
4745,292.19486627692413
4746,31663.976714740016
4747,17892.874017909024
4748,26125.278425584074
4749,5465.454391858344
4750,0
4751,80.200565910904
4752,313.43929940849165
4753,216.88800521867475
4754,37.414506604393054
4755,4054.2740992706404
4756,35.36345648973074
4757,2904.086518293109
4758,120.88254121137271
4759,180.6529493333183
4760,0
4761,232.12858544613206
4762,0
4763,49.660093252936235
4764,0
4765,214.35179691371118
4766,11306
4767,66.12441392281231
4768,15284.830499662032
4769,4936.030083568887
4770,32519.139160476378
4771,87.29206000989092
4772,305.03974245136374
4773,506.9300676599507
4774,17739.749844609683
4775,84210.0682037872
4776,12041.196627980935
4777,0
4778,6946.478397715574
4779,674.6936755546553
4780,171.84479942263889
4781,16657.137878369616
4782,25.441572044022372
4783,26845
4784,25.043361847473083
4785,152.67316205981888
4786,0
4787,62.4161612667074
4788,671.9400855394074
4789,14580
4790,136.67677038557412
4791,196.15845238433081
4792,1351.0180470867717
4793,77.19963585747374
4794,22122.039358275735
4795,411.0959285894957
4796,9886.430984050941
4797,4564.142887112994
4798,22947
4799,28.38173099542269
4800,30899.105270159303
4801,182693.76145072136
4802,17741.274917301784
4803,1137.222136111888
4804,12398
4805,136.76308014213058
4806,24008.304758309227
4807,11459.352573571281
4808,993.475283710825
4809,330.36793982864833
4810,996.7501861234225
4811,68.96530565100122
4812,31.192058005563098
4813,166.63559561753775
4814,0
4815,9.300290368819546
4816,0
4817,40.373056492672966
4818,15512.117699946324
4819,199.8186870268842
4820,73.36197105507703
4821,12652.723970990137
4822,22745.658858288945
4823,22278.086078538334
4824,22842.203866060452
4825,1783.6770536073132
4826,59.781911281430645
4827,29075.88543408693
4828,816.1572564985652
4829,20159.14749963922
4830,202.75098392229324
4831,68.4241976396291
4832,607.0807175911921
4833,20023.376774639943
4834,512.6414412428495
4835,38234.20767339031
4836,0
4837,0
4838,523.8791744470747
4839,378.5539030908576
4840,399.72829905710637
4841,392.1702442617409
4842,0
4843,160.1936097229775
4844,0
4845,41.05993508703233
4846,467.69954500281955
4847,118.85249213315568
4848,97221.90314280622
4849,94.48643966352704
4850,58.2621496309062
4851,74.59321473945229
4852,14067.740930237991
4853,13004.63772520146
4854,2626
4855,156.24939767929953
4856,162.3230149010012
4857,1308.224753626609
4858,1324.566566114373
4859,19689.586375439085
4860,87.15343971257072
4861,553.4160650369148
4862,730.0535787051874
4863,1130.12885431413
4864,88052.49293788178
4865,3341.681288124856
4866,16346.027194339551
4867,448.7901528287863
4868,715.1146044868108
4869,298.40162951416414
4870,45.116012330489056
4871,46.43139064763999
4872,546.824996015144
4873,6413.961338653676
4874,0
4875,0
4876,598.8358524871724
4877,33.40257385587493
4878,0
4879,925.2014953745975
4880,8334.03119146022
4881,45.49429626856823
4882,21.878165586215502
4883,5164.4304328779845
4884,13315.594593625181
4885,204.6364483619218
4886,462.2303098342821
4887,307.6878051578835
4888,0
4889,18923.925439372262
4890,882.0487344539206
4891,81.59241276093694
4892,54.24795454662498
4893,28367.94077299665
4894,30848.88249753735
4895,13150.275908853375
4896,234079.38167106663
4897,602.4389576369546
4898,25895.02502836381
4899,33800.27253627474
4900,1665.4995856771752
4901,457.94257021926666
4902,272.91671220930755
4903,63.72445671591168
4904,7952.2063821477195
4905,222981.62704420925
4906,856.2938656474624
4907,47630
4908,25889.890141114436
4909,166.6807799789091
4910,1575.3612766948277
4911,24387.677193530173
4912,13906.314168297837
4913,127.8269998834801
4914,10048.297476245662
4915,987.8447412249614
4916,19446.043895310628
4917,81.99431172031188
4918,13580.0496181627
4919,47.56593187502863
4920,40.639772187813875
4921,83.32119171375989
4922,33359.666005518986
4923,585.7511924815552
4924,733.5540825477094
4925,29837
4926,206.06157158291404
4927,207.5853511390719
4928,891.8948242981432
4929,14744
4930,9344.899723055685
4931,0
4932,426.642163209266
4933,67.95765473735821
4934,160.51786997379085
4935,112500
4936,23347.364455918516
4937,372.6065309317012
4938,60.605395418935046
4939,380.1858520222139
4940,108.02089719498022
4941,361.52424773866824
4942,6182.8109678257015
4943,326.05256491975155
4944,16724.353940416448
4945,13455.229154845916
4946,232631.3187466306
4947,4131.0625609098215
4948,1100.9655479068329
4949,0
4950,0
4951,55.991936880602744
4952,0
4953,325.8515901834818
4954,466.5243305411756
4955,218.51987330673205
4956,525.0928013851363
4957,39.126009935801825
4958,0
4959,33029
4960,28.47590881990481
4961,116.25179023464534
4962,3627.9895956546143
4963,0
4964,0
4965,131.10236054813362
4966,122.23143313386711
4967,47544
4968,47544
4969,396.8372468570368
4970,0
4971,262.9067539101011
4972,110.87663926042411
4973,0
4974,0
4975,0
4976,0
4977,0
4978,604.5096029435067
4979,0
4980,985.0637390098191
4981,78.79265332743378
4982,162.72191262300646
4983,240.19217494758283
4984,0
4985,13243.20393637677
4986,87.77517556347784
4987,0
4988,43.76701768972944
4989,3185.229938252794
4990,118.43493918461014
4991,554.0858499992734
4992,672.4963719016216
4993,132.006746832842
4994,96.83545071027274
4995,411.7204068337962
4996,67148.3383729421
4997,51690.72785018719
4998,766.3083542883883
4999,614.3936122812448
5000,88708.62875072085
