object_id,wildfire_risk
1,148.3684210526316
2,200.859649122807
3,84.14814814814815
4,35.40350877192982
5,123.55357142857143
6,188.26415094339623
7,204.29090909090908
8,164.56140350877192
9,256.35714285714283
10,434.92857142857144
11,313.25454545454545
12,1254.351851851852
13,82.47368421052632
14,444.76363636363635
15,101.50877192982456
16,43.035714285714285
17,465.82456140350877
18,128.12280701754386
19,57.8421052631579
20,344.74545454545455
21,14.824561403508772
22,0
23,1961.7719298245613
24,94.36363636363636
25,84.70689655172414
26,112.21428571428571
27,192.05357142857142
28,4530.877192982456
29,417.12068965517244
30,183.55555555555554
31,142.78571428571428
32,768.561403508772
33,725.3508771929825
34,26.07017543859649
35,40.175438596491226
36,35.654545454545456
37,62.25
38,186
39,845.6428571428571
40,114.71929824561404
41,79.8
42,123.15517241379311
43,71.84210526315789
44,1213.392857142857
45,423.63793103448273
46,599.6842105263158
47,181.28571428571428
48,374.5
49,243.47169811320754
50,1091.2592592592594
51,132.67307692307693
52,402.7413793103448
53,168.6551724137931
54,420.6545454545454
55,2108.309090909091
56,214.3684210526316
57,549.9285714285714
58,113.11111111111111
59,78.65517241379311
60,275.7368421052632
61,1447.982142857143
62,42.410714285714285
63,51.8421052631579
64,95.0701754385965
65,97.33333333333333
66,6193.345454545454
67,819.2592592592592
68,1135.5263157894738
69,368.8965517241379
70,275.5660377358491
71,85.92727272727272
72,149.24561403508773
73,454.9122807017544
74,4.892857142857143
75,91.89090909090909
76,4.724137931034483
77,407.0576923076923
78,58.63157894736842
79,339.140350877193
80,8.53448275862069
81,104.47272727272727
82,23.508474576271187
83,221.91379310344828
84,104.42857142857143
85,79.78947368421052
86,117.07407407407408
87,104.96363636363637
88,96.94545454545455
89,940.6034482758621
90,18.836363636363636
91,288.4642857142857
92,268.86538461538464
93,145.76785714285714
94,209.55555555555554
95,331.0740740740741
96,285.62068965517244
97,414.68518518518516
98,35.05357142857143
99,72.98214285714286
100,1322.4912280701753
101,101.29310344827586
102,114.5
103,8768.689655172413
104,1813.709090909091
105,199.0344827586207
106,509.94642857142856
107,93.27272727272727
108,122.82692307692308
109,1095.9454545454546
110,174.78571428571428
111,211.5344827586207
112,7485.517241379311
113,189.08928571428572
114,120.49122807017544
115,7556.018181818182
116,1750.2857142857142
117,430.54237288135596
118,278.96363636363634
119,579.0925925925926
120,306.1090909090909
121,735.290909090909
122,132.9814814814815
123,1551.6727272727273
124,898.6909090909091
125,434.3392857142857
126,1262.4464285714287
127,127.78571428571429
128,321.8181818181818
129,896.3214285714286
130,687.1428571428571
131,336.5964912280702
132,428.9642857142857
133,4.836363636363636
134,133.89655172413794
135,4.444444444444445
136,86.32758620689656
137,154.27777777777777
138,1283.9814814814815
139,126.85714285714286
140,43.41379310344828
141,103.81818181818181
142,110.07407407407408
143,2461.6315789473683
144,247.52631578947367
145,1249.8181818181818
146,1136.581818181818
147,98.08771929824562
148,77.23214285714286
149,95.85185185185185
150,124.92727272727272
151,1130.3333333333333
152,817.9272727272727
153,37.375
154,1828.9464285714287
155,883.9285714285714
156,321.35714285714283
157,116.98245614035088
158,258.92452830188677
159,568.719298245614
160,370.55357142857144
161,598.7321428571429
162,118.37037037037037
163,94.15094339622641
164,121.43636363636364
165,574.9655172413793
166,214.91379310344828
167,259.3333333333333
168,113.81481481481481
169,174.7962962962963
170,199.89655172413794
171,188.01754385964912
172,634.8421052631579
173,589.8181818181819
174,172.64406779661016
175,175.1551724137931
176,137.20338983050848
177,3930.206896551724
178,38.370370370370374
179,137.7017543859649
180,132.11111111111111
181,118.58928571428571
182,188.94545454545454
183,87.96296296296296
184,102.91379310344827
185,208.69642857142858
186,49.70909090909091
187,142.26785714285714
188,153.41071428571428
189,178.96363636363637
190,140.68965517241378
191,204.87037037037038
192,153.79310344827587
193,110.3103448275862
194,83.98214285714286
195,94.47368421052632
196,101.71929824561404
197,93.57894736842105
198,1618.888888888889
199,127.26315789473684
200,466.5263157894737
201,469.32758620689657
202,71.05454545454545
203,365.4035087719298
204,336.07142857142856
205,156.96363636363637
206,95.85714285714286
207,407.85714285714283
208,140.05769230769232
209,166.47272727272727
210,912.1964285714286
211,130.96363636363637
212,126.28070175438596
213,402.96363636363634
214,2892.410714285714
215,100.12727272727273
216,461.94736842105266
217,161
218,117.47272727272727
219,4081.714285714286
220,27.607142857142858
221,54.18181818181818
222,100.73684210526316
223,77.01754385964912
224,95.32727272727273
225,86.94827586206897
226,306.7962962962963
227,25.87719298245614
228,14.127272727272727
229,103.91379310344827
230,59.74074074074074
231,4.875
232,21.517857142857142
233,244.20689655172413
234,281.9107142857143
235,322.74545454545455
236,494.76363636363635
237,603.3571428571429
238,11.46551724137931
239,8.703703703703704
240,191.94642857142858
241,141.64150943396226
242,1106.3076923076924
243,1049.7413793103449
244,1903.8070175438597
245,8.464285714285714
246,12.947368421052632
247,125.63793103448276
248,126.21428571428571
249,83
250,190.60714285714286
251,341.50877192982455
252,877.625
253,17.454545454545453
254,57.785714285714285
255,375.13793103448273
256,636.6315789473684
257,802.4736842105264
258,16.01818181818182
259,14.181818181818182
260,20.196428571428573
261,35.48148148148148
262,222.94642857142858
263,0
264,0
265,36.660714285714285
266,110.71428571428571
267,23.163636363636364
268,52.42857142857143
269,7.5636363636363635
270,148.38181818181818
271,317.94545454545454
272,8.092592592592593
273,28.64814814814815
274,139.4181818181818
275,9.491228070175438
276,51.160714285714285
277,61.40350877192982
278,17.53448275862069
279,7.910714285714286
280,10.732142857142858
281,14.173076923076923
282,4.614035087719298
283,150.23214285714286
284,22.413793103448278
285,189.78181818181818
286,61
287,89.375
288,28.896551724137932
289,246.06896551724137
290,177.26315789473685
291,57.08771929824562
292,189.5084745762712
293,140.56363636363636
294,31.12727272727273
295,36.092592592592595
296,32.35087719298246
297,192.35185185185185
298,39.017857142857146
299,49.36842105263158
300,53.01754385964912
301,30.285714285714285
302,44.78181818181818
303,77.2
304,66.43103448275862
305,55.945454545454545
306,29.53448275862069
307,47.339285714285715
308,59.96551724137931
309,76.6896551724138
310,12.018181818181818
311,34.074074074074076
312,36.01923076923077
313,50.05357142857143
314,25.87037037037037
315,10.690909090909091
316,275.5964912280702
317,27.19298245614035
318,98.66101694915254
319,115.67241379310344
320,24.436363636363637
321,65.14545454545454
322,74.23076923076923
323,29.79310344827586
324,46.925925925925924
325,66.05454545454545
326,37.70175438596491
327,90.28070175438596
328,5.3090909090909095
329,23.913793103448278
330,54.410714285714285
331,81.58620689655173
332,19.666666666666668
333,27.87272727272727
334,56.357142857142854
335,69.52631578947368
336,114.61016949152543
337,32.05172413793103
338,72.12280701754386
339,40.345454545454544
340,6.017857142857143
341,84.85185185185185
342,34.111111111111114
343,14.625
344,30.964912280701753
345,74.36363636363636
346,176.85185185185185
347,112.78947368421052
348,15.115384615384615
349,34.285714285714285
350,47.46296296296296
351,18.839285714285715
352,194.62264150943398
353,0
354,84.10344827586206
355,19.862068965517242
356,20.210526315789473
357,0
358,30.285714285714285
359,12.703703703703704
360,2.4035087719298245
361,48.67857142857143
362,17.275862068965516
363,7.421052631578948
364,7.625
365,2.7719298245614037
366,36.127272727272725
367,15.436363636363636
368,20.942307692307693
369,58.09090909090909
370,3.2857142857142856
371,22.410714285714285
372,13.482142857142858
373,19.857142857142858
374,35.03448275862069
375,7.535714285714286
376,10.403508771929825
377,11.824561403508772
378,10.39655172413793
379,3.56140350877193
380,19.54385964912281
381,10.944444444444445
382,47.01754385964912
383,16.381818181818183
384,311.4
385,68.15789473684211
386,11.824561403508772
387,18.589285714285715
388,67.46428571428571
389,23.642857142857142
390,156.21428571428572
391,68.36842105263158
392,25.946428571428573
393,26.14814814814815
394,157.75862068965517
395,13.722222222222221
396,26.839285714285715
397,170.47368421052633
398,93.17857142857143
399,20.614035087719298
400,25.527272727272727
401,36.48148148148148
402,26.63157894736842
403,5.714285714285714
404,260.30357142857144
405,121.86206896551724
406,25.157894736842106
407,5.555555555555555
408,42.30909090909091
409,18.810344827586206
410,224.51724137931035
411,28.490909090909092
412,25.053571428571427
413,113.16071428571429
414,9.192982456140351
415,23.96551724137931
416,11.982758620689655
417,28.63157894736842
418,18.80701754385965
419,13.777777777777779
420,6.589285714285714
421,566.6607142857143
422,191.375
423,81.83928571428571
424,12.31578947368421
425,19.82456140350877
426,9.807017543859649
427,87.07272727272728
428,119.13793103448276
429,50.77777777777778
430,157.4909090909091
431,131.3272727272727
432,173.6206896551724
433,202.92727272727274
434,64.83928571428571
435,85.87272727272727
436,38.107142857142854
437,15.785714285714286
438,7.732142857142857
439,29.473684210526315
440,17.666666666666668
441,37.375
442,26.72222222222222
443,66.75438596491227
444,98.42857142857143
445,60.32727272727273
446,51.21052631578947
447,11.571428571428571
448,22.31578947368421
449,39.41818181818182
450,351.6551724137931
451,25.4
452,185.40384615384616
453,16.87037037037037
454,14.071428571428571
455,41.32142857142857
456,38.78947368421053
457,32.898305084745765
458,41.60344827586207
459,32.771929824561404
460,41.345454545454544
461,80.92857142857143
462,22.714285714285715
463,35.29824561403509
464,406.375
465,17.71186440677966
466,14.803571428571429
467,20.82758620689655
468,32.75438596491228
469,24.87719298245614
470,25.321428571428573
471,7.087719298245614
472,140.41071428571428
473,11.290909090909091
474,16.125
475,384.375
476,24.714285714285715
477,50.526315789473685
478,113.63793103448276
479,32.49122807017544
480,1893.909090909091
481,82.78571428571429
482,60.482142857142854
483,10.054545454545455
484,12.543859649122806
485,468.3272727272727
486,87.80701754385964
487,36.19642857142857
488,49.148148148148145
489,183.83928571428572
490,197.41071428571428
491,271.3454545454546
492,166.07272727272726
493,92.54545454545455
494,260.19642857142856
495,197.98245614035088
496,251.36363636363637
497,21.857142857142858
498,19.09090909090909
499,59.32727272727273
500,42.175438596491226
501,162.10526315789474
502,47.163636363636364
503,238.49122807017545
504,177.25
505,215.39655172413794
506,211.76785714285714
507,25.339285714285715
508,316.07272727272726
509,832.9615384615385
510,13.909090909090908
511,14.913793103448276
512,25.923076923076923
513,37.69642857142857
514,8
515,11.892857142857142
516,19.803571428571427
517,2.7857142857142856
518,20.406779661016948
519,43.12068965517241
520,193.10526315789474
521,137.89655172413794
522,103.16981132075472
523,104.49122807017544
524,425.2241379310345
525,0
526,125.38181818181818
527,11.982758620689655
528,229.57407407407408
529,35.07142857142857
530,19.732142857142858
531,68.33333333333333
532,102.60344827586206
533,29.385964912280702
534,141.39655172413794
535,198.71929824561403
536,115.17857142857143
537,28.857142857142858
538,28.48148148148148
539,35.67272727272727
540,33.482142857142854
541,45.48275862068966
542,21.333333333333332
543,19.836363636363636
544,123.08928571428571
545,13.525423728813559
546,30.666666666666668
547,32.25
548,5.9298245614035086
549,936.8
550,619.8727272727273
551,38.839285714285715
552,20.553571428571427
553,2108.6296296296296
554,121.84210526315789
555,127.36842105263158
556,282.07272727272726
557,15.719298245614034
558,26.357142857142858
559,20.771929824561404
560,66.36842105263158
561,31.01851851851852
562,312.38461538461536
563,1314
564,6.350877192982456
565,23.074074074074073
566,11.642857142857142
567,703.5555555555555
568,23.423076923076923
569,8.649122807017545
570,12.909090909090908
571,17.833333333333332
572,4.607142857142857
573,8.649122807017545
574,10.87719298245614
575,114.72413793103448
576,17.2
577,47.17307692307692
578,129.6851851851852
579,65.42592592592592
580,8.31578947368421
581,14.448275862068966
582,209.08928571428572
583,27.535714285714285
584,89.83636363636364
585,14.169491525423728
586,62.68518518518518
587,53.92307692307692
588,49.19642857142857
589,0
590,4.5964912280701755
591,27.48148148148148
592,42.666666666666664
593,38.55357142857143
594,125.69090909090909
595,29.181818181818183
596,4.642857142857143
597,18.24074074074074
598,24.43859649122807
599,125.5
600,348.70175438596493
601,1524.1272727272728
602,157.35714285714286
603,0
604,12.553571428571429
605,126.01694915254237
606,154.1551724137931
607,5.75
608,15.732142857142858
609,22.413793103448278
610,92.03571428571429
611,2.709090909090909
612,38.8421052631579
613,0
614,88.53448275862068
615,120.12068965517241
616,84.01724137931035
617,9.60344827586207
618,38.81818181818182
619,0
620,27.982142857142858
621,16.38888888888889
622,12.824561403508772
623,15.946428571428571
624,116
625,68.24137931034483
626,17.696428571428573
627,76.63157894736842
628,1.9090909090909092
629,1539.4545454545455
630,67.48148148148148
631,92.76785714285714
632,52.8421052631579
633,24.964285714285715
634,10.428571428571429
635,10.428571428571429
636,18.228070175438596
637,23.74137931034483
638,164.07272727272726
639,50.38181818181818
640,22.982758620689655
641,12.321428571428571
642,116.25
643,32.68518518518518
644,51.96363636363636
645,88.27777777777777
646,16.821428571428573
647,28.56140350877193
648,1.8421052631578947
649,95.80357142857143
650,39.91379310344828
651,4.928571428571429
652,116.30508474576271
653,5.0181818181818185
654,76.82142857142857
655,142.44827586206895
656,54.224137931034484
657,28.74137931034483
658,70.67307692307692
659,266.6034482758621
660,65.05263157894737
661,128.4655172413793
662,100.63157894736842
663,19.90909090909091
664,15.892857142857142
665,453.92727272727274
666,1155.75
667,9.912280701754385
668,8.660714285714286
669,54.77777777777778
670,13.596491228070175
671,45.09090909090909
672,315.1034482758621
673,78.01754385964912
674,4.4
675,29.607142857142858
676,29.087719298245613
677,19.462962962962962
678,812.1964285714286
679,119.35714285714286
680,161.58928571428572
681,31.50943396226415
682,82.85185185185185
683,26.464285714285715
684,30.25423728813559
685,27.736842105263158
686,33.6140350877193
687,21.29310344827586
688,29.785714285714285
689,111.98181818181818
690,50.775862068965516
691,56.648148148148145
692,32.59649122807018
693,47.410714285714285
694,49.78947368421053
695,179.51923076923077
696,29.56896551724138
697,34.56140350877193
698,153.62962962962962
699,13.763636363636364
700,29.527272727272727
701,28.228070175438596
702,15.327272727272728
703,12.24561403508772
704,59.55357142857143
705,22.73076923076923
706,20.63157894736842
707,419.64285714285717
708,3.392857142857143
709,24.535714285714285
710,11.824561403508772
711,11.410714285714286
712,8.089285714285714
713,70.91379310344827
714,15.345454545454546
715,14.87719298245614
716,3.4727272727272727
717,7.928571428571429
718,17.894736842105264
719,2.9615384615384617
720,7.054545454545455
721,154.63793103448276
722,101.80357142857143
723,7.928571428571429
724,22.38888888888889
725,166.4
726,9.035087719298245
727,33.857142857142854
728,49
729,8.145454545454545
730,26.321428571428573
731,66.10714285714286
732,28.946428571428573
733,77.47272727272727
734,43.6
735,57.471698113207545
736,48.107142857142854
737,97.2280701754386
738,3.9482758620689653
739,6.620689655172414
740,56.689655172413794
741,48.410714285714285
742,169.74576271186442
743,22.196428571428573
744,17.037037037037038
745,58.50877192982456
746,80.01754385964912
747,315.07142857142856
748,2.0526315789473686
749,43.73684210526316
750,15.618181818181819
751,40
752,87.25862068965517
753,65.42105263157895
754,3.3076923076923075
755,254.0909090909091
756,57.280701754385966
757,595.0545454545454
758,0
759,2.56140350877193
760,0
761,5.25
762,236.83636363636364
763,806.3653846153846
764,0
765,118.16071428571429
766,21.254545454545454
767,11.775862068965518
768,13.928571428571429
769,33.43636363636364
770,12.368421052631579
771,20.333333333333332
772,90.56363636363636
773,32.89655172413793
774,57.142857142857146
775,74.81818181818181
776,12.087719298245615
777,107.44067796610169
778,46.857142857142854
779,76.4
780,50.925925925925924
781,4.052631578947368
782,178.17241379310346
783,18.649122807017545
784,194.91071428571428
785,31.821428571428573
786,55.763636363636365
787,2.736842105263158
788,50.8448275862069
789,440.7857142857143
790,21.418181818181818
791,163.22413793103448
792,123.57142857142857
793,23.614035087719298
794,53.55172413793103
795,90.8103448275862
796,66.63157894736842
797,12.037735849056604
798,222.19642857142858
799,423.7894736842105
800,204.94736842105263
801,41.351851851851855
802,22.224137931034484
803,14.610169491525424
804,28.089285714285715
805,263.9259259259259
806,60.68421052631579
807,121.79629629629629
808,110.16071428571429
809,21.912280701754387
810,0
811,134.4561403508772
812,337.7068965517241
813,279.94444444444446
814,0
815,156.92592592592592
816,36.285714285714285
817,53.089285714285715
818,70.89090909090909
819,4.345454545454546
820,24.763636363636362
821,66.53703703703704
822,4.267857142857143
823,54.392857142857146
824,100.67857142857143
825,305.5892857142857
826,50.78181818181818
827,4.345454545454546
828,4.192982456140351
829,307.3076923076923
830,171.3684210526316
831,87.50877192982456
832,1469.9642857142858
833,0
834,447.06779661016947
835,0
836,404.3272727272727
837,148.8148148148148
838,214.19298245614036
839,0
840,38.13461538461539
841,22.303571428571427
842,15.909090909090908
843,198.71929824561403
844,93.17543859649123
845,297.3636363636364
846,22.160714285714285
847,51.67272727272727
848,81.22222222222223
849,15.982142857142858
850,9.12962962962963
851,135.64285714285714
852,245.57627118644066
853,11.589285714285714
854,15.701754385964913
855,45.45454545454545
856,197.05357142857142
857,8.596491228070175
858,180.03508771929825
859,299.5
860,8.4
861,21.775862068965516
862,0
863,28.51851851851852
864,261.94827586206895
865,46.4
866,34
867,0
868,0
869,8.25
870,0
871,29.842105263157894
872,30.375
873,36.49090909090909
874,83.79310344827586
875,178.3684210526316
876,7.290909090909091
877,18.137931034482758
878,230.06896551724137
879,0
880,0
881,11.982456140350877
882,193.84745762711864
883,120.51785714285714
884,3.8
885,0
886,2.7758620689655173
887,2.9814814814814814
888,0
889,0
890,0
891,0
892,7.482142857142857
893,129.71428571428572
894,121.83928571428571
895,55.01754385964912
896,2.0714285714285716
897,0
898,0
899,11.017543859649123
900,0
901,39.86206896551724
902,54.06896551724138
903,21.178571428571427
904,0
905,3.4909090909090907
906,7.017241379310345
907,27.232142857142858
908,44.017857142857146
909,9.931034482758621
910,0
911,0
912,0
913,195.1551724137931
914,24.071428571428573
915,26.875
916,10.285714285714286
917,25.943396226415093
918,33.78947368421053
919,8.518518518518519
920,8.214285714285714
921,0
922,8.192982456140351
923,0
924,42.56140350877193
925,345.0181818181818
926,49.473684210526315
927,53.45614035087719
928,15.236363636363636
929,8.846153846153847
930,0
931,0
932,0
933,25.29310344827586
934,356.2857142857143
935,114.30357142857143
936,44.19642857142857
937,10.649122807017545
938,12.087719298245615
939,0
940,109.63793103448276
941,63.94642857142857
942,22.70909090909091
943,7.862068965517241
944,4.448275862068965
945,201.73684210526315
946,85.2280701754386
947,40.142857142857146
948,0
949,0
950,0
951,0
952,4.526315789473684
953,27.2
954,0
955,60.4
956,93.45614035087719
957,89.50877192982456
958,118.41818181818182
959,10.741379310344827
960,0
961,0
962,0
963,95.2280701754386
964,77.68518518518519
965,0
966,15.472727272727273
967,26.089285714285715
968,30.946428571428573
969,0
970,0
971,0
972,11.50909090909091
973,4.607142857142857
974,9.672727272727272
975,6.175438596491228
976,12.385964912280702
977,90.9090909090909
978,0
979,0
980,16.232142857142858
981,0
982,13.446428571428571
983,3.0526315789473686
984,3.1636363636363636
985,93.30357142857143
986,7.333333333333333
987,34.19298245614035
988,3
989,201.83928571428572
990,18.446428571428573
991,2.5454545454545454
992,13.948275862068966
993,26.17241379310345
994,0
995,0
996,4.607142857142857
997,12.071428571428571
998,0
999,65.43636363636364
1000,6.142857142857143
1001,0
1002,0
1003,62.08771929824562
1004,2.709090909090909
1005,14.089285714285714
1006,36.827586206896555
1007,0
1008,178.03571428571428
1009,24.8
1010,25.40740740740741
1011,6.254545454545455
1012,3.267857142857143
1013,3.210526315789474
1014,0
1015,11.127272727272727
1016,2.709090909090909
1017,62.64912280701754
1018,7.872727272727273
1019,24.678571428571427
1020,195.0701754385965
1021,231.57894736842104
1022,51.70175438596491
1023,41.763636363636365
1024,65.0701754385965
1025,47.29090909090909
1026,49.08620689655172
1027,38.83018867924528
1028,36.10526315789474
1029,22.982456140350877
1030,0
1031,0
1032,13.892857142857142
1033,0
1034,28.69090909090909
1035,10.867924528301886
1036,44.642857142857146
1037,44.67857142857143
1038,49.29824561403509
1039,10.285714285714286
1040,13.945454545454545
1041,30.589285714285715
1042,12.722222222222221
1043,49.41818181818182
1044,10.285714285714286
1045,10.732142857142858
1046,0
1047,175.75862068965517
1048,164.77777777777777
1049,170.07272727272726
1050,105.67857142857143
1051,43.035714285714285
1052,69.0701754385965
1053,2.814814814814815
1054,6.074074074074074
1055,0
1056,8.6610169491525415
1057,138.24074074074073
1058,60.357142857142854
1059,68.42592592592592
1060,15.12280701754386
1061,6.074074074074074
1062,9.964285714285714
1063,41.473684210526315
1064,39.82142857142857
1065,21.160714285714285
1066,64.30357142857143
1067,21.614035087719298
1068,36.07142857142857
1069,2.9285714285714284
1070,0
1071,10.526315789473685
1072,91.41379310344827
1073,40.09090909090909
1074,10.642857142857142
1075,0
1076,21.017543859649123
1077,42.24561403508772
1078,48.035714285714285
1079,45.163636363636364
1080,73.82456140350877
1081,0
1082,97.05263157894737
1083,39.45454545454545
1084,51.43859649122807
1085,62.758620689655174
1086,2.909090909090909
1087,49.96363636363636
1088,25.228070175438596
1089,74.625
1090,11.035087719298245
1091,28.875
1092,10.719298245614034
1093,14.232142857142858
1094,2.732142857142857
1095,17.527272727272727
1096,107.58928571428571
1097,18.11111111111111
1098,19.178571428571427
1099,71.66666666666667
1100,12.927272727272728
1101,0
1102,64.91379310344827
1103,7.214285714285714
1104,18.033898305084747
1105,17.157894736842106
1106,27.527272727272727
1107,26.927272727272726
1108,24
1109,118.72413793103448
1110,38.49122807017544
1111,13.017857142857142
1112,7.481481481481482
1113,4.140350877192983
1114,77.53703703703704
1115,13.859649122807017
1116,10.818181818181818
1117,10.43859649122807
1118,27.94736842105263
1119,33.345454545454544
1120,58.36842105263158
1121,21.736842105263158
1122,8.722222222222221
1123,41.981818181818184
1124,12.206896551724139
1125,91.14545454545454
1126,14.462962962962964
1127,0
1128,50.92857142857143
1129,17.305084745762713
1130,2.8214285714285716
1131,13.875
1132,38.527272727272724
1133,135.18965517241378
1134,34.280701754385966
1135,31.537037037037038
1136,5.745454545454545
1137,7.277777777777778
1138,41.107142857142854
1139,72.98214285714286
1140,34.892857142857146
1141,33.44642857142857
1142,147.59649122807016
1143,45.472727272727276
1144,44.775862068965516
1145,31.50943396226415
1146,16.785714285714285
1147,36.8
1148,8.333333333333334
1149,42.107142857142854
1150,42.578947368421055
1151,10.777777777777779
1152,53.714285714285715
1153,7.568965517241379
1154,26.64814814814815
1155,197.10344827586206
1156,80.28571428571429
1157,39.54385964912281
1158,16.63157894736842
1159,33.55555555555556
1160,14.574074074074074
1161,38
1162,86.55172413793103
1163,86.82142857142857
1164,114.46296296296296
1165,45.732142857142854
1166,17.375
1167,38.111111111111114
1168,16.166666666666668
1169,112.33928571428571
1170,24.140350877192983
1171,224.26415094339623
1172,13.543859649122806
1173,11.140350877192983
1174,123.63157894736842
1175,134.19642857142858
1176,49.771929824561404
1177,5.553571428571429
1178,14.036363636363637
1179,17.418181818181818
1180,95.63636363636364
1181,30.836363636363636
1182,28.25925925925926
1183,29.678571428571427
1184,30.303571428571427
1185,202.4814814814815
1186,34.410714285714285
1187,57.724137931034484
1188,17.879310344827587
1189,30.545454545454547
1190,55.280701754385966
1191,86.05454545454545
1192,90.87719298245614
1193,44.1578947368421
1194,48.08771929824562
1195,114.71929824561404
1196,106.64285714285714
1197,96.25454545454545
1198,24.5
1199,113.30909090909091
1200,21.64814814814815
1201,13.982142857142858
1202,8.929824561403509
1203,24.140350877192983
1204,5.444444444444445
1205,27.06779661016949
1206,18.51851851851852
1207,10.454545454545455
1208,20.767857142857142
1209,76.14545454545454
1210,56.851851851851855
1211,57.17857142857143
1212,22.314814814814813
1213,16.79310344827586
1214,6.527272727272727
1215,137.76785714285714
1216,39.05263157894737
1217,34.05172413793103
1218,2.272727272727273
1219,20.214285714285715
1220,127.14814814814815
1221,0
1222,47.89655172413793
1223,32.19642857142857
1224,19.413793103448278
1225,144.59649122807016
1226,2463.3214285714284
1227,6.105263157894737
1228,30.185185185185187
1229,2.5
1230,2.537037037037037
1231,2.5454545454545454
1232,35.41818181818182
1233,3.0350877192982457
1234,13.543859649122806
1235,48.15094339622642
1236,0
1237,22.189655172413794
1238,3.7777777777777777
1239,29.925925925925927
1240,76.23214285714286
1241,6.339285714285714
1242,17.25925925925926
1243,11.50909090909091
1244,100.63157894736842
1245,16.181818181818183
1246,0
1247,32.5
1248,62.60344827586207
1249,18.56140350877193
1250,58.87719298245614
1251,117.46551724137932
1252,37.714285714285715
1253,99.03636363636363
1254,13.982142857142858
1255,6.851851851851852
1256,6.851851851851852
1257,39.25454545454546
1258,17.553571428571427
1259,36.07142857142857
1260,41.25
1261,51.258620689655174
1262,25.72222222222222
1263,16.5
1264,20.254545454545454
1265,103.2280701754386
1266,10.421052631578947
1267,158.31578947368422
1268,3.574074074074074
1269,23.660714285714285
1270,111.03508771929825
1271,13.163636363636364
1272,30.07017543859649
1273,37.27272727272727
1274,20.333333333333332
1275,17.31578947368421
1276,38
1277,44.142857142857146
1278,26.017543859649123
1279,52.03703703703704
1280,39.724137931034484
1281,2.9642857142857144
1282,0
1283,0
1284,39.375
1285,39.160714285714285
1286,0
1287,46.17857142857143
1288,3.290909090909091
1289,26.67241379310345
1290,16.375
1291,3.1206896551724137
1292,35.127272727272725
1293,32.982142857142854
1294,37.1578947368421
1295,25.446428571428573
1296,43.018181818181816
1297,14.37037037037037
1298,45.50877192982456
1299,37.94444444444444
1300,44.90909090909091
1301,77.12280701754386
1302,28.089285714285715
1303,8.333333333333334
1304,79.94736842105263
1305,114.74545454545455
1306,32.267857142857146
1307,16.103448275862068
1308,6.1454545454545455
1309,105.28571428571429
1310,52.698113207547166
1311,778.9137931034483
1312,118.10526315789474
1313,182.74074074074073
1314,13.421052631578947
1315,48.90909090909091
1316,36.75
1317,13.189655172413794
1318,11.267857142857142
1319,6.461538461538462
1320,11.625
1321,0
1322,359.4107142857143
1323,20.620689655172413
1324,46.75925925925926
1325,5.053571428571429
1326,184.71929824561403
1327,111.61818181818182
1328,87.70175438596492
1329,33.19642857142857
1330,117.01754385964912
1331,11.785714285714286
1332,0
1333,2.090909090909091
1334,4.298245614035087
1335,25.70175438596491
1336,17.160714285714285
1337,0
1338,11.035714285714286
1339,8.491228070175438
1340,20.68421052631579
1341,1.9827586206896552
1342,85.63636363636364
1343,0
1344,118.45762711864407
1345,178.10714285714286
1346,8.872727272727273
1347,3.3333333333333335
1348,0
1349,165.76785714285714
1350,167.80701754385964
1351,119.34482758620689
1352,6.327272727272727
1353,127.25454545454545
1354,223.75471698113208
1355,168.92857142857142
1356,8.714285714285714
1357,8.714285714285714
1358,6.228070175438597
1359,8.090909090909092
1360,7.807017543859649
1361,8.981481481481481
1362,23.160714285714285
1363,172.625
1364,7.327272727272727
1365,132.5
1366,36.18181818181818
1367,2.9298245614035086
1368,47.44827586206897
1369,222.29310344827587
1370,11.482758620689655
1371,46.189655172413794
1372,222.01818181818183
1373,11.303571428571429
1374,5.964285714285714
1375,42.92982456140351
1376,5.859649122807017
1377,16.821428571428573
1378,16.526315789473685
1379,28.29090909090909
1380,71.94444444444444
1381,3.290909090909091
1382,11.10909090909091
1383,90.54385964912281
1384,3.185185185185185
1385,68.40350877192982
1386,106.92857142857143
1387,66.88679245283019
1388,0
1389,3.327272727272727
1390,3.210526315789474
1391,6.107142857142857
1392,122.125
1393,12.407407407407407
1394,0
1395,3.185185185185185
1396,5.912280701754386
1397,2.1964285714285716
1398,14.76271186440678
1399,3.3214285714285716
1400,3.327272727272727
1401,12
1402,12
1403,4.810344827586207
1404,33.280701754385966
1405,49.69642857142857
1406,56.13793103448276
1407,3.3214285714285716
1408,11.625
1409,0
1410,27.24137931034483
1411,11.836363636363636
1412,14.381818181818181
1413,20.105263157894736
1414,6.642857142857143
1415,3.381818181818182
1416,13.75
1417,277.4
1418,6.396551724137931
1419,15.589285714285714
1420,11.844827586206897
1421,14.722222222222221
1422,112.87931034482759
1423,10.351851851851851
1424,20.859649122807017
1425,9.017857142857142
1426,198.76785714285714
1427,224.16363636363636
1428,69.23636363636363
1429,14.12280701754386
1430,0
1431,24.051724137931036
1432,207.50877192982455
1433,163.41071428571428
1434,8.5
1435,20.910714285714285
1436,20.54385964912281
1437,147.92727272727274
1438,2968.9444444444443
1439,3.3214285714285716
1440,8.758620689655173
1441,14.206896551724139
1442,9.75438596491228
1443,8.912280701754385
1444,5.642857142857143
1445,5.448275862068965
1446,11.482142857142858
1447,20.228070175438596
1448,108.64285714285714
1449,12.051724137931034
1450,3.375
1451,3.1724137931034484
1452,12.263157894736842
1453,25.655172413793103
1454,172.1818181818182
1455,113.54545454545455
1456,15.910714285714286
1457,0
1458,12.087719298245615
1459,71.08771929824562
1460,54.763636363636365
1461,37.92857142857143
1462,491
1463,14
1464,6.648148148148148
1465,76.66666666666667
1466,1103.3508771929824
1467,3.392857142857143
1468,1.2363636363636363
1469,32.41379310344828
1470,81.43103448275862
1471,111.85714285714286
1472,2.2586206896551726
1473,0
1474,3.396551724137931
1475,0
1476,9.703703703703704
1477,0
1478,41.05263157894737
1479,3.3333333333333335
1480,3.456140350877193
1481,3.5
1482,12.857142857142858
1483,6.857142857142857
1484,12.892857142857142
1485,0
1486,59.92982456140351
1487,2.125
1488,6.928571428571429
1489,18.120689655172413
1490,26.535714285714285
1491,31.78181818181818
1492,18.637931034482758
1493,5.927272727272728
1494,47.357142857142854
1495,64.46296296296296
1496,13.017857142857142
1497,3.581818181818182
1498,7.017857142857143
1499,17.8135593220339
1500,38.67857142857143
1501,33.625
1502,49.01851851851852
1503,3.517857142857143
1504,10.571428571428571
1505,7.053571428571429
1506,266.55555555555554
1507,12.655172413793103
1508,3.526315789473684
1509,50.40384615384615
1510,44.981818181818184
1511,26.145454545454545
1512,7.444444444444445
1513,31.649122807017545
1514,66.69090909090909
1515,13.563636363636364
1516,28.263157894736842
1517,88.32142857142857
1518,60.527272727272724
1519,166.47368421052633
1520,3.6363636363636362
1521,41.25454545454546
1522,43.23076923076923
1523,62.44827586206897
1524,96.98245614035088
1525,17.48148148148148
1526,27.448275862068964
1527,39.63636363636363
1528,217.63793103448276
1529,0
1530,24.982142857142858
1531,69.44444444444444
1532,1087.8363636363636
1533,36.90909090909091
1534,13.482142857142858
1535,13.482142857142858
1536,17.62962962962963
1537,13.285714285714286
1538,20.125
1539,20.490909090909092
1540,195.58620689655172
1541,3.8545454545454545
1542,10.2
1543,22.96551724137931
1544,7.192982456140351
1545,10.892857142857142
1546,164.90740740740742
1547,3.6551724137931036
1548,13.981818181818182
1549,10.857142857142858
1550,3.6491228070175437
1551,7.298245614035087
1552,18.625
1553,14.175438596491228
1554,182.71929824561403
1555,22.547169811320753
1556,49.96363636363636
1557,194.29090909090908
1558,11.581818181818182
1559,3.7413793103448274
1560,13.857142857142858
1561,41.8448275862069
1562,3.807017543859649
1563,10.913793103448276
1564,3.542372881355932
1565,34
1566,8.150943396226415
1567,7.839285714285714
1568,13.017543859649123
1569,3.7586206896551726
1570,31.844827586206897
1571,9.912280701754385
1572,22.517857142857142
1573,41.64912280701754
1574,40.32727272727273
1575,19
1576,3.7241379310344827
1577,26.31578947368421
1578,27.945454545454545
1579,252.96363636363637
1580,32.421052631578945
1581,39.17857142857143
1582,306.75
1583,95.75438596491227
1584,372.85714285714283
1585,45.2962962962963
1586,56.82142857142857
1587,110.85454545454546
1588,439.9074074074074
1589,441.32758620689657
1590,183
1591,771.3448275862069
1592,654.9298245614035
1593,31.363636363636363
1594,393.1296296296296
1595,374.4
1596,130.21818181818182
1597,141.76363636363635
1598,578.4909090909091
1599,29.137931034482758
1600,98.69642857142857
1601,130
1602,284.82142857142856
1603,373.3272727272727
1604,227.74545454545455
1605,296.2631578947368
1606,33.63461538461539
1607,353.07272727272726
1608,59.45454545454545
1609,873.4642857142857
1610,28.362068965517242
1611,272.35714285714283
1612,32.392857142857146
1613,78.29824561403508
1614,187.1851851851852
1615,215.5818181818182
1616,182.94736842105263
1617,147.98181818181817
1618,398.2280701754386
1619,175.5438596491228
1620,56.719298245614034
1621,411.57894736842104
1622,15.035714285714286
1623,27.178571428571427
1624,39.839285714285715
1625,347.0175438596491
1626,264.625
1627,251.03703703703704
1628,382.1034482758621
1629,109.5
1630,168.52727272727273
1631,112.54545454545455
1632,92.73214285714286
1633,132.82456140350877
1634,64.4074074074074
1635,58.07017543859649
1636,22.517857142857142
1637,64.73214285714286
1638,805.2
1639,84.84482758620689
1640,68.19642857142857
1641,20.8
1642,295.5740740740741
1643,14.145454545454545
1644,41.607142857142854
1645,152.09259259259258
1646,47.517857142857146
1647,28.678571428571427
1648,229.07272727272726
1649,21.03448275862069
1650,186.6315789473684
1651,130.2280701754386
1652,167.91071428571428
1653,176.13793103448276
1654,19.767857142857142
1655,145.94736842105263
1656,111.96428571428571
1657,198.72413793103448
1658,28.339285714285715
1659,237.94736842105263
1660,38.91228070175438
1661,300.2909090909091
1662,48.58181818181818
1663,121.9074074074074
1664,57.54545454545455
1665,32.61818181818182
1666,209.74545454545455
1667,186.07142857142858
1668,77.63157894736842
1669,120.94444444444444
1670,227.91228070175438
1671,32.758620689655174
1672,612.1964285714286
1673,183.98245614035088
1674,17.62962962962963
1675,16.854545454545455
1676,33.629629629629626
1677,55.232142857142854
1678,162.14545454545456
1679,14.8
1680,10.927272727272728
1681,54.14545454545455
1682,55.92727272727273
1683,244.0701754385965
1684,73.27586206896552
1685,10.642857142857142
1686,85.6896551724138
1687,37.25
1688,30.57894736842105
1689,33.392857142857146
1690,59.69491525423729
1691,16.517241379310345
1692,57.793103448275865
1693,11.327272727272728
1694,218.140350877193
1695,119.15517241379311
1696,29.37037037037037
1697,13.689655172413794
1698,28.537037037037038
1699,19.527272727272727
1700,47.10526315789474
1701,40.14545454545455
1702,44.785714285714285
1703,5.571428571428571
1704,225.80701754385964
1705,173.24074074074073
1706,13.87719298245614
1707,43.51724137931034
1708,42.25
1709,13.732142857142858
1710,275.1818181818182
1711,75.61111111111111
1712,74.05263157894737
1713,136.86206896551724
1714,27.103448275862068
1715,37.09090909090909
1716,222.89473684210526
1717,57.38181818181818
1718,14.053571428571429
1719,35.78947368421053
1720,41.05357142857143
1721,28.357142857142858
1722,19.31578947368421
1723,28.88888888888889
1724,33.8
1725,242.70909090909092
1726,14.25925925925926
1727,22.267857142857142
1728,5.535714285714286
1729,22.214285714285715
1730,0
1731,30.553571428571427
1732,5.7407407407407405
1733,16.927272727272726
1734,0
1735,52.69642857142857
1736,8.017241379310345
1737,53.37931034482759
1738,67.24074074074075
1739,193.8421052631579
1740,123.96428571428571
1741,91.25925925925925
1742,0
1743,0
1744,63.50909090909091
1745,104.85185185185185
1746,0
1747,8.142857142857142
1748,31.94736842105263
1749,38.56363636363636
1750,0
1751,59.285714285714285
1752,30.714285714285715
1753,16.363636363636363
1754,0
1755,0
1756,0
1757,0
1758,116.56363636363636
1759,5.4363636363636365
1760,68.875
1761,0
1762,8.403508771929825
1763,25.05263157894737
1764,14
1765,40.81481481481482
1766,23.31578947368421
1767,26.763636363636362
1768,94.75862068965517
1769,86.96491228070175
1770,48.2037037037037
1771,30.413793103448278
1772,12.155172413793103
1773,5.574074074074074
1774,29.29824561403509
1775,100.40350877192982
1776,2.0517241379310347
1777,9.152542372881356
1778,10.263157894736842
1779,20.196428571428573
1780,204.23214285714286
1781,2.087719298245614
1782,160.2037037037037
1783,12.701754385964913
1784,175.46428571428572
1785,28.053571428571427
1786,48
1787,142.10344827586206
1788,21.654545454545456
1789,7.666666666666667
1790,27.140350877192983
1791,25.627118644067796
1792,13.12280701754386
1793,25.64814814814815
1794,29.696428571428573
1795,18.836363636363636
1796,23.857142857142858
1797,2.6666666666666665
1798,128.3148148148148
1799,54.34615384615385
1800,10.925925925925926
1801,89.73684210526316
1802,5.851851851851852
1803,18.32758620689655
1804,9.982456140350877
1805,2.6842105263157894
1806,8.196428571428571
1807,17.875
1808,5.333333333333333
1809,19.160714285714285
1810,140.14285714285714
1811,154.05357142857142
1812,122.05263157894737
1813,51.111111111111114
1814,128.35714285714286
1815,3.3508771929824563
1816,1.9636363636363636
1817,53.54385964912281
1818,20.396551724137932
1819,135.21818181818182
1820,181.35714285714286
1821,145.33928571428572
1822,32.054545454545455
1823,169.10714285714286
1824,182.19642857142858
1825,202.0701754385965
1826,2102.2181818181816
1827,306.4074074074074
1828,62.107142857142854
1829,45.81818181818182
1830,115.21052631578948
1831,45.44444444444444
1832,48.6551724137931
1833,43.660714285714285
1834,47.32142857142857
1835,26.087719298245613
1836,157.23636363636365
1837,47.25
1838,48.07142857142857
1839,133.92727272727274
1840,6.890909090909091
1841,200.43396226415095
1842,183.57894736842104
1843,172.38888888888889
1844,159.76363636363635
1845,931.3090909090909
1846,160.75
1847,3.1785714285714284
1848,160.859649122807
1849,93.89655172413794
1850,181.82142857142858
1851,200.17543859649123
1852,244.91071428571428
1853,136.94736842105263
1854,95.60714285714286
1855,24.25925925925926
1856,29.236363636363638
1857,22.403508771929825
1858,20.272727272727273
1859,100.50909090909092
1860,67.6140350877193
1861,83.54545454545455
1862,48.3859649122807
1863,22
1864,18.45762711864407
1865,25.189655172413794
1866,17
1867,57.25454545454546
1868,15.6
1869,30.53448275862069
1870,31.94736842105263
1871,30.12727272727273
1872,4.178571428571429
1873,7.685185185185185
1874,18.6
1875,13.175438596491228
1876,15.24561403508772
1877,8.381818181818181
1878,7.172413793103448
1879,7.703703703703703
1880,16.210526315789473
1881,23.581818181818182
1882,9.326923076923077
1883,57.87719298245614
1884,151.26315789473685
1885,15.859649122807017
1886,15.859649122807017
1887,20.509090909090908
1888,20.375
1889,89.85454545454546
1890,108.59615384615384
1891,21.228070175438596
1892,87.07272727272728
1893,124.89090909090909
1894,40.36363636363637
1895,72.74545454545455
1896,72.21052631578948
1897,109.01818181818182
1898,7.545454545454546
1899,92.9090909090909
1900,52.6551724137931
1901,13.839285714285714
1902,23.89090909090909
1903,94.53571428571429
1904,17.379310344827587
1905,19.685185185185187
1906,113.15384615384616
1907,105.87719298245614
1908,41.98148148148148
1909,42.30357142857143
1910,60.37931034482759
1911,65.4
1912,69.32142857142857
1913,309
1914,23.46551724137931
1915,18.36842105263158
1916,11.649122807017545
1917,36.75438596491228
1918,49.339285714285715
1919,8.070175438596491
1920,24.473684210526315
1921,41.17857142857143
1922,14.62962962962963
1923,157.92592592592592
1924,134.39285714285714
1925,49.771929824561404
1926,53.07017543859649
1927,18.74074074074074
1928,17.385964912280702
1929,185.22641509433961
1930,208.24074074074073
1931,25.125
1932,65.32758620689656
1933,66.96428571428571
1934,20.607142857142858
1935,86.12727272727273
1936,75.67272727272727
1937,31.254545454545454
1938,42.3728813559322
1939,12.163636363636364
1940,9.857142857142858
1941,133.39285714285714
1942,109.20689655172414
1943,764.5818181818182
1944,113.67272727272727
1945,4.2
1946,50.310344827586206
1947,3.0925925925925926
1948,189.80701754385964
1949,59.4
1950,7.431034482758621
1951,5.160714285714286
1952,15.89655172413793
1953,10.425925925925926
1954,105.85714285714286
1955,279.2962962962963
1956,141.19642857142858
1957,133.5438596491228
1958,33.69090909090909
1959,145.87719298245614
1960,52.08620689655172
1961,166.51724137931035
1962,34.839285714285715
1963,10.036363636363637
1964,43.672413793103445
1965,48.44642857142857
1966,9.714285714285714
1967,22.672727272727272
1968,2.245614035087719
1969,17.11111111111111
1970,16.925925925925927
1971,4.672727272727273
1972,615.3035714285714
1973,32.01754385964912
1974,2.2280701754385963
1975,23.50877192982456
1976,240.47272727272727
1977,18.98181818181818
1978,9.157894736842104
1979,13.285714285714286
1980,75.91228070175438
1981,29.54385964912281
1982,0
1983,8.824561403508772
1984,20.09259259259259
1985,69.17857142857143
1986,45.80701754385965
1987,0
1988,2.2586206896551726
1989,40.17857142857143
1990,2.2982456140350878
1991,51.50877192982456
1992,26.166666666666668
1993,0
1994,33.48275862068966
1995,4.678571428571429
1996,11.88135593220339
1997,16.472727272727273
1998,3.672727272727273
1999,5.385964912280702
2000,265.44444444444446
2001,27.82758620689655
2002,5.385964912280702
2003,39.72222222222222
2004,34.25454545454546
2005,6.754385964912281
2006,8.672727272727272
2007,14.327586206896552
2008,34.74576271186441
2009,34.19642857142857
2010,25.92982456140351
2011,4.703703703703703
2012,6.754385964912281
2013,10.448275862068966
2014,9.175438596491228
2015,48.10526315789474
2016,4.581818181818182
2017,73.72413793103448
2018,3.8545454545454545
2019,18.862068965517242
2020,28.017857142857142
2021,26.948275862068964
2022,1.4912280701754386
2023,24.962962962962962
2024,10.517241379310345
2025,8.290909090909091
2026,7.814814814814815
2027,7.912280701754386
2028,6.763636363636364
2029,71.59649122807018
2030,15.578947368421053
2031,48.82142857142857
2032,23.649122807017545
2033,21.859649122807017
2034,4.339285714285714
2035,11.75438596491228
2036,10.637931034482758
2037,14.927272727272728
2038,17.593220338983052
2039,20.87037037037037
2040,6.535714285714286
2041,15.517241379310345
2042,87.125
2043,53.40350877192982
2044,17.333333333333332
2045,136.43859649122808
2046,16.771929824561404
2047,28.185185185185187
2048,327.6363636363636
2049,30.642857142857142
2050,66.63157894736842
2051,42.36206896551724
2052,254.23214285714286
2053,23.379310344827587
2054,11.913793103448276
2055,29.964912280701753
2056,26.25
2057,28.8
2058,1010.3157894736842
2059,21.087719298245613
2060,1639.0555555555557
2061,301.2105263157895
2062,171.3148148148148
2063,37.089285714285715
2064,264.8965517241379
2065,10.070175438596491
2066,6.368421052631579
2067,23.24561403508772
2068,2437.40350877193
2069,329.64814814814815
2070,6.181818181818182
2071,285.6140350877193
2072,42.275862068965516
2073,125.73214285714286
2074,218.46153846153845
2075,19.862068965517242
2076,39.78181818181818
2077,105.89285714285714
2078,503.6896551724138
2079,424.2413793103448
2080,9.892857142857142
2081,1267.7368421052631
2082,112.29310344827586
2083,28.350877192982455
2084,50.872727272727275
2085,187.59649122807016
2086,64.57894736842105
2087,48.93103448275862
2088,42.72222222222222
2089,63.107142857142854
2090,21.163636363636364
2091,7.56140350877193
2092,3.5660377358490565
2093,4.767857142857143
2094,7.036363636363636
2095,29.05263157894737
2096,4.648148148148148
2097,2.3035714285714284
2098,2.263157894736842
2099,0
2100,7.962962962962963
2101,7.796296296296297
2102,6.43859649122807
2103,13.181818181818182
2104,18.375
2105,6.181818181818182
2106,7.178571428571429
2107,1.1754385964912282
2108,5.836363636363636
2109,6.607142857142857
2110,10.178571428571429
2111,20.263157894736842
2112,20.482142857142858
2113,36.75438596491228
2114,794.7543859649123
2115,22.75862068965517
2116,21.581818181818182
2117,1499.7857142857142
2118,3.482142857142857
2119,1718.4107142857142
2120,27.509090909090908
2121,37.25
2122,70.69642857142857
2123,169.55357142857142
2124,27.946428571428573
2125,46.482142857142854
2126,47.92857142857143
2127,162.87719298245614
2128,21.727272727272727
2129,22.22222222222222
2130,73.74074074074075
2131,190.98181818181817
2132,52.25
2133,83.57407407407408
2134,65.98181818181818
2135,107.01818181818182
2136,58.464285714285715
2137,23.928571428571427
2138,13.163636363636364
2139,0.8596491228070176
2140,0.35185185185185186
2141,0.5454545454545454
2142,405.62068965517244
2143,0
2144,4.833333333333333
2145,9.403508771929825
2146,79
2147,100.47272727272727
2148,26.24074074074074
2149,53.57142857142857
2150,149.39285714285714
2151,160.7962962962963
2152,90.34545454545454
2153,92.19642857142857
2154,101.72413793103448
2155,89.05454545454545
2156,66.54385964912281
2157,72.6842105263158
2158,73.4
2159,51.24561403508772
2160,36.56140350877193
2161,14496.157894736842
2162,94.89090909090909
2163,87.32758620689656
2164,137.94444444444446
2165,51.535714285714285
2166,47.94642857142857
2167,146.56140350877192
2168,43.26315789473684
2169,183.73684210526315
2170,34.592592592592595
2171,61.875
2172,143.1818181818182
2173,88.60714285714286
2174,78.89655172413794
2175,67.9090909090909
2176,126.66666666666667
2177,67.57407407407408
2178,92.58928571428571
2179,172.44827586206895
2180,73.82142857142857
2181,73.05357142857143
2182,41.589285714285715
2183,144.859649122807
2184,71.83928571428571
2185,82.93103448275862
2186,53.44642857142857
2187,43.357142857142854
2188,107.98275862068965
2189,72.19298245614036
2190,50.44827586206897
2191,28.263157894736842
2192,68.03636363636363
2193,27.137931034482758
2194,146.86206896551724
2195,77.63157894736842
2196,584.0172413793103
2197,558.3103448275862
2198,86.69090909090909
2199,88.94545454545455
2200,113.49122807017544
2201,791.25
2202,319.6140350877193
2203,804.2222222222222
2204,101
2205,1199.232142857143
2206,213
2207,146.55555555555554
2208,170.5
2209,110.85714285714286
2210,125.43859649122807
2211,133.44827586206895
2212,476.5263157894737
2213,103.96428571428571
2214,40.96491228070175
2215,20.785714285714285
2216,274.41818181818184
2217,223.08771929824562
2218,575.5178571428571
2219,375.5892857142857
2220,13.857142857142858
2221,12.178571428571429
2222,46.46296296296296
2223,6.103448275862069
2224,133.3448275862069
2225,49.714285714285715
2226,144.42857142857142
2227,50.10344827586207
2228,61.32142857142857
2229,17.115384615384617
2230,9.928571428571429
2231,24.946428571428573
2232,32.43859649122807
2233,12.854545454545455
2234,83.47272727272727
2235,34.57142857142857
2236,24.814814814814813
2237,2.0689655172413794
2238,32.25
2239,56.642857142857146
2240,240.6140350877193
2241,25.42105263157895
2242,56.91228070175438
2243,37.857142857142854
2244,98.43636363636364
2245,123.23214285714286
2246,141.03508771929825
2247,70.48148148148148
2248,163.08620689655172
2249,143.98181818181817
2250,5.553571428571429
2251,41.44827586206897
2252,123.12280701754386
2253,4.232142857142857
2254,9.407407407407407
2255,82.5
2256,45.13793103448276
2257,295.8333333333333
2258,128.91071428571428
2259,16.035714285714285
2260,93.9090909090909
2261,32.89090909090909
2262,146.3793103448276
2263,100.52727272727273
2264,270.75
2265,22.745454545454546
2266,9.160714285714286
2267,14.508771929824562
2268,80.55172413793103
2269,110.87037037037037
2270,22.17543859649123
2271,390.10714285714283
2272,92.80357142857143
2273,23.185185185185187
2274,26.982142857142858
2275,755.5862068965517
2276,3.8275862068965516
2277,14.035714285714286
2278,37.472727272727276
2279,921.4035087719299
2280,124.57142857142857
2281,110.875
2282,835.6545454545454
2283,158.91379310344828
2284,158.24561403508773
2285,64.14035087719299
2286,195.81034482758622
2287,196.06896551724137
2288,711.9298245614035
2289,171.75438596491227
2290,17.086206896551722
2291,16.537037037037038
2292,30.859649122807017
2293,26.43859649122807
2294,15.581818181818182
2295,45.85964912280702
2296,26.964912280701753
2297,4.509090909090909
2298,97.46428571428571
2299,12.303571428571429
2300,0
2301,290.55357142857144
2302,0
2303,8.185185185185185
2304,63.125
2305,302.4909090909091
2306,52.93103448275862
2307,77.94444444444444
2308,64.37037037037037
2309,22.19298245614035
2310,58.785714285714285
2311,35.74545454545454
2312,20.074074074074073
2313,22.17543859649123
2314,11.8
2315,10.711864406779661
2316,7.517241379310345
2317,6.694915254237288
2318,13.910714285714286
2319,0
2320,7.517241379310345
2321,1303.8148148148148
2322,81.07407407407408
2323,38.74074074074074
2324,3.1403508771929824
2325,7.153846153846154
2326,6.142857142857143
2327,23.928571428571427
2328,0
2329,33.75438596491228
2330,21.51851851851852
2331,0
2332,76.2
2333,4.862068965517241
2334,10.907407407407407
2335,17.833333333333332
2336,58.64912280701754
2337,37.63793103448276
2338,8.589285714285714
2339,21.333333333333332
2340,2.0508474576271185
2341,5.517241379310345
2342,105.45614035087719
2343,32.074074074074076
2344,7.127272727272727
2345,13.803571428571429
2346,6.754385964912281
2347,47.125
2348,34.34615384615385
2349,141.05454545454546
2350,23.09259259259259
2351,3.7142857142857144
2352,0
2353,325.56140350877195
2354,3.413793103448276
2355,5.807017543859649
2356,0
2357,12.267857142857142
2358,153.3090909090909
2359,4204.810344827586
2360,2.0701754385964914
2361,4.321428571428571
2362,21.160714285714285
2363,969.0892857142857
2364,9.508771929824562
2365,0
2366,264.1694915254237
2367,9.425925925925926
2368,12.10909090909091
2369,927.5818181818182
2370,38.26315789473684
2371,11.964285714285714
2372,0
2373,477.9074074074074
2374,88.33333333333333
2375,2.543859649122807
2376,5.142857142857143
2377,22.53846153846154
2378,201.17857142857142
2379,63.43636363636364
2380,25.46153846153846
2381,3.4285714285714284
2382,3.508771929824561
2383,0
2384,2.7857142857142856
2385,2.185185185185185
2386,14.303571428571429
2387,6111.7037037037035
2388,27.035714285714285
2389,93.03571428571429
2390,20.94736842105263
2391,29.25
2392,5.142857142857143
2393,1140.9107142857142
2394,3849.4464285714284
2395,361.17543859649123
2396,1.0357142857142858
2397,1.0175438596491229
2398,15.618181818181819
2399,0
2400,9.46551724137931
2401,2357.910714285714
2402,3.5555555555555554
2403,98.6842105263158
2404,0
2405,0
2406,429.0188679245283
2407,6.673076923076923
2408,0
2409,0
2410,0
2411,14.666666666666666
2412,1.3793103448275863
2413,1.1818181818181819
2414,1.1964285714285714
2415,9.589285714285714
2416,0
2417,0
2418,20.43859649122807
2419,177.5344827586207
2420,14.160714285714286
2421,44.30508474576271
2422,3.1454545454545455
2423,2.9827586206896552
2424,0
2425,8.907407407407407
2426,1.5714285714285714
2427,3.0892857142857144
2428,65.03508771929825
2429,6.327272727272727
2430,6.196428571428571
2431,116.47272727272727
2432,1
2433,9.75
2434,9.703703703703704
2435,2.8275862068965516
2436,5.982758620689655
2437,19.285714285714285
2438,2197.7413793103447
2439,1.7407407407407407
2440,3.9827586206896552
2441,7.339285714285714
2442,6.946428571428571
2443,16.210526315789473
2444,801.1111111111111
2445,1.3928571428571428
2446,2.0526315789473686
2447,6.410714285714286
2448,3.142857142857143
2449,0
2450,2.807017543859649
2451,241.76785714285714
2452,0
2453,0
2454,3.9649122807017543
2455,1.4545454545454546
2456,33.36363636363637
2457,0
2458,5.741379310344827
2459,0
2460,0
2461,7.859649122807017
2462,8.145454545454545
2463,164.52727272727273
2464,1.8245614035087718
2465,10.076923076923077
2466,0
2467,5.842105263157895
2468,0
2469,3.9642857142857144
2470,5652.545454545455
2471,1.0961538461538463
2472,5.842105263157895
2473,0
2474,3.517857142857143
2475,0
2476,1242.948275862069
2477,1848.490909090909
2478,1.4285714285714286
2479,0
2480,0
2481,3976.3035714285716
2482,46.689655172413794
2483,41.78947368421053
2484,74.14285714285714
2485,0
2486,0
2487,0
2488,0
2489,13.732142857142858
2490,2.018181818181818
2491,2.017857142857143
2492,179.89285714285714
2493,88.41071428571429
2494,2.9464285714285716
2495,0
2496,0
2497,3.543859649122807
2498,4.036363636363636
2499,4.111111111111111
2500,0
2501,998.1034482758621
2502,1.7818181818181817
2503,7.517241379310345
2504,0
2505,0
2506,22.379310344827587
2507,3.4827586206896552
2508,3.543859649122807
2509,3.4237288135593222
2510,4.036363636363636
2511,4.509090909090909
2512,29.310344827586206
2513,0
2514,0
2515,60.407407407407405
2516,3.607142857142857
2517,4.327272727272727
2518,79.9074074074074
2519,1.2105263157894737
2520,0.37037037037037035
2521,3.2222222222222223
2522,63.94827586206897
2523,7.431034482758621
2524,0
2525,25.29090909090909
2526,16.660714285714285
2527,119.32727272727273
2528,111.67857142857143
2529,44.36363636363637
2530,70.7719298245614
2531,126.73684210526316
2532,3101.5087719298244
2533,142.55357142857142
2534,82.03448275862068
2535,3.0185185185185186
2536,6.428571428571429
2537,4.1454545454545455
2538,1.6607142857142858
2539,3.607142857142857
2540,141.57894736842104
2541,7.767857142857143
2542,22.537037037037038
2543,7.413793103448276
2544,93.8
2545,10.280701754385966
2546,6.636363636363637
2547,28.728813559322035
2548,2.5714285714285716
2549,7.775862068965517
2550,23.982456140350877
2551,1.8245614035087718
2552,2.6140350877192984
2553,57.98148148148148
2554,12.017543859649123
2555,975.3272727272728
2556,18.859649122807017
2557,34.964285714285715
2558,6.964912280701754
2559,1.981818181818182
2560,9.127272727272727
2561,0
2562,3.9655172413793105
2563,11.810344827586206
2564,1132.6206896551723
2565,5.452830188679245
2566,23.440677966101696
2567,38.857142857142854
2568,44.45454545454545
2569,3.5
2570,0
2571,77.94444444444444
2572,15.696428571428571
2573,4.754385964912281
2574,2.4827586206896552
2575,0
2576,4.491228070175438
2577,38.719298245614034
2578,165.3859649122807
2579,215.39285714285714
2580,103.91228070175438
2581,194.42857142857142
2582,157.9298245614035
2583,4.148148148148148
2584,3.0701754385964914
2585,5.785714285714286
2586,18.210526315789473
2587,32.30909090909091
2588,6.181818181818182
2589,10.105263157894736
2590,2.5714285714285716
2591,3.7758620689655173
2592,0
2593,0
2594,4.413793103448276
2595,28.714285714285715
2596,27.82456140350877
2597,140.83928571428572
2598,1166.701754385965
2599,1117.2586206896551
2600,134.58928571428572
2601,31.88888888888889
2602,0
2603,0
2604,8.56140350877193
2605,327.35714285714283
2606,49.69090909090909
2607,0
2608,2.232142857142857
2609,78.10344827586206
2610,40.45614035087719
2611,17.125
2612,11.875
2613,4.714285714285714
2614,4594.7037037037035
2615,447.44827586206895
2616,0.3620689655172414
2617,1.6842105263157894
2618,1.9642857142857142
2619,6.666666666666667
2620,11.666666666666666
2621,128.52631578947367
2622,1.9464285714285714
2623,1.0714285714285714
2624,1.5614035087719298
2625,0.9090909090909091
2626,2.074074074074074
2627,44.67857142857143
2628,4.607142857142857
2629,57.87719298245614
2630,449.5192307692308
2631,0
2632,19.07017543859649
2633,5.345454545454546
2634,30.055555555555557
2635,2691.293103448276
2636,369.2542372881356
2637,245.87719298245614
2638,1.7777777777777777
2639,5.526315789473684
2640,22.596491228070175
2641,141.59259259259258
2642,63.5
2643,644.0178571428571
2644,4.267857142857143
2645,9.777777777777779
2646,39.574074074074076
2647,18.649122807017545
2648,13.4
2649,7.696428571428571
2650,9799.6
2651,295.5925925925926
2652,6.368421052631579
2653,73.875
2654,102.1896551724138
2655,5.25
2656,68.85185185185185
2657,140.61818181818182
2658,38.293103448275865
2659,72.56896551724138
2660,137.75438596491227
2661,24.107142857142858
2662,232.3272727272727
2663,128.16363636363636
2664,137.08771929824562
2665,311.8363636363636
2666,128.4
2667,113.78846153846153
2668,29.67241379310345
2669,138.74545454545455
2670,4077.109090909091
2671,4.684210526315789
2672,35.57142857142857
2673,44.50877192982456
2674,33
2675,49.111111111111114
2676,60.421052631578945
2677,74.87037037037037
2678,33.82142857142857
2679,11.12962962962963
2680,51.758620689655174
2681,111.15789473684211
2682,38.75
2683,38.625
2684,136.4909090909091
2685,71.18181818181819
2686,107.21818181818182
2687,56.892857142857146
2688,546.1964285714286
2689,101.36206896551724
2690,0
2691,4.944444444444445
2692,9.88888888888889
2693,27.392857142857142
2694,5.142857142857143
2695,14.666666666666666
2696,11.557692307692308
2697,108.63157894736842
2698,43.160714285714285
2699,119.89285714285714
2700,165.98245614035088
2701,274.3103448275862
2702,42.01724137931034
2703,144.17543859649123
2704,25.607142857142858
2705,37.035714285714285
2706,15.736842105263158
2707,6.636363636363637
2708,291.08620689655174
2709,99.10526315789474
2710,116.57142857142857
2711,25.696428571428573
2712,245.76785714285714
2713,8.280701754385966
2714,27.46153846153846
2715,23.403508771929825
2716,23.403508771929825
2717,47
2718,199.86206896551724
2719,20.660714285714285
2720,30.24561403508772
2721,42.37931034482759
2722,124.07142857142857
2723,187.60344827586206
2724,483.375
2725,5.490909090909091
2726,19.655172413793103
2727,14.910714285714286
2728,3501.214285714286
2729,13.851851851851851
2730,23
2731,21.381818181818183
2732,75.33333333333333
2733,21.8
2734,1863.1851851851852
2735,45.35087719298246
2736,5.385964912280702
2737,37.160714285714285
2738,29.491525423728813
2739,3.9642857142857144
2740,115.8103448275862
2741,198.17857142857142
2742,41.526315789473685
2743,83.81818181818181
2744,198.01818181818183
2745,79.60714285714286
2746,101.32758620689656
2747,680.9454545454546
2748,507.9818181818182
2749,12.927272727272728
2750,38.37931034482759
2751,8.912280701754385
2752,50.172413793103445
2753,136.94230769230768
2754,84.2280701754386
2755,18.672727272727272
2756,92.58181818181818
2757,3.418181818181818
2758,19.120689655172413
2759,104.49090909090908
2760,217.11320754716982
2761,10.24074074074074
2762,549.9285714285714
2763,278.125
2764,105.94642857142857
2765,10.431034482758621
2766,45.267857142857146
2767,116.14285714285714
2768,41.785714285714285
2769,9.105263157894736
2770,9.333333333333334
2771,270.2413793103448
2772,79.64285714285714
2773,21.93103448275862
2774,151.31578947368422
2775,91.3157894736842
2776,100.12280701754386
2777,2842.4464285714284
2778,212.94642857142858
2779,107.61111111111111
2780,4
2781,13.872727272727273
2782,208.28813559322035
2783,103.33333333333333
2784,27.94736842105263
2785,169.66666666666666
2786,101.0701754385965
2787,87.81818181818181
2788,330.22222222222223
2789,147.64285714285714
2790,8.472727272727273
2791,158.78571428571428
2792,13.403508771929825
2793,54.517857142857146
2794,86.56896551724138
2795,28.571428571428573
2796,228.80357142857142
2797,81.49090909090908
2798,20.173076923076923
2799,0
2800,0
2801,39.55172413793103
2802,34.857142857142854
2803,88.55357142857143
2804,112.45614035087719
2805,16.285714285714285
2806,51.98245614035088
2807,54.54237288135593
2808,27.385964912280702
2809,27.385964912280702
2810,19.071428571428573
2811,18.10169491525424
2812,35.527272727272724
2813,41.85454545454545
2814,33.589285714285715
2815,45.392857142857146
2816,25.285714285714285
2817,9.089285714285714
2818,60.407407407407405
2819,141.16666666666666
2820,67.08928571428571
2821,191.17857142857142
2822,40.32142857142857
2823,40.91228070175438
2824,8.092592592592593
2825,0
2826,63.964285714285715
2827,7.636363636363637
2828,20.563636363636363
2829,0
2830,76.44827586206897
2831,47.763636363636365
2832,74.41071428571429
2833,98.66071428571429
2834,135.28070175438597
2835,130.47368421052633
2836,79.32727272727273
2837,87.10526315789474
2838,103.33333333333333
2839,120.17857142857143
2840,34.67857142857143
2841,49.75
2842,14.928571428571429
2843,13.642857142857142
2844,52.94736842105263
2845,44.824561403508774
2846,101.96551724137932
2847,78.34545454545454
2848,25.29824561403509
2849,9.196428571428571
2850,66.56140350877193
2851,430.4107142857143
2852,5.472727272727273
2853,5.018518518518518
2854,24.649122807017545
2855,30.857142857142858
2856,18.927272727272726
2857,48.4
2858,96.51785714285714
2859,1618.8245614035088
2860,3.8035714285714284
2861,0
2862,4.62962962962963
2863,33.92857142857143
2864,0
2865,0
2866,33.07142857142857
2867,14.666666666666666
2868,6.053571428571429
2869,13.339285714285714
2870,0
2871,0
2872,195.27586206896552
2873,20.017241379310345
2874,0
2875,0
2876,0
2877,13.298245614035087
2878,0
2879,42.05263157894737
2880,12.821428571428571
2881,16.56896551724138
2882,3.9298245614035086
2883,24.685185185185187
2884,3.6
2885,0
2886,0
2887,48.92982456140351
2888,35.3859649122807
2889,5.517241379310345
2890,35.87931034482759
2891,19.559322033898304
2892,15.090909090909092
2893,31.423076923076923
2894,23.527272727272727
2895,0
2896,0
2897,9.333333333333334
2898,83.62711864406779
2899,42.96551724137931
2900,25.254545454545454
2901,21.210526315789473
2902,5.706896551724138
2903,9.637931034482758
2904,18.75
2905,47.57142857142857
2906,15.224137931034482
2907,10.648148148148149
2908,144.52631578947367
2909,47.186440677966104
2910,29.70909090909091
2911,19.517241379310345
2912,0
2913,116.35714285714286
2914,34.49090909090909
2915,0
2916,42.05263157894737
2917,3.5964912280701755
2918,7.490909090909091
2919,3.732142857142857
2920,5.714285714285714
2921,16.181818181818183
2922,5.87719298245614
2923,20.214285714285715
2924,0
2925,0
2926,0
2927,0
2928,0
2929,4.527272727272727
2930,22.925925925925927
2931,3.4107142857142856
2932,5.232142857142857
2933,6.472727272727273
2934,0
2935,6.5344827586206895
2936,28.181818181818183
2937,185.10344827586206
2938,0
2939,13.481481481481481
2940,0
2941,7.943396226415095
2942,42.8421052631579
2943,41.54385964912281
2944,25.379310344827587
2945,0
2946,0
2947,9.192982456140351
2948,5.785714285714286
2949,6.090909090909091
2950,15.345454545454546
2951,0
2952,6.649122807017544
2953,11.464285714285714
2954,0
2955,65.05357142857143
2956,20.214285714285715
2957,79.82456140350877
2958,0
2959,0
2960,0
2961,10.055555555555555
2962,8.228070175438596
2963,0
2964,0
2965,0
2966,0
2967,5.6909090909090905
2968,0
2969,10.24074074074074
2970,54.689655172413794
2971,13.818181818181818
2972,13.818181818181818
2973,40.80701754385965
2974,104.32758620689656
2975,11.263157894736842
2976,40.3859649122807
2977,67.46428571428571
2978,0
2979,0
2980,0
2981,0
2982,56.37931034482759
2983,3.4107142857142856
2984,0
2985,0
2986,7.636363636363637
2987,64.25454545454545
2988,97
2989,0
2990,0
2991,0
2992,17.892857142857142
2993,19.24561403508772
2994,57.775862068965516
2995,0
2996,4.684210526315789
2997,0
2998,3.6315789473684212
2999,0
3000,0
3001,6
3002,115
3003,24.775862068965516
3004,85.3103448275862
3005,83.96491228070175
3006,24.71153846153846
3007,183.5438596491228
3008,31.25862068965517
3009,22.982758620689655
3010,3.491228070175439
3011,0
3012,0
3013,0
3014,0
3015,9.642857142857142
3016,39.66101694915254
3017,4.684210526315789
3018,4.8545454545454545
3019,40.63636363636363
3020,0
3021,21.785714285714285
3022,0
3023,0
3024,69.19298245614036
3025,104.58181818181818
3026,33.42857142857143
3027,27.4
3028,14.017857142857142
3029,15.724137931034482
3030,0
3031,0
3032,0
3033,13.944444444444445
3034,17.57894736842105
3035,27.05263157894737
3036,11.293103448275861
3037,6.655172413793103
3038,17.767857142857142
3039,5.052631578947368
3040,31.29310344827586
3041,7.4
3042,0
3043,543.5892857142857
3044,3815.785714285714
3045,8.428571428571429
3046,0
3047,3.618181818181818
3048,0
3049,0
3050,0
3051,0
3052,0
3053,13.210526315789474
3054,0
3055,0
3056,5.709090909090909
3057,10.862068965517242
3058,53.175438596491226
3059,13.696428571428571
3060,121.01785714285714
3061,210.24561403508773
3062,3500.2631578947367
3063,3622
3064,18.310344827586206
3065,18.57894736842105
3066,0
3067,0
3068,0
3069,9.642857142857142
3070,8.192982456140351
3071,31.789473684210527
3072,4.9655172413793105
3073,121.89285714285714
3074,73.21818181818182
3075,3.0357142857142856
3076,0
3077,0
3078,0
3079,0
3080,3.888888888888889
3081,0
3082,0
3083,300.39285714285717
3084,0
3085,0
3086,25.963636363636365
3087,101.0909090909091
3088,104.14285714285714
3089,167.01785714285714
3090,12.267857142857142
3091,13.070175438596491
3092,0
3093,0
3094,0
3095,0
3096,19.214285714285715
3097,5.709090909090909
3098,49.4
3099,4.9655172413793105
3100,5.910714285714286
3101,0
3102,24.086206896551722
3103,54.824561403508774
3104,212.58928571428572
3105,79.48214285714286
3106,0
3107,0
3108,0
3109,36.07272727272727
3110,15.75925925925926
3111,0
3112,0
3113,2.7017543859649122
3114,0
3115,0
3116,0
3117,4.092592592592593
3118,31.63157894736842
3119,164.67857142857142
3120,31.526315789473685
3121,31.87272727272727
3122,31.107142857142858
3123,333.8421052631579
3124,219.859649122807
3125,18.63157894736842
3126,0
3127,0
3128,0
3129,0
3130,12.39655172413793
3131,28.814814814814813
3132,82.87272727272727
3133,3.8771929824561404
3134,0
3135,128.9655172413793
3136,344.3090909090909
3137,206.140350877193
3138,0
3139,0
3140,32.10344827586207
3141,67.10344827586206
3142,14.928571428571429
3143,9.68421052631579
3144,195.21428571428572
3145,41.96363636363636
3146,112.25
3147,264.5576923076923
3148,549.2105263157895
3149,0
3150,25.90909090909091
3151,54.2962962962963
3152,0
3153,0
3154,0
3155,0
3156,0
3157,0
3158,15.5
3159,40.8421052631579
3160,10.055555555555555
3161,14.892857142857142
3162,107.14814814814815
3163,334.4035087719298
3164,1591.9464285714287
3165,0
3166,0
3167,23
3168,0
3169,2.75
3170,22.285714285714285
3171,20.68421052631579
3172,0
3173,15.263157894736842
3174,2.709090909090909
3175,0
3176,0
3177,0
3178,20.821428571428573
3179,21.035714285714285
3180,48.589285714285715
3181,221.44642857142858
3182,2.2037037037037037
3183,0
3184,0
3185,0
3186,4.8
3187,9.851851851851851
3188,161.6551724137931
3189,44.706896551724135
3190,73.125
3191,71.82142857142857
3192,0
3193,737.0892857142857
3194,947.7962962962963
3195,0
3196,2.3859649122807016
3197,14.303571428571429
3198,21.035714285714285
3199,5.035714285714286
3200,7.2592592592592595
3201,40.36842105263158
3202,170.28571428571428
3203,69.10344827586206
3204,79.17857142857143
3205,52.236363636363635
3206,467.5438596491228
3207,475.89473684210526
3208,542.8035714285714
3209,687.5714285714286
3210,38.473684210526315
3211,2.125
3212,0
3213,0
3214,0
3215,36.90384615384615
3216,2.2037037037037037
3217,4.714285714285714
3218,14.181818181818182
3219,55.660714285714285
3220,539
3221,2.388888888888889
3222,2.263157894736842
3223,0
3224,4.551724137931035
3225,3.3392857142857144
3226,0
3227,0
3228,0
3229,23.5
3230,23.637931034482758
3231,60.464285714285715
3232,41.10344827586207
3233,2.263157894736842
3234,0
3235,0
3236,2.4285714285714284
3237,0
3238,0
3239,6.803571428571429
3240,4.962962962962963
3241,32.089285714285715
3242,63.77777777777778
3243,37.09090909090909
3244,129.12280701754386
3245,281.49122807017545
3246,2.4237288135593222
3247,0
3248,9.589285714285714
3249,5.842105263157895
3250,0
3251,0
3252,0
3253,4.872727272727273
3254,59.345454545454544
3255,157.25
3256,51.14545454545455
3257,0
3258,5.946428571428571
3259,0
3260,10.981818181818182
3261,3.75
3262,35.19298245614035
3263,41.163636363636364
3264,25.666666666666668
3265,52.945454545454545
3266,8.909090909090908
3267,8.909090909090908
3268,191.8148148148148
3269,232.6909090909091
3270,144.0701754385965
3271,323.0689655172414
3272,11.596491228070175
3273,14.277777777777779
3274,10.596491228070175
3275,3.8181818181818183
3276,0
3277,31.51923076923077
3278,16.64814814814815
3279,243.76785714285714
3280,333.1272727272727
3281,329.859649122807
3282,0
3283,2.8035714285714284
3284,0
3285,0
3286,3.8181818181818183
3287,3.8181818181818183
3288,3.8181818181818183
3289,0
3290,9.964912280701755
3291,46.98076923076923
3292,190.77358490566039
3293,0
3294,0
3295,4.12962962962963
3296,3.6842105263157894
3297,3.75
3298,5.172413793103448
3299,160.5
3300,237.6909090909091
3301,0
3302,3.982142857142857
3303,3.8181818181818183
3304,56.421052631578945
3305,3.7758620689655173
3306,263.6666666666667
3307,200.48214285714286
3308,157.72727272727272
3309,141.27272727272728
3310,0
3311,2.5714285714285716
3312,7.109090909090909
3313,0
3314,35.578947368421055
3315,409.6551724137931
3316,187.55357142857142
3317,144.89285714285714
3318,121.82456140350877
3319,0
3320,0
3321,0
3322,0
3323,4.888888888888889
3324,51.875
3325,295.1607142857143
3326,317.55172413793105
3327,0
3328,0
3329,0
3330,0
3331,0
3332,0
3333,299.625
3334,171.6140350877193
3335,0
3336,0
3337,2.789473684210526
3338,4.719298245614035
3339,0
3340,6.142857142857143
3341,27.35185185185185
3342,64.89285714285714
3343,410.25
3344,204.33928571428572
3345,183.03703703703704
3346,0
3347,0
3348,0
3349,0
3350,101.2
3351,159.83928571428572
3352,130.62962962962962
3353,0
3354,0
3355,0
3356,83.15789473684211
3357,82.33928571428571
3358,228.61016949152543
3359,263.9259259259259
3360,448.3090909090909
3361,448.13461538461536
3362,449.01724137931035
3363,0
3364,0
3365,4.719298245614035
3366,9.142857142857142
3367,10.64406779661017
3368,224.8421052631579
3369,0
3370,2.280701754385965
3371,5.586206896551724
3372,0
3373,0
3374,2.8392857142857144
3375,2.8392857142857144
3376,2.7413793103448274
3377,0
3378,24.433962264150942
3379,230.69642857142858
3380,30.732142857142858
3381,312.3392857142857
3382,167.96491228070175
3383,104.78846153846153
3384,5.684210526315789
3385,0
3386,0
3387,0
3388,0
3389,2.9444444444444446
3390,2.8392857142857144
3391,0
3392,0
3393,0
3394,0
3395,0
3396,0
3397,6.696428571428571
3398,14.381818181818181
3399,313.73214285714283
3400,55.91379310344828
3401,111.58928571428571
3402,74.58620689655173
3403,65.4074074074074
3404,464.625
3405,576.3035714285714
3406,0
3407,0
3408,3.730769230769231
3409,0
3410,0
3411,0
3412,0
3413,4.456140350877193
3414,11.818181818181818
3415,11.607142857142858
3416,333.30357142857144
3417,350.8448275862069
3418,613.4363636363636
3419,0
3420,15.807017543859649
3421,0
3422,0
3423,0
3424,0
3425,0
3426,0
3427,4.535714285714286
3428,3.142857142857143
3429,3.25
3430,3.2413793103448274
3431,154.78571428571428
3432,69.81481481481481
3433,187.24561403508773
3434,594.0535714285714
3435,38.49122807017544
3436,2.3214285714285716
3437,0
3438,0
3439,0
3440,0
3441,4.456140350877193
3442,7.543859649122807
3443,3.087719298245614
3444,3.192982456140351
3445,11.5
3446,14.701754385964913
3447,0
3448,0
3449,180.07142857142858
3450,223.55357142857142
3451,38.40350877192982
3452,362.7857142857143
3453,519.8448275862069
3454,3.9454545454545453
3455,0
3456,0
3457,0
3458,0
3459,3.259259259259259
3460,6.814814814814815
3461,0
3462,3.7454545454545456
3463,586.9655172413793
3464,214.75
3465,52.29824561403509
3466,243.83928571428572
3467,549.5535714285714
3468,0
3469,25
3470,21.862068965517242
3471,273.31481481481484
3472,108.21428571428571
3473,18.089285714285715
3474,0
3475,0
3476,4.350877192982456
3477,7.963636363636364
3478,52.125
3479,16.446428571428573
3480,4.649122807017544
3481,164.75
3482,234.55555555555554
3483,683.9454545454546
3484,627.6724137931035
3485,15.527272727272727
3486,2.7777777777777777
3487,0
3488,4.509090909090909
3489,4.907407407407407
3490,299.8
3491,291.48148148148147
3492,642.2884615384615
3493,82.32758620689656
3494,15.070175438596491
3495,0
3496,2.586206896551724
3497,0
3498,153.7719298245614
3499,522.9464285714286
3500,316.8888888888889
3501,90.14545454545454
3502,3.526315789473684
3503,0
3504,0
3505,0
3506,2.8846153846153846
3507,2.586206896551724
3508,0
3509,0
3510,55.08620689655172
3511,8.12280701754386
3512,14.148148148148149
3513,17
3514,0
3515,216.47368421052633
3516,67.79629629629629
3517,147.94545454545454
3518,69.89473684210526
3519,44.77777777777778
3520,269.6
3521,64.31481481481481
3522,2.6785714285714284
3523,0
3524,21.357142857142858
3525,56.05263157894737
3526,7.982758620689655
3527,89.10714285714286
3528,129.5818181818182
3529,63.60344827586207
3530,346.07142857142856
3531,60.224137931034484
3532,4.109090909090909
3533,4.910714285714286
3534,8.285714285714286
3535,4.818181818181818
3536,114.58181818181818
3537,66.21428571428571
3538,179.5185185185185
3539,0
3540,0
3541,21.357142857142858
3542,16.017543859649123
3543,54.89090909090909
3544,196.17857142857142
3545,57.96491228070175
3546,21.017857142857142
3547,249.30357142857142
3548,401.4
3549,0
3550,22.636363636363637
3551,5.769230769230769
3552,10.666666666666666
3553,27.189655172413794
3554,324.42105263157896
3555,214.3272727272727
3556,162.5090909090909
3557,282.3090909090909
3558,2.6315789473684212
3559,3.3392857142857144
3560,0
3561,0
3562,0
3563,0
3564,0
3565,0
3566,3.618181818181818
3567,574.2407407407408
3568,0
3569,3.280701754385965
3570,8.145454545454545
3571,0
3572,2.963636363636364
3573,11.290909090909091
3574,23.071428571428573
3575,8.637931034482758
3576,9.314814814814815
3577,11.228070175438596
3578,108.73684210526316
3579,234.48214285714286
3580,173.60714285714286
3581,137.875
3582,376.0508474576271
3583,381.3859649122807
3584,129.81034482758622
3585,3.2241379310344827
3586,3.76271186440678
3587,7.5964912280701755
3588,3.4444444444444446
3589,10.333333333333334
3590,10.706896551724139
3591,6.1923076923076925
3592,314.6896551724138
3593,148.36363636363637
3594,21.51851851851852
3595,36.357142857142854
3596,68.35185185185185
3597,242.28070175438597
3598,7.685185185185185
3599,2.810344827586207
3600,0
3601,3.206896551724138
3602,18.155172413793103
3603,18.473684210526315
3604,17.847457627118644
3605,3.6785714285714284
3606,177.32142857142858
3607,281.5
3608,51.07017543859649
3609,82.45614035087719
3610,96.03571428571429
3611,86.05454545454545
3612,593.8518518518518
3613,176.8421052631579
3614,245.92727272727274
3615,0
3616,8.160714285714286
3617,3.263157894736842
3618,13.508771929824562
3619,13.75
3620,224.52631578947367
3621,143.71428571428572
3622,128.61818181818182
3623,48.12068965517241
3624,116.32758620689656
3625,98.67857142857143
3626,2.8771929824561404
3627,12.157894736842104
3628,13.931034482758621
3629,4.603448275862069
3630,7.222222222222222
3631,7.5
3632,5.192982456140351
3633,141.47272727272727
3634,358.98148148148147
3635,280.55357142857144
3636,178.21818181818182
3637,13.491228070175438
3638,4.678571428571429
3639,3.245614035087719
3640,3.425925925925926
3641,0
3642,30.57894736842105
3643,15.781818181818181
3644,5.357142857142857
3645,50.127272727272725
3646,216.10344827586206
3647,118.89655172413794
3648,121.60714285714286
3649,141.80701754385964
3650,117.05555555555556
3651,468.96491228070175
3652,0
3653,1.7818181818181817
3654,12.26923076923077
3655,4.678571428571429
3656,0
3657,11.75438596491228
3658,29.945454545454545
3659,5.275862068965517
3660,108.53448275862068
3661,106.86206896551724
3662,5.719298245614035
3663,23.771929824561404
3664,16.821428571428573
3665,221.5438596491228
3666,199.24561403508773
3667,88.6842105263158
3668,221.875
3669,0
3670,4.379310344827586
3671,9.563636363636364
3672,8.379310344827585
3673,10.701754385964913
3674,23.11111111111111
3675,70.01694915254237
3676,2.8771929824561404
3677,0
3678,0
3679,2.909090909090909
3680,2.857142857142857
3681,2.912280701754386
3682,4.392857142857143
3683,37.75
3684,103.75438596491227
3685,173.98181818181817
3686,0
3687,6.620689655172414
3688,0
3689,2.909090909090909
3690,4.618181818181818
3691,8.526315789473685
3692,22.285714285714285
3693,41.57142857142857
3694,176.94827586206895
3695,164.23728813559322
3696,142.96296296296296
3697,290.14285714285717
3698,713.1666666666666
3699,0
3700,3.293103448275862
3701,9.586206896551724
3702,9.333333333333334
3703,9.392857142857142
3704,36.839285714285715
3705,120.51785714285714
3706,188.17241379310346
3707,283.6545454545454
3708,0
3709,2.6491228070175437
3710,3.5925925925925926
3711,0
3712,4.912280701754386
3713,243.71153846153845
3714,457.82456140350877
3715,0
3716,3.5272727272727273
3717,0
3718,11.24561403508772
3719,0
3720,7.771929824561403
3721,22.982456140350877
3722,82.76363636363637
3723,102.22222222222223
3724,43.851851851851855
3725,23.263157894736842
3726,24.5
3727,26.385964912280702
3728,12.76271186440678
3729,0
3730,8.263157894736842
3731,8.821428571428571
3732,0
3733,3.1052631578947367
3734,21.46551724137931
3735,0
3736,30.62962962962963
3737,80.69642857142857
3738,571.1724137931035
3739,230.71428571428572
3740,123.94642857142857
3741,182.66666666666666
3742,3.7962962962962963
3743,6.909090909090909
3744,0
3745,3.1607142857142856
3746,16.275862068965516
3747,8.625
3748,0
3749,73.15789473684211
3750,35.80357142857143
3751,96.62962962962963
3752,82.30909090909091
3753,139.52631578947367
3754,13.525423728813559
3755,0
3756,0
3757,3.3214285714285716
3758,3.3214285714285716
3759,8.722222222222221
3760,5.017543859649122
3761,17.410714285714285
3762,131.1090909090909
3763,486.9122807017544
3764,192.11111111111111
3765,152.55555555555554
3766,3.3508771929824563
3767,3.4107142857142856
3768,8.410714285714286
3769,11.964912280701755
3770,12.4
3771,12.4
3772,7.464285714285714
3773,48.68518518518518
3774,122.76363636363637
3775,260.4642857142857
3776,180.03571428571428
3777,6.035714285714286
3778,0
3779,0
3780,6.089285714285714
3781,139.01754385964912
3782,4.568965517241379
3783,0
3784,0
3785,0
3786,8.175438596491228
3787,8.472727272727273
3788,145.43636363636364
3789,0
3790,0
3791,282.05555555555554
3792,0
3793,20.96551724137931
3794,1.9821428571428572
3795,0
3796,5.232142857142857
3797,8.39655172413793
3798,13.851851851851851
3799,5.581818181818182
3800,273.50877192982455
3801,266.9310344827586
3802,474.3333333333333
3803,2.480769230769231
3804,0
3805,4.2727272727272725
3806,4.310344827586207
3807,10.844827586206897
3808,0
3809,5.368421052631579
3810,371.7857142857143
3811,89.59649122807018
3812,40.163636363636364
3813,7.035714285714286
3814,228.77586206896552
3815,406.2
3816,568.859649122807
3817,375.29824561403507
3818,175.8793103448276
3819,1.6851851851851851
3820,10.785714285714286
3821,10.981818181818182
3822,16
3823,5.327272727272727
3824,4.172413793103448
3825,0
3826,5.5636363636363635
3827,52.327586206896555
3828,7.433962264150943
3829,0
3830,440.67857142857144
3831,0
3832,0
3833,11.054545454545455
3834,11.054545454545455
3835,6.732142857142857
3836,4.785714285714286
3837,0
3838,72.01754385964912
3839,55.833333333333336
3840,526.6964285714286
3841,430.3636363636364
3842,627.8421052631579
3843,6.946428571428571
3844,3.4210526315789473
3845,3.192982456140351
3846,0
3847,0
3848,29.333333333333332
3849,34.87931034482759
3850,502.49122807017545
3851,0
3852,0
3853,0
3854,11.696428571428571
3855,8.625
3856,0
3857,27.357142857142858
3858,45.152542372881356
3859,2.1228070175438596
3860,0
3861,25.428571428571427
3862,0
3863,18.80701754385965
3864,53.7962962962963
3865,32.31481481481482
3866,37.267857142857146
3867,2.1228070175438596
3868,15.464285714285714
3869,6.8545454545454545
3870,6.732142857142857
3871,0
3872,16.803571428571427
3873,0
3874,8.4
3875,4.875
3876,38.37931034482759
3877,44.67857142857143
3878,662.3448275862069
3879,710.3620689655172
3880,19.64814814814815
3881,0
3882,0
3883,0
3884,6.428571428571429
3885,113.26785714285714
3886,411.03636363636366
3887,5.275862068965517
3888,0
3889,0
3890,12.60344827586207
3891,6.315789473684211
3892,0
3893,4.7894736842105265
3894,30.8135593220339
3895,30.38888888888889
3896,695.0370370370371
3897,0
3898,3.824561403508772
3899,3.1785714285714284
3900,0
3901,604.4561403508771
3902,0
3903,3.7586206896551726
3904,8.464285714285714
3905,4.875
3906,10
3907,370.1896551724138
3908,19.178571428571427
3909,706.0185185185185
3910,47.8421052631579
3911,14.545454545454545
3912,7.109090909090909
3913,4.12280701754386
3914,0
3915,4.7894736842105265
3916,4.728813559322034
3917,10.37037037037037
3918,8.563636363636364
3919,31.413793103448278
3920,190.7719298245614
3921,18.392857142857142
3922,1.5689655172413792
3923,0
3924,4.166666666666667
3925,16.93103448275862
3926,0
3927,46.472727272727276
3928,21.01818181818182
3929,7.379310344827586
3930,0
3931,0
3932,3.090909090909091
3933,7.379310344827586
3934,7.872727272727273
3935,6.913793103448276
3936,14.8
3937,0
3938,4.5344827586206895
3939,7.781818181818182
3940,79.20689655172414
3941,1.75
3942,0
3943,17.70689655172414
3944,23.912280701754387
3945,20
3946,0
3947,0
3948,142
3949,655.1785714285714
3950,30.087719298245613
3951,0
3952,7.357142857142857
3953,34.771929824561404
3954,24.642857142857142
3955,4.607142857142857
3956,17.964912280701753
3957,31.280701754385966
3958,252.89655172413794
3959,458.7962962962963
3960,824.5
3961,3.0545454545454547
3962,3.7857142857142856
3963,12.224137931034482
3964,17.92982456140351
3965,4.472727272727273
3966,4.241379310344827
3967,12.392857142857142
3968,0
3969,4.781818181818182
3970,19.275862068965516
3971,276.5438596491228
3972,58.851851851851855
3973,2.9473684210526314
3974,2.425925925925926
3975,0
3976,24.280701754385966
3977,29.19298245614035
3978,16.56896551724138
3979,0
3980,15.964285714285714
3981,19.614035087719298
3982,12.481481481481481
3983,92.52631578947368
3984,2.9473684210526314
3985,15.568965517241379
3986,9.807017543859649
3987,4.155172413793103
3988,0
3989,440.9259259259259
3990,0
3991,8.072727272727272
3992,16.448275862068964
3993,10.2
3994,306.64814814814815
3995,13.785714285714286
3996,7.586206896551724
3997,12.741379310344827
3998,14.607142857142858
3999,11.089285714285714
4000,11.982758620689655
4001,2.4423076923076925
4002,4.636363636363637
4003,0
4004,13.745762711864407
4005,7.321428571428571
4006,8.344827586206897
4007,273.64285714285717
4008,30.178571428571427
4009,6.196428571428571
4010,20.5
4011,4.218181818181818
4012,4.763636363636364
4013,1.8596491228070176
4014,2.1578947368421053
4015,20.166666666666668
4016,43.642857142857146
4017,0
4018,3
4019,0
4020,20.614035087719298
4021,2.912280701754386
4022,0
4023,20.654545454545456
4024,10997.267857142857
4025,42.280701754385966
4026,32.611111111111114
4027,37.01923076923077
4028,40.767857142857146
4029,14.2
4030,1.736842105263158
4031,8.642857142857142
4032,7
4033,4.660714285714286
4034,797.6181818181818
4035,220.94736842105263
4036,10.771929824561404
4037,0
4038,155.08474576271186
4039,27.581818181818182
4040,3.909090909090909
4041,3.8392857142857144
4042,36.592592592592595
4043,19.596491228070175
4044,8.403508771929825
4045,4.285714285714286
4046,605
4047,17.327272727272728
4048,7.821428571428571
4049,75.94827586206897
4050,88.94545454545455
4051,0
4052,0
4053,0
4054,7.5
4055,8.11111111111111
4056,293.9298245614035
4057,40.527272727272724
4058,2.107142857142857
4059,1.7678571428571428
4060,0
4061,0
4062,7.127272727272727
4063,8.189655172413794
4064,12.859649122807017
4065,699.2413793103449
4066,220.46428571428572
4067,40.03448275862069
4068,18.90909090909091
4069,2.740740740740741
4070,5.258620689655173
4071,43.56140350877193
4072,275.70175438596493
4073,381.7818181818182
4074,207.56140350877192
4075,10.228070175438596
4076,23.5
4077,0
4078,16.45614035087719
4079,4.1454545454545455
4080,2.719298245614035
4081,8.482142857142858
4082,4.232142857142857
4083,7.7368421052631575
4084,17.43859649122807
4085,13.857142857142858
4086,40.44642857142857
4087,0
4088,4.584905660377358
4089,12.736842105263158
4090,18.472727272727273
4091,3.7857142857142856
4092,2.272727272727273
4093,10.218181818181819
4094,20.603448275862068
4095,8.333333333333334
4096,2.982142857142857
4097,497.25925925925924
4098,155.01818181818183
4099,49.22222222222222
4100,21.482142857142858
4101,11.758620689655173
4102,0
4103,0
4104,0
4105,0
4106,16.620689655172413
4107,21.727272727272727
4108,5.285714285714286
4109,4.0181818181818185
4110,5.672413793103448
4111,27.446428571428573
4112,213.25
4113,189.1578947368421
4114,2.685185185185185
4115,0
4116,39.892857142857146
4117,391.2280701754386
4118,155.87272727272727
4119,131.80357142857142
4120,15.140350877192983
4121,0
4122,0
4123,33.836363636363636
4124,50.70175438596491
4125,51.29090909090909
4126,13.175438596491228
4127,2.5172413793103448
4128,2.56140350877193
4129,2.6315789473684212
4130,2.793103448275862
4131,0
4132,299.375
4133,160.35087719298247
4134,65.2909090909091
4135,47.732142857142854
4136,14.75
4137,26.272727272727273
4138,9.368421052631579
4139,0
4140,0
4141,0
4142,0
4143,4.931034482758621
4144,3.9272727272727272
4145,259.140350877193
4146,2.9649122807017543
4147,0
4148,0
4149,0
4150,9.37037037037037
4151,5.107142857142857
4152,2.456140350877193
4153,0
4154,0
4155,7.375
4156,202.42857142857142
4157,85.42857142857143
4158,3.0727272727272728
4159,0
4160,18.62962962962963
4161,4.362068965517241
4162,1221.9038461538462
4163,0
4164,18.29090909090909
4165,0
4166,2.6346153846153846
4167,15.660714285714286
4168,27.181818181818183
4169,51.074074074074076
4170,20.948275862068964
4171,4.946428571428571
4172,4.982142857142857
4173,2.4035087719298245
4174,19.607142857142858
4175,408.70175438596493
4176,314.0175438596491
4177,263.2142857142857
4178,103.92727272727272
4179,48.22222222222222
4180,0
4181,0
4182,2.4464285714285716
4183,2.4285714285714284
4184,9.210526315789474
4185,9.545454545454545
4186,186.42857142857142
4187,31.035714285714285
4188,0
4189,6.946428571428571
4190,0
4191,107.36206896551724
4192,153.52631578947367
4193,74.94915254237289
4194,9.052631578947368
4195,17.551724137931036
4196,0
4197,518.3090909090909
4198,142.2
4199,68.19298245614036
4200,161.33333333333334
4201,46.824561403508774
4202,70.27777777777777
4203,33.163636363636364
4204,86.2909090909091
4205,3.1636363636363636
4206,13.018181818181818
4207,14.915254237288135
4208,16.5
4209,3.9814814814814814
4210,459.5263157894737
4211,183.92727272727274
4212,44.67272727272727
4213,33.642857142857146
4214,4.810344827586207
4215,62.224137931034484
4216,78.23636363636363
4217,49.910714285714285
4218,0
4219,9.327586206896552
4220,0
4221,2.4909090909090907
4222,2.4464285714285716
4223,10.140350877192983
4224,97.21052631578948
4225,246.49122807017545
4226,53.50909090909091
4227,0
4228,0
4229,487.14285714285717
4230,68.85454545454546
4231,45.345454545454544
4232,21.596491228070175
4233,2.1607142857142856
4234,13.913793103448276
4235,2.5849056603773586
4236,2.491228070175439
4237,10.127272727272727
4238,38.17857142857143
4239,38.872727272727275
4240,539.7543859649123
4241,551.925925925926
4242,63.8
4243,86.24561403508773
4244,0
4245,2.2
4246,2.963636363636364
4247,3.425925925925926
4248,8.53448275862069
4249,10.50909090909091
4250,541.4642857142857
4251,103.01724137931035
4252,104.52727272727273
4253,2503.2727272727275
4254,98.875
4255,4.592592592592593
4256,0
4257,3.4035087719298245
4258,12.964912280701755
4259,112.91228070175438
4260,22.894736842105264
4261,39.44642857142857
4262,70.6842105263158
4263,18.719298245614034
4264,74.74074074074075
4265,20.5
4266,0
4267,14.071428571428571
4268,8.68421052631579
4269,3.425925925925926
4270,16.642857142857142
4271,286.8363636363636
4272,37.607142857142854
4273,0
4274,280
4275,255.01724137931035
4276,50.45614035087719
4277,57.875
4278,17.842105263157894
4279,0
4280,64.45454545454545
4281,7.385964912280702
4282,8.142857142857142
4283,0
4284,31.26923076923077
4285,0
4286,12.035087719298245
4287,305.85714285714283
4288,228.35714285714286
4289,319.76785714285717
4290,16.637931034482758
4291,0
4292,0
4293,61.574074074074076
4294,5.571428571428571
4295,19.166666666666668
4296,29.53448275862069
4297,25.339285714285715
4298,33.75
4299,2.9827586206896552
4300,26.142857142857142
4301,17.535714285714285
4302,0
4303,10.741379310344827
4304,19.160714285714285
4305,13.137931034482758
4306,245.61818181818182
4307,379.45762711864404
4308,13.368421052631579
4309,22.037037037037038
4310,376.6545454545454
4311,6.218181818181818
4312,19.303571428571427
4313,512.1272727272727
4314,64.15789473684211
4315,31.436363636363637
4316,6.218181818181818
4317,17.410714285714285
4318,178.17307692307693
4319,69.91071428571429
4320,0
4321,5.896551724137931
4322,8.272727272727273
4323,13.12280701754386
4324,752.0555555555555
4325,1.962962962962963
4326,8.892857142857142
4327,410.98214285714283
4328,75.35087719298245
4329,2.019230769230769
4330,1.8928571428571428
4331,3.107142857142857
4332,263.22033898305085
4333,1.8518518518518519
4334,1.8518518518518519
4335,10.982758620689655
4336,0
4337,3
4338,3.2
4339,89.57407407407408
4340,280.9824561403509
4341,146.03703703703704
4342,62.016949152542374
4343,2.6842105263157894
4344,1.962962962962963
4345,343.3636363636364
4346,2.5789473684210527
4347,6.428571428571429
4348,1.8928571428571428
4349,9.267857142857142
4350,46.232142857142854
4351,465.98148148148147
4352,318.80357142857144
4353,108.03508771929825
4354,12.945454545454545
4355,6.125
4356,6.490909090909091
4357,86.2
4358,5.055555555555555
4359,3.456140350877193
4360,4.631578947368421
4361,10.196428571428571
4362,136.89285714285714
4363,40.125
4364,63.01754385964912
4365,8.017241379310345
4366,8.277777777777779
4367,37.280701754385966
4368,127.26315789473684
4369,16.894736842105264
4370,294.3818181818182
4371,31.267857142857142
4372,50.58620689655172
4373,4.052631578947368
4374,54.70175438596491
4375,478.01851851851853
4376,23.703703703703702
4377,52.2
4378,18.80701754385965
4379,121.6923076923077
4380,13.035087719298245
4381,313.48214285714283
4382,286.625
4383,2.2758620689655173
4384,47.160714285714285
4385,25.54385964912281
4386,94.96363636363637
4387,103.57142857142857
4388,4.964285714285714
4389,70.25862068965517
4390,37.51724137931034
4391,3.2962962962962963
4392,389.70175438596493
4393,1242.448275862069
4394,76.44444444444444
4395,61.92727272727273
4396,59.92857142857143
4397,13.072727272727272
4398,36.19298245614035
4399,6.535714285714286
4400,4.462962962962963
4401,32.228070175438596
4402,90.84210526315789
4403,47.793103448275865
4404,56.38181818181818
4405,129.53571428571428
4406,3.767857142857143
4407,8.946428571428571
4408,98.49122807017544
4409,100.63157894736842
4410,139.89473684210526
4411,9
4412,2.192982456140351
4413,17.43103448275862
4414,419.64912280701753
4415,126.76363636363637
4416,61.092592592592595
4417,88.10909090909091
4418,2677.5087719298244
4419,182.78181818181818
4420,89.21052631578948
4421,25.642857142857142
4422,421.44642857142856
4423,305.50877192982455
4424,43.8448275862069
4425,47.945454545454545
4426,6.490909090909091
4427,17.196428571428573
4428,28.375
4429,87.38181818181818
4430,8053.145454545454
4431,537.6428571428571
4432,466.08620689655174
4433,39.61818181818182
4434,12.568965517241379
4435,3.6964285714285716
4436,590.8333333333334
4437,490.462962962963
4438,27.818181818181817
4439,40.58620689655172
4440,3.5084745762711864
4441,48.03636363636364
4442,37.4
4443,25.859649122807017
4444,179.03703703703704
4445,372.17241379310343
4446,232.17857142857142
4447,0
4448,26.163636363636364
4449,375.92857142857144
4450,219.35714285714286
4451,0
4452,5.894736842105263
4453,4.12962962962963
4454,63.472727272727276
4455,127.13793103448276
4456,28
4457,0
4458,67.47368421052632
4459,149.52631578947367
4460,7.446428571428571
4461,198.1578947368421
4462,5.508771929824562
4463,5.709090909090909
4464,2888.8928571428573
4465,5.9245283018867925
4466,35.12280701754386
4467,66.72413793103448
4468,556.0175438596491
4469,64.9090909090909
4470,62.98148148148148
4471,426.67241379310343
4472,0
4473,18
4474,17.68421052631579
4475,102.47368421052632
4476,2927
4477,384.57894736842104
4478,493.4736842105263
4479,113.27272727272727
4480,31.53846153846154
4481,396
4482,928.5714285714286
4483,296.1090909090909
4484,38.3859649122807
4485,46.339285714285715
4486,1531.2857142857142
4487,101.91071428571429
4488,258.4074074074074
4489,38.21052631578947
4490,180.98245614035088
4491,150.17857142857142
4492,91.125
4493,183.89285714285714
4494,176.72222222222223
4495,17.87272727272727
4496,110.0576923076923
4497,351.60714285714283
4498,17998.98214285714
4499,32
4500,218.11111111111111
4501,100.22413793103448
4502,80.21052631578948
4503,136.4181818181818
4504,292.13793103448273
4505,2.4464285714285716
4506,276.625
4507,1089.2545454545455
4508,137.59649122807016
4509,13102.894736842105
4510,47.21052631578947
4511,80.58181818181818
4512,112.34482758620689
4513,163.140350877193
4514,57.43859649122807
4515,210.60344827586206
4516,26.107142857142858
4517,117.6
4518,131.5
4519,59.089285714285715
4520,118.51785714285714
4521,921.1428571428571
4522,66.84482758620689
4523,34.91379310344828
4524,214.25925925925927
4525,7327.631578947368
4526,84.10526315789474
4527,216.75862068965517
4528,37.68421052631579
4529,56.58181818181818
4530,1222.7777777777778
4531,86.87272727272727
4532,39.857142857142854
4533,123.33928571428571
4534,48.85964912280702
4535,41.12280701754386
4536,69.91379310344827
4537,264.2181818181818
4538,51.31481481481482
4539,34.80357142857143
4540,56.964285714285715
4541,143.79310344827587
4542,17.859649122807017
4543,132.7719298245614
4544,22.22222222222222
4545,23.490909090909092
4546,16.436363636363637
4547,11.363636363636363
4548,25.350877192982455
4549,78.43859649122807
4550,10.775862068965518
4551,9.6
4552,76.19642857142857
4553,45.892857142857146
4554,662.1964285714286
4555,115.51785714285714
4556,113.43636363636364
4557,160.94642857142858
4558,10.88888888888889
4559,22.818181818181817
4560,1.6140350877192982
4561,154.3859649122807
4562,304.6545454545454
4563,77.65454545454546
4564,9.392857142857142
4565,27.214285714285715
4566,1327.1454545454546
4567,8.574074074074074
4568,38.36206896551724
4569,317.48214285714283
4570,504.859649122807
4571,407.9818181818182
4572,108.36842105263158
4573,157.10714285714286
4574,153.19642857142858
4575,142.6315789473684
4576,130.375
4577,287.4107142857143
4578,156.64912280701753
4579,154.9298245614035
4580,355.8703703703704
4581,1915.2241379310344
4582,337.3333333333333
4583,1967.7037037037037
4584,26.625
4585,79.82456140350877
4586,412.3965517241379
4587,103.60344827586206
4588,24.178571428571427
4589,1742.25
4590,1149.421052631579
4591,19.736842105263158
4592,16.642857142857142
4593,73.42857142857143
4594,148.05357142857142
4595,19.25862068965517
4596,122.14035087719299
4597,201.4561403508772
4598,67.59649122807018
4599,30.859649122807017
4600,34.07272727272727
4601,30.40740740740741
4602,29.267857142857142
4603,47.666666666666664
4604,23.509090909090908
4605,34.98148148148148
4606,25.56140350877193
4607,33.607142857142854
4608,22.12727272727273
4609,10.654545454545454
4610,14.781818181818181
4611,18.517241379310345
4612,15.148148148148149
4613,197.875
4614,11.072727272727272
4615,0
4616,13.87037037037037
4617,19.09090909090909
4618,374.7368421052632
4619,2.192982456140351
4620,31.946428571428573
4621,44.910714285714285
4622,48.40350877192982
4623,11.296296296296296
4624,61.410714285714285
4625,28.553571428571427
4626,39.81481481481482
4627,86.41071428571429
4628,20.254545454545454
4629,8.462962962962964
4630,106.1896551724138
4631,73.91228070175438
4632,23.724137931034484
4633,38.945454545454545
4634,24.964912280701753
4635,37.3448275862069
4636,91.32758620689656
4637,25.46551724137931
4638,75
4639,33.175438596491226
4640,144.47368421052633
4641,131.27777777777777
4642,60.49122807017544
4643,87.42105263157895
4644,27.53448275862069
4645,4.982456140350878
4646,5.452830188679245
4647,57.228070175438596
4648,56.05263157894737
4649,10.846153846153847
4650,5
4651,41.22222222222222
4652,6.392857142857143
4653,32.61818181818182
4654,149.5344827586207
4655,40.87931034482759
4656,60.45454545454545
4657,71.98214285714286
4658,70.55172413793103
4659,69.8
4660,24.267857142857142
4661,73.80357142857143
4662,62
4663,53.32727272727273
4664,8.018518518518519
4665,18.285714285714285
4666,29.12727272727273
4667,268.125
4668,65.56363636363636
4669,65.15789473684211
4670,279.64912280701753
4671,61.472727272727276
4672,102.78181818181818
4673,130.25454545454545
4674,2.625
4675,873.2884615384615
4676,2.625
4677,5.192982456140351
4678,5.232142857142857
4679,30.125
4680,56.75
4681,3243.719298245614
4682,61.724137931034484
4683,7.140350877192983
4684,5253.303571428572
4685,182.42857142857142
4686,445.05172413793105
4687,23.745454545454546
4688,293.85185185185185
4689,155.6551724137931
4690,15.618181818181819
4691,75.78181818181818
4692,118.25
4693,199.3272727272727
4694,101.2
4695,501.9310344827586
4696,1763.9122807017543
4697,198.48214285714286
4698,135.75438596491227
4699,69.47457627118644
4700,72.96296296296296
4701,0.10714285714285714
4702,20.964912280701753
4703,98.6842105263158
4704,1.0350877192982457
4705,0.8070175438596491
4706,1.1818181818181819
4707,48.836363636363636
4708,150.12727272727273
4709,44.94642857142857
4710,232.77777777777777
4711,78.36842105263158
4712,134.91071428571428
4713,55.37931034482759
4714,347.6034482758621
4715,2.6842105263157894
4716,64.29310344827586
4717,53.05555555555556
4718,56.89090909090909
4719,63.05357142857143
4720,261.2456140350877
4721,47.129629629629626
4722,533.8181818181819
4723,51.526315789473685
4724,184.71428571428572
4725,196.6727272727273
4726,118.625
4727,109.44444444444444
4728,129.80701754385964
4729,140.39285714285714
4730,106.19642857142857
4731,64.0701754385965
4732,161.72727272727272
4733,339.51785714285717
4734,70.69642857142857
4735,438.3333333333333
4736,51.706896551724135
4737,19.836363636363636
4738,108.89285714285714
4739,42.44827586206897
4740,49.80357142857143
4741,109.20370370370371
4742,114.01851851851852
4743,67.03571428571429
4744,33.714285714285715
4745,22.379310344827587
4746,27.45614035087719
4747,26.365384615384617
4748,13.375
4749,64.78846153846153
4750,18487.964285714286
4751,40.31578947368421
4752,48.43859649122807
4753,64.10909090909091
4754,43.172413793103445
4755,26.053571428571427
4756,57.421052631578945
4757,53.89090909090909
4758,46.206896551724135
4759,161.45454545454547
4760,234.3090909090909
4761,135
4762,17469.53448275862
4763,125.84210526315789
4764,119
4765,76.10344827586206
4766,205.68421052631578
4767,1.0545454545454545
4768,23.473684210526315
4769,66.89473684210526
4770,1587.6666666666667
4771,43.166666666666664
4772,33.46551724137931
4773,42.19642857142857
4774,333.51785714285717
4775,71.06896551724138
4776,24.836363636363636
4777,1382.5636363636363
4778,10.6
4779,25.87272727272727
4780,390.07142857142856
4781,283.25
4782,62.728813559322035
4783,140.33333333333334
4784,57.82142857142857
4785,177.85454545454544
4786,100.78947368421052
4787,96.59649122807018
4788,52.526315789473685
4789,187.08928571428572
4790,69.60714285714286
4791,26.490909090909092
4792,24.181818181818183
4793,16.285714285714285
4794,0
4795,59
4796,21.09090909090909
4797,141.4561403508772
4798,58.964285714285715
4799,121.83928571428571
4800,12.444444444444445
4801,19.464285714285715
4802,10.392857142857142
4803,124.67857142857143
4804,117.40350877192982
4805,117.01785714285714
4806,13.163636363636364
4807,19.280701754385966
4808,26.714285714285715
4809,1.709090909090909
4810,35.69642857142857
4811,59.578947368421055
4812,40.29824561403509
4813,12.701754385964913
4814,7.017543859649122
4815,0.8070175438596491
4816,48.666666666666664
4817,106.58181818181818
4818,0
4819,25.910714285714285
4820,17
4821,5.431034482758621
4822,0
4823,0
4824,6.685185185185185
4825,24.473684210526315
4826,16.333333333333332
4827,8.703703703703704
4828,68.80357142857143
4829,64.60714285714286
4830,38.75
4831,57.46551724137931
4832,35.69642857142857
4833,22.826923076923077
4834,26.462962962962962
4835,134.2962962962963
4836,342.23636363636365
4837,297.9824561403509
4838,139.85714285714286
4839,93.65517241379311
4840,11.107142857142858
4841,47.07142857142857
4842,28.93103448275862
4843,16.31578947368421
4844,122.83050847457628
4845,2.086206896551724
4846,69.29310344827586
4847,1.5263157894736843
4848,12.654545454545454
4849,4.314814814814815
4850,41.425925925925924
4851,237.70909090909092
4852,0
4853,0
4854,24.37735849056604
4855,0
4856,5.553571428571429
4857,3.9649122807017543
4858,0
4859,0
4860,125.5
4861,0
4862,23.75925925925926
4863,32.464285714285715
4864,49.44230769230769
4865,1.7678571428571428
4866,10.321428571428571
4867,12.125
4868,50.67272727272727
4869,2.23728813559322
4870,43.148148148148145
4871,17.660714285714285
4872,11.706896551724139
4873,12.345454545454546
4874,71.07142857142857
4875,63.285714285714285
4876,21.803571428571427
4877,2.4444444444444446
4878,8.309090909090909
4879,8.807017543859649
4880,2.6491228070175437
4881,2.4444444444444446
4882,4.696428571428571
4883,3.280701754385965
4884,17.385964912280702
4885,0
4886,210.625
4887,5.857142857142857
4888,64.28070175438596
4889,25.69090909090909
4890,23.654545454545456
4891,88.9090909090909
4892,4.446428571428571
4893,5.857142857142857
4894,22.25925925925926
4895,4.696428571428571
4896,14.767857142857142
4897,17.719298245614034
4898,12.375
4899,10.660714285714286
4900,36.91379310344828
4901,41.228070175438596
4902,9.61111111111111
4903,205.23076923076923
4904,7.3584905660377355
4905,7.875
4906,18.77777777777778
4907,0
4908,12.578947368421053
4909,58.07017543859649
4910,4.618181818181818
4911,0
4912,0
4913,104.36363636363636
4914,0
4915,0
4916,0
4917,14.763636363636364
4918,18.375
4919,23.214285714285715
4920,14.927272727272728
4921,14.982142857142858
4922,0
4923,12.379310344827585
4924,12.821428571428571
4925,14.46551724137931
4926,0
4927,8.4
4928,6.842105263157895
4929,3.685185185185185
4930,3.5636363636363635
4931,19.719298245614034
4932,6.796296296296297
4933,4.071428571428571
4934,3.9310344827586206
4935,7.462962962962963
4936,0.6785714285714286
4937,0.5454545454545454
4938,17.163636363636364
4939,7.109090909090909
4940,21.796296296296298
4941,11.571428571428571
4942,2.8392857142857144
4943,7.857142857142857
4944,0
4945,0
4946,10.578947368421053
4947,6.9818181818181815
4948,10.68421052631579
4949,29.875
4950,255.60714285714286
4951,59.07142857142857
4952,106.6842105263158
4953,43.392857142857146
4954,102.45614035087719
4955,77.375
4956,63.41818181818182
4957,29.982758620689655
4958,12.907407407407407
4959,7.888888888888889
4960,64.36842105263158
4961,62.08771929824562
4962,59.17307692307692
4963,8.303571428571429
4964,14.915254237288135
4965,4.428571428571429
4966,64.05357142857143
4967,21.74137931034483
4968,41.10909090909091
4969,7.910714285714286
4970,42.29090909090909
4971,39.5
4972,56.56140350877193
4973,233.82758620689654
4974,4.203703703703703
4975,14.092592592592593
4976,8.421052631578947
4977,16.803571428571427
4978,16.50877192982456
4979,16.224137931034484
4980,6.87037037037037
4981,58.12068965517241
4982,16.037735849056602
4983,45.85964912280702
4984,400.87931034482756
4985,46.67857142857143
4986,61.440677966101696
4987,372.54545454545456
4988,20.035714285714285
4989,18.35185185185185
4990,13.913793103448276
4991,13.660714285714286
4992,115.86206896551724
4993,120.19298245614036
4994,14.267857142857142
4995,19.767857142857142
4996,6.87719298245614
4997,81.3859649122807
4998,20.310344827586206
4999,53.714285714285715
5000,66.54237288135593
